IMU,3209746910,7.937500,2.875000,3.375000,0.063721,0.076172,-1.018311
IMU,3209750908,8.500000,2.812500,2.875000,0.063965,0.076660,-1.020020
IMU,3209755911,9.312500,2.625000,2.562500,0.064697,0.077881,-1.020020
IMU,3209759908,8.937500,2.250000,3.437500,0.063477,0.078125,-1.019531
IMU,3209764910,8.250000,2.687500,2.437500,0.061523,0.077148,-1.019531
IMU,3209768909,8.062500,2.875000,1.500000,0.061768,0.076416,-1.017334
IMU,3209773910,7.687500,3.000000,1.437500,0.061523,0.077148,-1.017334
IMU,3209777908,9.000000,2.562500,1.875000,0.062012,0.076904,-1.018311
IMU,3209782911,8.437500,2.437500,1.625000,0.063721,0.076660,-1.018799
IMU,3209787908,8.375000,3.062500,1.687500,0.062988,0.076416,-1.019043
IMU,3209791910,8.250000,2.875000,1.500000,0.062744,0.076904,-1.019775
IMU,3209796909,9.062500,4.062500,0.500000,0.062988,0.077148,-1.021729
IMU,3209800910,8.375000,3.625000,-0.375000,0.062988,0.076660,-1.021484
IMU,3209805908,7.875000,3.500000,-0.125000,0.062500,0.075439,-1.019775
IMU,3209809911,7.625000,2.750000,0.687500,0.063477,0.075439,-1.020264
IMU,3209814908,8.062500,3.000000,0.937500,0.063965,0.076660,-1.017578
IMU,3209819910,7.500000,3.375000,1.187500,0.062988,0.076172,-1.017822
IMU,3209823909,7.687500,3.562500,1.250000,0.061523,0.076172,-1.018066
IMU,3209828910,7.687500,3.500000,0.500000,0.062012,0.077393,-1.018311
IMU,3209832908,7.875000,3.375000,0.312500,0.061768,0.078125,-1.019287
IMU,3209837911,8.000000,3.875000,1.437500,0.061035,0.074707,-1.020264
IMU,3209841908,8.000000,3.437500,0.812500,0.060791,0.075195,-1.022217
IMU,3209846910,7.312500,4.375000,0.750000,0.062012,0.076904,-1.021729
IMU,3209851909,7.625000,4.312500,0.875000,0.062256,0.076904,-1.019043
IMU,3209855910,7.687500,3.937500,-0.187500,0.061279,0.075928,-1.018311
IMU,3209860908,8.437500,4.250000,-0.625000,0.061523,0.076660,-1.016113
IMU,3209864911,8.687500,4.437500,0.312500,0.062744,0.076172,-1.016113
IMU,3209869908,8.187500,4.437500,0.250000,0.063721,0.076416,-1.018555
IMU,3209873910,8.500000,4.750000,0.937500,0.063477,0.076416,-1.020020
IMU,3209878909,8.562500,4.562500,0.562500,0.063965,0.074463,-1.019775
IMU,3209882910,8.062500,3.625000,0.562500,0.063232,0.074951,-1.020996
IMU,3209887908,7.625000,4.000000,0.875000,0.063477,0.074951,-1.020996
IMU,3209892911,8.312500,4.562500,1.500000,0.063965,0.074951,-1.020508
IMU,3209896908,9.000000,4.187500,1.437500,0.063721,0.075439,-1.019775
IMU,3209901910,8.937500,4.625000,0.437500,0.063232,0.076172,-1.017578
IMU,3209905909,8.750000,4.937500,1.000000,0.062256,0.076904,-1.016602
IMU,3209910910,8.500000,5.437500,0.875000,0.060303,0.077881,-1.017090
IMU,3209914908,9.062500,5.000000,0.750000,0.060547,0.075928,-1.018066
IMU,3209919911,8.437500,4.750000,0.937500,0.061768,0.076172,-1.019531
IMU,3209924908,9.000000,4.312500,-0.312500,0.060303,0.076172,-1.020996
IMU,3209928910,8.750000,5.187500,-0.437500,0.060791,0.075439,-1.021240
IMU,3209933909,8.062500,4.875000,0.687500,0.062744,0.075928,-1.020508
IMU,3209937910,8.250000,3.937500,0.062500,0.062500,0.075439,-1.020264
IMU,3209942908,8.625000,4.437500,0.812500,0.062500,0.075439,-1.018799
IMU,3209946911,8.875000,4.437500,0.375000,0.062744,0.074707,-1.018799
IMU,3209951908,9.125000,3.562500,0.687500,0.062012,0.074951,-1.019531
IMU,3209955910,8.375000,3.437500,0.437500,0.062744,0.076660,-1.018799
IMU,3209960909,8.750000,3.250000,-0.562500,0.061279,0.077148,-1.018799
IMU,3209965910,8.875000,2.562500,-0.375000,0.060547,0.075195,-1.017822
IMU,3209969908,8.437500,2.687500,-0.687500,0.062500,0.075684,-1.019287
IMU,3209974911,8.937500,3.687500,-0.250000,0.062256,0.076660,-1.019043
IMU,3209978908,8.437500,3.250000,0.687500,0.060791,0.076172,-1.019043
IMU,3209983910,7.875000,3.437500,1.437500,0.062256,0.075195,-1.018311
IMU,3209987909,8.125000,3.625000,1.125000,0.060547,0.076660,-1.017578
IMU,3209992910,7.125000,3.375000,0.000000,0.061523,0.076904,-1.018311
IMU,3209997908,7.812500,3.625000,-0.250000,0.061768,0.076904,-1.017578
IMU,3210001911,8.000000,3.187500,-0.125000,0.060547,0.076172,-1.018311
IMU,3210006908,8.250000,2.062500,-0.125000,0.060303,0.076904,-1.019531
IMU,3210010910,8.187500,3.500000,0.125000,0.061523,0.077148,-1.017334
IMU,3210015909,8.437500,4.000000,0.437500,0.062012,0.076416,-1.016846
IMU,3210019910,9.187500,4.375000,1.187500,0.062744,0.075684,-1.019043
IMU,3210024908,9.187500,3.812500,0.062500,0.062256,0.075684,-1.020020
IMU,3210029911,8.875000,3.500000,-0.312500,0.062744,0.075195,-1.016602
IMU,3210033908,8.750000,3.625000,-0.500000,0.062988,0.075439,-1.017578
IMU,3210038910,8.750000,3.687500,-0.500000,0.061279,0.074707,-1.021240
IMU,3210042909,8.000000,3.187500,-0.062500,0.062012,0.076660,-1.020508
IMU,3210047910,8.687500,3.187500,0.750000,0.063232,0.075195,-1.018311
IMU,3210051908,8.937500,3.625000,1.375000,0.063232,0.075195,-1.017090
IMU,3210056911,8.562500,3.750000,0.562500,0.061768,0.077637,-1.019531
IMU,3210060908,8.625000,3.750000,-0.625000,0.060791,0.076172,-1.020996
IMU,3210065910,9.312500,3.187500,0.125000,0.061523,0.075195,-1.020508
IMU,3210070909,8.562500,3.875000,-0.062500,0.062256,0.075439,-1.018311
IMU,3210074910,8.500000,3.812500,-0.125000,0.062256,0.077637,-1.017090
IMU,3210079908,7.687500,3.562500,0.687500,0.062012,0.077881,-1.019043
IMU,3210083911,7.937500,3.312500,1.062500,0.062988,0.076416,-1.019531
IMU,3210088908,7.812500,2.750000,0.125000,0.062500,0.075928,-1.020264
IMU,3210092910,7.125000,2.750000,-0.187500,0.062744,0.075684,-1.019043
IMU,3210097909,6.687500,3.312500,0.312500,0.062988,0.075195,-1.019775
IMU,3210102910,6.500000,3.875000,0.125000,0.063721,0.075928,-1.019775
IMU,3210106908,7.500000,3.375000,0.187500,0.062988,0.076660,-1.018311
IMU,3210111911,6.875000,4.062500,0.812500,0.062256,0.075928,-1.020020
IMU,3210115908,6.625000,3.750000,0.625000,0.063477,0.075684,-1.020264
IMU,3210120910,6.375000,2.625000,-0.687500,0.063721,0.075439,-1.019531
IMU,3210124909,6.687500,3.062500,-0.312500,0.063477,0.075684,-1.022461
IMU,3210129910,7.625000,3.125000,-0.250000,0.063232,0.076172,-1.020020
IMU,3210133908,7.562500,3.375000,-0.125000,0.062500,0.076660,-1.019287
IMU,3210138911,6.875000,3.312500,0.625000,0.063232,0.076172,-1.020020
IMU,3210143908,7.437500,3.000000,0.500000,0.062988,0.076172,-1.017822
IMU,3210147910,7.125000,3.125000,0.437500,0.062256,0.074951,-1.019287
IMU,3210152909,6.750000,4.062500,0.812500,0.062012,0.074951,-1.020752
IMU,3210156910,6.625000,3.687500,0.250000,0.062012,0.075684,-1.020508
IMU,3210161908,7.187500,3.750000,0.250000,0.061768,0.075439,-1.019531
IMU,3210165911,7.437500,3.562500,1.062500,0.062256,0.074951,-1.018311
IMU,3210170908,6.750000,3.625000,0.812500,0.062744,0.075439,-1.019287
IMU,3210175910,6.875000,3.250000,0.500000,0.061768,0.075684,-1.019043
IMU,3210179909,7.250000,3.125000,0.312500,0.062500,0.076416,-1.017334
IMU,3210184910,6.937500,4.000000,0.062500,0.061523,0.076416,-1.017822
IMU,3210188908,7.687500,4.500000,-0.062500,0.061523,0.076416,-1.019043
IMU,3210193911,7.500000,4.062500,-0.437500,0.062012,0.075195,-1.018555
IMU,3210197908,8.000000,3.250000,0.312500,0.061279,0.076172,-1.019043
IMU,3210202910,7.687500,3.437500,0.375000,0.062012,0.076660,-1.018555
IMU,3210206909,6.562500,3.125000,0.437500,0.062988,0.076904,-1.018311
IMU,3210211910,6.437500,2.750000,0.187500,0.062744,0.075928,-1.018066
IMU,3210216908,7.125000,3.437500,0.312500,0.062012,0.076660,-1.019287
IMU,3210220911,6.437500,3.125000,0.187500,0.062500,0.077393,-1.020020
IMU,3210225908,6.687500,3.312500,-0.500000,0.063477,0.075928,-1.020020
IMU,3210229910,7.000000,2.875000,0.437500,0.062988,0.077148,-1.020508
IMU,3210234909,7.125000,2.625000,1.250000,0.062744,0.077637,-1.018555
IMU,3210238910,6.687500,3.250000,1.062500,0.062256,0.077637,-1.017822
IMU,3210243908,6.937500,3.500000,0.562500,0.062256,0.078125,-1.019531
IMU,3210248911,7.062500,3.187500,0.562500,0.063232,0.078613,-1.020020
IMU,3210252908,7.437500,3.687500,-0.187500,0.063232,0.076416,-1.017578
IMU,3210257910,7.437500,3.500000,0.875000,0.062500,0.076660,-1.018311
IMU,3210261909,7.125000,2.937500,1.312500,0.062256,0.076660,-1.017822
IMU,3210266910,7.562500,2.500000,1.125000,0.062256,0.076904,-1.016602
IMU,3210270908,8.000000,3.125000,1.125000,0.063232,0.077148,-1.017822
IMU,3210275911,8.062500,3.125000,0.062500,0.064209,0.077148,-1.020264
IMU,3210280908,7.687500,3.125000,1.125000,0.064697,0.076416,-1.019531
IMU,3210284910,7.000000,3.687500,0.812500,0.063232,0.075928,-1.019775
IMU,3210289909,6.875000,2.875000,0.312500,0.062744,0.076172,-1.019043
IMU,3210293910,7.500000,2.875000,-0.062500,0.062012,0.074951,-1.017822
IMU,3210298908,8.625000,2.937500,-0.062500,0.062744,0.075439,-1.019287
IMU,3210302911,7.687500,3.312500,0.000000,0.063477,0.074707,-1.020020
IMU,3210307908,6.562500,3.312500,0.375000,0.062744,0.075928,-1.020264
IMU,3210311910,6.500000,3.687500,1.000000,0.062988,0.074707,-1.019043
IMU,3210316909,7.062500,3.500000,1.125000,0.063232,0.073486,-1.018799
IMU,3210321910,7.687500,3.562500,0.062500,0.063965,0.075684,-1.022217
IMU,3210325908,7.312500,3.500000,0.500000,0.063477,0.075439,-1.015137
IMU,3210330911,6.562500,3.625000,0.250000,0.061523,0.074707,-1.015625
IMU,3210334908,7.062500,3.562500,0.250000,0.062256,0.074707,-1.024658
IMU,3210339910,7.375000,4.125000,0.937500,0.061768,0.074463,-1.022461
IMU,3210343909,7.125000,3.562500,1.625000,0.062500,0.073975,-1.020020
IMU,3210348910,7.687500,3.062500,0.625000,0.063965,0.073975,-1.016846
IMU,3210353908,7.437500,3.625000,0.437500,0.064209,0.073975,-1.017578
IMU,3210357911,8.250000,4.375000,1.187500,0.063965,0.073975,-1.020264
IMU,3210362908,9.437500,4.125000,0.625000,0.062256,0.074463,-1.016846
IMU,3210366910,8.625000,4.125000,0.625000,0.062012,0.076172,-1.017578
IMU,3210371909,8.375000,5.312500,0.250000,0.061523,0.075684,-1.018799
IMU,3210375910,8.562500,5.687500,0.687500,0.061279,0.076904,-1.018799
IMU,3210380908,8.437500,4.562500,1.375000,0.061035,0.076904,-1.021484
IMU,3210384911,8.562500,3.875000,1.000000,0.060547,0.077393,-1.020752
IMU,3210389908,8.687500,4.500000,1.375000,0.061768,0.077881,-1.018066
IMU,3210394910,8.312500,4.562500,1.000000,0.062012,0.079102,-1.019043
IMU,3210398909,7.875000,4.562500,0.000000,0.060791,0.078125,-1.021484
IMU,3210403910,8.312500,5.750000,0.375000,0.062012,0.076904,-1.020996
IMU,3210407908,8.812500,4.812500,0.875000,0.061035,0.077637,-1.020264
IMU,3210412911,8.062500,4.687500,1.000000,0.063477,0.077637,-1.020020
IMU,3210416908,7.062500,4.750000,0.375000,0.065430,0.077148,-1.018066
IMU,3210421910,7.187500,4.250000,0.000000,0.064697,0.075928,-1.019531
IMU,3210426909,7.500000,4.000000,0.312500,0.063965,0.076172,-1.018311
IMU,3210430910,7.250000,3.500000,1.312500,0.065674,0.076904,-1.017578
IMU,3210435908,7.750000,3.312500,0.687500,0.064209,0.076416,-1.017578
IMU,3210439911,8.062500,3.375000,0.125000,0.063232,0.076904,-1.015625
IMU,3210444908,7.750000,3.562500,0.312500,0.063477,0.076660,-1.019775
IMU,3210448910,7.312500,3.125000,-0.312500,0.062500,0.075928,-1.017090
IMU,3210453909,6.687500,2.562500,-0.375000,0.062012,0.076416,-1.014648
IMU,3210458910,6.875000,3.687500,-0.437500,0.061523,0.076660,-1.015137
IMU,3210462908,7.062500,3.875000,0.125000,0.062500,0.077881,-1.018311
IMU,3210467911,7.375000,3.187500,0.437500,0.061768,0.077393,-1.019043
IMU,3210471908,7.312500,3.562500,0.250000,0.061035,0.077393,-1.018799
IMU,3210476910,7.312500,4.437500,0.250000,0.062500,0.077148,-1.020020
IMU,3210480909,7.812500,4.500000,0.125000,0.062500,0.075928,-1.017822
IMU,3210485910,8.812500,4.562500,-0.750000,0.063965,0.074463,-1.018555
IMU,3210489908,9.125000,4.125000,-0.625000,0.062988,0.074951,-1.020752
IMU,3210494911,8.875000,4.062500,0.375000,0.061035,0.074463,-1.016602
IMU,3210499908,8.687500,3.875000,0.687500,0.060547,0.075195,-1.017334
IMU,3210503910,8.437500,4.375000,0.187500,0.061768,0.075439,-1.020508
IMU,3210508909,8.000000,5.125000,0.312500,0.063721,0.075439,-1.022461
IMU,3210512910,8.437500,4.750000,0.187500,0.063232,0.073975,-1.022949
IMU,3210517908,8.375000,4.125000,-0.062500,0.062500,0.074463,-1.020508
IMU,3210521911,8.375000,4.125000,-0.250000,0.062500,0.075928,-1.020996
IMU,3210526908,8.875000,4.687500,-0.250000,0.062988,0.074951,-1.021729
IMU,3210531910,8.812500,4.437500,0.562500,0.063965,0.075439,-1.021484
IMU,3210535909,8.187500,4.187500,0.812500,0.062500,0.075439,-1.020508
IMU,3210540910,8.750000,4.437500,0.937500,0.062500,0.075928,-1.018311
IMU,3210544908,9.312500,4.125000,-0.375000,0.062500,0.076660,-1.018555
IMU,3210549911,8.875000,4.125000,-0.500000,0.062988,0.076172,-1.017822
IMU,3210553908,8.625000,3.812500,0.125000,0.063721,0.075928,-1.016846
IMU,3210558910,8.312500,4.375000,0.625000,0.063477,0.075928,-1.018799
IMU,3210562909,8.375000,4.500000,0.500000,0.062988,0.076660,-1.019287
IMU,3210567910,8.562500,4.625000,0.000000,0.063232,0.077148,-1.015137
IMU,3210572908,9.125000,4.812500,-0.812500,0.062744,0.076416,-1.018311
IMU,3210576911,9.000000,4.812500,0.562500,0.062012,0.076416,-1.023193
IMU,3210581908,8.687500,5.750000,1.687500,0.062988,0.076660,-1.021240
IMU,3210585910,8.187500,5.125000,0.687500,0.062256,0.075928,-1.016602
IMU,3210590909,9.125000,4.937500,-0.062500,0.060059,0.077637,-1.017334
IMU,3210594910,9.937500,4.812500,1.000000,0.059570,0.076660,-1.019531
IMU,3210599908,8.125000,5.062500,0.812500,0.059082,0.078125,-1.019287
IMU,3210604911,8.625000,4.562500,0.562500,0.061279,0.076416,-1.018311
IMU,3210608908,8.750000,4.312500,-0.375000,0.061279,0.077637,-1.018311
IMU,3210613910,8.312500,4.937500,-0.562500,0.061035,0.078125,-1.017822
IMU,3210617909,8.312500,5.437500,0.125000,0.062988,0.077881,-1.018555
IMU,3210622910,8.750000,5.125000,0.437500,0.062988,0.077637,-1.016846
IMU,3210626908,8.875000,4.875000,-0.187500,0.061768,0.076904,-1.016602
IMU,3210631911,8.562500,4.375000,0.125000,0.063232,0.077637,-1.017090
IMU,3210636908,9.062500,4.062500,0.875000,0.065186,0.077393,-1.019287
IMU,3210640910,8.687500,4.375000,0.625000,0.064941,0.076416,-1.018555
IMU,3210645909,8.187500,4.562500,-0.187500,0.064209,0.076172,-1.017578
IMU,3210649910,8.812500,4.375000,1.062500,0.064209,0.076416,-1.020508
IMU,3210654908,8.937500,4.625000,1.250000,0.064453,0.076416,-1.020752
IMU,3210658911,8.312500,4.125000,0.812500,0.064453,0.076660,-1.021729
IMU,3210663908,8.875000,4.312500,-0.062500,0.063477,0.076172,-1.021729
IMU,3210667910,8.562500,4.250000,0.750000,0.061279,0.075684,-1.019775
IMU,3210672909,8.625000,4.187500,0.062500,0.060791,0.075684,-1.018311
IMU,3210677910,8.125000,4.437500,0.375000,0.062256,0.076416,-1.018066
IMU,3210681908,8.187500,3.875000,0.500000,0.061768,0.075684,-1.019287
IMU,3210686911,8.625000,4.625000,0.625000,0.061768,0.075439,-1.019043
IMU,3210690908,9.375000,5.000000,0.062500,0.061523,0.075684,-1.018311
IMU,3210695910,8.125000,5.312500,0.250000,0.061768,0.075928,-1.020752
IMU,3210699909,8.437500,4.062500,0.750000,0.062256,0.075928,-1.019775
IMU,3210704910,8.875000,4.437500,0.750000,0.063232,0.074707,-1.020752
IMU,3210709908,9.000000,4.187500,0.937500,0.063232,0.074219,-1.020752
IMU,3210713911,8.250000,4.937500,0.312500,0.061523,0.075439,-1.019287
IMU,3210718908,8.875000,4.625000,0.312500,0.061768,0.074463,-1.015869
IMU,3210722910,8.625000,4.437500,0.375000,0.062012,0.075684,-1.016602
IMU,3210727909,8.625000,4.062500,0.062500,0.061523,0.075928,-1.018555
IMU,3210731910,8.562500,4.187500,0.000000,0.061035,0.075439,-1.018311
IMU,3210736908,9.000000,4.812500,-0.062500,0.060791,0.075439,-1.018555
IMU,3210740911,9.437500,4.062500,0.375000,0.060547,0.075684,-1.016846
IMU,3210745908,8.687500,4.250000,0.500000,0.061523,0.076172,-1.017578
IMU,3210750910,8.062500,3.687500,0.687500,0.061768,0.076904,-1.018066
IMU,3210754909,8.125000,4.312500,0.750000,0.062256,0.076904,-1.020264
IMU,3210759910,7.687500,4.812500,-0.187500,0.061523,0.076660,-1.019775
IMU,3210763908,7.062500,3.500000,-0.437500,0.061279,0.076172,-1.019775
IMU,3210768911,7.500000,3.437500,0.562500,0.062744,0.075928,-1.019775
IMU,3210772908,7.437500,3.375000,1.250000,0.062744,0.075684,-1.018555
IMU,3210777910,7.250000,3.062500,0.750000,0.062012,0.075684,-1.018311
IMU,3210782909,8.062500,3.312500,0.562500,0.063721,0.075684,-1.017578
IMU,3210786910,7.312500,3.250000,0.187500,0.063965,0.074463,-1.017822
IMU,3210791908,7.437500,3.250000,0.625000,0.062744,0.075439,-1.018066
IMU,3210795911,7.812500,3.562500,0.687500,0.062012,0.075684,-1.019043
IMU,3210800908,7.562500,4.375000,0.687500,0.062988,0.075439,-1.020996
IMU,3210804910,7.687500,4.312500,0.562500,0.061768,0.076904,-1.018066
IMU,3210809909,9.000000,4.250000,0.875000,0.061523,0.078857,-1.018311
IMU,3210813910,8.750000,4.375000,0.312500,0.061768,0.077881,-1.022705
IMU,3210818908,8.687500,4.312500,1.187500,0.061768,0.076904,-1.020996
IMU,3210823911,8.937500,5.500000,1.000000,0.062256,0.077393,-1.017090
IMU,3210827908,8.250000,5.062500,-0.125000,0.062012,0.078369,-1.015381
IMU,3210832910,8.125000,4.437500,0.312500,0.062256,0.077148,-1.016602
IMU,3210836909,8.500000,4.500000,0.062500,0.062744,0.076416,-1.017090
IMU,3210841910,9.187500,5.000000,-0.437500,0.064209,0.077393,-1.021240
IMU,3210845908,8.500000,4.625000,-0.062500,0.062988,0.078613,-1.022705
IMU,3210850911,8.625000,4.375000,1.062500,0.062012,0.077637,-1.020752
IMU,3210855908,8.562500,3.812500,0.687500,0.062012,0.076660,-1.020996
IMU,3210859910,9.125000,3.812500,0.812500,0.063232,0.076416,-1.020264
IMU,3210864909,9.000000,3.937500,0.625000,0.062012,0.076416,-1.019287
IMU,3210868910,9.000000,4.062500,0.062500,0.062500,0.074951,-1.017334
IMU,3210873908,8.812500,4.437500,0.187500,0.061768,0.075195,-1.017090
IMU,3210877911,8.437500,4.062500,0.500000,0.061768,0.075684,-1.017822
IMU,3210882908,8.250000,3.875000,0.187500,0.062500,0.073975,-1.018066
IMU,3210887910,8.187500,4.812500,-0.312500,0.061035,0.074951,-1.016357
IMU,3210891909,8.312500,4.750000,0.000000,0.057861,0.072998,-0.988281
IMU,3210896910,6.750000,6.625000,0.562500,0.048340,0.070801,-0.865234
IMU,3210900908,6.312500,9.875000,0.562500,0.052002,0.087158,-0.884521
IMU,3210905911,9.062500,7.125000,0.687500,0.059814,0.091797,-1.085205
IMU,3210909908,9.875000,5.000000,1.375000,0.054199,0.089844,-1.138184
IMU,3210914910,10.500000,3.562500,0.875000,0.064941,0.083740,-1.232178
IMU,3210918909,8.375000,1.187500,0.500000,0.071777,0.076660,-1.206543
IMU,3210923910,8.375000,0.312500,-0.312500,0.077148,0.071533,-1.107910
IMU,3210928908,7.437500,0.125000,-0.500000,0.077393,0.065918,-0.960449
IMU,3210932911,6.437500,1.062500,-0.187500,0.073486,0.066895,-0.872314
IMU,3210937908,8.375000,2.562500,0.812500,0.073975,0.068604,-0.854980
IMU,3210941910,9.562500,4.812500,0.937500,0.071533,0.068604,-0.868408
IMU,3210946909,9.250000,7.000000,0.500000,0.069824,0.069092,-0.967773
IMU,3210950910,9.000000,6.437500,-0.125000,0.067627,0.074219,-1.064453
IMU,3210955908,8.937500,5.687500,0.250000,0.062012,0.076416,-1.102783
IMU,3210960911,8.875000,4.875000,0.000000,0.055908,0.079346,-1.121582
IMU,3210964908,8.125000,4.375000,1.375000,0.052490,0.079590,-1.106201
IMU,3210969910,7.500000,3.437500,1.937500,0.052490,0.078857,-1.055664
IMU,3210973909,7.625000,3.312500,1.000000,0.053711,0.076172,-1.009521
IMU,3210978910,7.812500,3.562500,-0.062500,0.053467,0.075439,-0.965088
IMU,3210982908,9.062500,4.500000,0.187500,0.055176,0.072754,-0.939209
IMU,3210987911,8.125000,4.812500,-0.187500,0.058105,0.071045,-0.934570
IMU,3210991908,9.750000,4.875000,-0.875000,0.062012,0.068359,-0.978027
IMU,3210996910,9.937500,6.062500,0.250000,0.066406,0.068359,-1.033691
IMU,3211001909,8.562500,5.500000,1.500000,0.067871,0.071289,-1.075195
IMU,3211005910,8.312500,5.062500,0.187500,0.067627,0.073242,-1.095703
IMU,3211010908,8.875000,3.687500,0.125000,0.067139,0.076416,-1.082031
IMU,3211014911,8.250000,3.750000,0.500000,0.065430,0.077148,-1.032959
IMU,3211019908,8.312500,4.125000,1.125000,0.061035,0.076172,-0.985596
IMU,3211023910,8.375000,4.875000,1.375000,0.058594,0.074219,-0.953125
IMU,3211028909,8.562500,5.437500,0.625000,0.059814,0.077148,-0.954346
IMU,3211033910,8.937500,5.250000,0.937500,0.059326,0.079346,-0.983154
IMU,3211037908,8.437500,5.562500,0.687500,0.058594,0.080811,-1.029541
IMU,3211042911,8.437500,4.500000,0.250000,0.061035,0.082764,-1.065674
IMU,3211046908,8.687500,2.812500,-0.062500,0.061768,0.081787,-1.076416
IMU,3211051910,9.312500,2.437500,0.812500,0.063477,0.081543,-1.061768
IMU,3211055909,8.500000,2.062500,0.125000,0.063965,0.080566,-1.028564
IMU,3211060910,8.000000,2.125000,-0.500000,0.066162,0.078369,-0.995361
IMU,3211065908,8.187500,3.500000,-0.062500,0.068115,0.077393,-0.979492
IMU,3211069911,8.812500,3.562500,0.250000,0.068604,0.076904,-0.986084
IMU,3211074908,8.562500,3.375000,0.812500,0.070801,0.076172,-1.006592
IMU,3211078910,9.125000,3.562500,1.187500,0.073242,0.075195,-1.024414
IMU,3211083909,9.312500,3.125000,0.875000,0.070557,0.076660,-1.037109
IMU,3211087910,8.312500,2.562500,0.812500,0.065918,0.077148,-1.043945
IMU,3211092908,8.625000,2.687500,0.875000,0.064697,0.076904,-1.037598
IMU,3211096911,9.250000,3.062500,0.687500,0.062256,0.077637,-1.027588
IMU,3211101908,8.437500,3.250000,0.500000,0.055420,0.079590,-1.019287
IMU,3211106910,8.562500,2.937500,0.625000,0.052246,0.079834,-1.008301
IMU,3211110909,8.312500,4.187500,0.000000,0.054443,0.080322,-1.002930
IMU,3211115910,8.375000,4.750000,-0.250000,0.051025,0.081055,-1.001709
IMU,3211119908,8.062500,4.937500,0.250000,0.050293,0.080811,-1.004395
IMU,3211124911,9.062500,4.937500,0.625000,0.056885,0.078857,-1.009521
IMU,3211128908,8.937500,5.000000,-0.750000,0.060303,0.077148,-1.014893
IMU,3211133910,9.312500,4.812500,-0.875000,0.061035,0.076904,-1.029053
IMU,3211138909,8.375000,4.937500,-0.125000,0.066162,0.073730,-1.037598
IMU,3211142910,8.187500,3.875000,-0.375000,0.071045,0.073242,-1.030518
IMU,3211147908,8.500000,3.500000,-0.437500,0.071533,0.072998,-1.020752
IMU,3211151911,8.625000,4.437500,0.625000,0.071289,0.071777,-1.015381
IMU,3211156908,8.562500,4.500000,-0.312500,0.072266,0.070557,-1.007568
IMU,3211160910,8.812500,4.500000,-0.437500,0.071045,0.070312,-1.006592
IMU,3211165909,8.937500,4.250000,0.750000,0.067139,0.071289,-1.013184
IMU,3211169910,7.750000,3.687500,0.375000,0.065430,0.072510,-1.019531
IMU,3211174908,7.437500,3.437500,0.250000,0.062744,0.072266,-1.026367
IMU,3211179911,7.687500,2.937500,0.937500,0.060303,0.075195,-1.033936
IMU,3211183908,8.187500,2.375000,0.500000,0.058594,0.074463,-1.031982
IMU,3211188910,7.500000,1.625000,0.250000,0.054688,0.074707,-1.023438
IMU,3211192909,7.187500,1.250000,-0.625000,0.054443,0.074463,-1.019775
IMU,3211197910,7.625000,2.000000,-0.562500,0.056885,0.073730,-1.018555
IMU,3211201908,7.687500,2.187500,-0.187500,0.057617,0.074951,-1.013672
IMU,3211206911,7.562500,2.312500,-0.437500,0.059082,0.075195,-1.020508
IMU,3211211908,8.562500,3.250000,-1.437500,0.062500,0.073730,-1.029297
IMU,3211215910,9.312500,4.250000,-0.187500,0.064453,0.073486,-1.021240
IMU,3211220909,8.875000,4.187500,0.187500,0.064453,0.073975,-1.019531
IMU,3211224910,8.750000,4.250000,-0.062500,0.067139,0.073730,-1.023438
IMU,3211229908,9.125000,3.562500,0.125000,0.069092,0.072754,-1.016357
IMU,3211233911,8.937500,3.562500,0.187500,0.066895,0.073486,-1.010010
IMU,3211238908,8.937500,4.125000,-0.125000,0.064453,0.076172,-1.011963
IMU,3211242910,8.812500,4.250000,1.187500,0.063477,0.077637,-1.013428
IMU,3211247909,8.125000,4.375000,0.500000,0.063477,0.079346,-1.016846
IMU,3211252910,8.687500,4.562500,-0.062500,0.061768,0.079834,-1.022705
IMU,3211256908,8.750000,4.625000,0.250000,0.061035,0.080566,-1.023926
IMU,3211261911,8.375000,4.750000,0.750000,0.060303,0.080811,-1.020752
IMU,3211265908,9.250000,5.000000,0.062500,0.059082,0.081299,-1.023438
IMU,3211270910,9.750000,4.500000,-0.812500,0.060547,0.081055,-1.022461
IMU,3211274909,8.375000,2.937500,-0.687500,0.061768,0.079590,-1.012695
IMU,3211279910,7.625000,2.125000,-0.062500,0.062500,0.079346,-1.009277
IMU,3211284908,7.812500,1.937500,-0.250000,0.063477,0.078857,-1.012695
IMU,3211288911,8.562500,0.937500,0.625000,0.063965,0.078125,-1.010498
IMU,3211293908,9.062500,1.750000,1.437500,0.064209,0.078369,-1.013672
IMU,3211297910,7.687500,2.500000,0.062500,0.064941,0.078125,-1.021973
IMU,3211302909,7.750000,2.562500,-0.250000,0.066406,0.077881,-1.025391
IMU,3211306910,8.250000,2.437500,0.562500,0.064941,0.076904,-1.027344
IMU,3211311908,7.625000,2.250000,0.875000,0.062500,0.076660,-1.029053
IMU,3211316911,7.500000,1.375000,0.750000,0.062256,0.075684,-1.025635
IMU,3211320908,7.750000,1.375000,0.562500,0.060059,0.075684,-1.017334
IMU,3211325910,7.875000,1.437500,1.062500,0.058105,0.076172,-1.014893
IMU,3211329909,7.812500,2.375000,-0.312500,0.058594,0.077637,-1.011719
IMU,3211334910,8.750000,2.687500,-0.812500,0.058105,0.077393,-1.010254
IMU,3211338908,8.312500,2.437500,0.312500,0.057129,0.076904,-1.012939
IMU,3211343911,8.125000,1.750000,1.000000,0.058838,0.075684,-1.018311
IMU,3211347908,8.312500,2.250000,0.750000,0.061279,0.075195,-1.018555
IMU,3211352910,8.875000,2.875000,0.125000,0.062744,0.074707,-1.019043
IMU,3211357909,8.562500,2.687500,-0.812500,0.062256,0.073486,-1.006592
IMU,3211361910,7.562500,2.375000,-0.250000,0.066406,0.074463,-1.014648
IMU,3211366908,7.500000,2.312500,0.062500,0.067627,0.073975,-1.021240
IMU,3211370911,8.000000,2.125000,1.125000,0.067139,0.073486,-1.028564
IMU,3211375908,8.312500,2.187500,0.812500,0.069092,0.072998,-1.036377
IMU,3211379910,7.937500,2.562500,0.687500,0.068359,0.073242,-1.036621
IMU,3211384909,7.937500,2.375000,0.000000,0.066895,0.074219,-1.035156
IMU,3211389910,7.312500,1.812500,-0.187500,0.065674,0.072754,-1.031006
IMU,3211393908,8.125000,1.625000,-0.500000,0.064209,0.073975,-1.020264
IMU,3211398911,8.937500,1.125000,0.125000,0.061523,0.075928,-1.011230
IMU,3211402908,8.437500,2.125000,0.187500,0.060303,0.074951,-1.006836
IMU,3211407910,8.500000,2.687500,0.750000,0.060059,0.074707,-1.009277
IMU,3211411909,8.937500,2.937500,0.500000,0.058838,0.076904,-1.012451
IMU,3211416910,8.625000,3.000000,-0.062500,0.058105,0.076660,-1.015381
IMU,3211420908,8.000000,3.625000,0.500000,0.058838,0.077637,-1.018555
IMU,3211425911,8.312500,4.187500,0.250000,0.058105,0.076904,-1.018555
IMU,3211430908,8.687500,3.937500,0.250000,0.059082,0.076172,-1.020264
IMU,3211434910,8.937500,3.687500,0.000000,0.060547,0.074463,-1.019531
IMU,3211439909,8.875000,3.875000,0.500000,0.060791,0.073975,-1.016602
IMU,3211443910,9.187500,3.500000,0.375000,0.062012,0.074707,-1.013916
IMU,3211448908,9.000000,4.187500,0.250000,0.064453,0.075684,-1.015381
IMU,3211452911,8.187500,4.687500,-0.250000,0.065186,0.074951,-1.014404
IMU,3211457908,8.937500,4.750000,0.625000,0.063965,0.075439,-1.018799
IMU,3211462910,9.125000,4.250000,1.312500,0.065186,0.076172,-1.022949
IMU,3211466909,8.500000,3.687500,0.437500,0.066650,0.075439,-1.022949
IMU,3211471910,8.187500,3.875000,0.937500,0.066162,0.076416,-1.023438
IMU,3211475908,8.062500,4.125000,-0.187500,0.065186,0.078125,-1.024170
IMU,3211480911,8.062500,4.375000,-0.125000,0.064209,0.078857,-1.021729
IMU,3211484908,8.437500,5.000000,-0.312500,0.061768,0.079102,-1.018799
IMU,3211489910,8.312500,4.812500,-0.687500,0.062744,0.079102,-1.018799
IMU,3211494909,7.875000,4.750000,0.062500,0.063232,0.077637,-1.018311
IMU,3211498910,8.312500,4.625000,0.437500,0.062744,0.077881,-1.018311
IMU,3211503908,8.500000,3.750000,0.562500,0.061768,0.077637,-1.018555
IMU,3211507911,8.062500,3.062500,0.437500,0.062988,0.077637,-1.018799
IMU,3211512908,8.937500,3.187500,-0.125000,0.063965,0.076904,-1.017334
IMU,3211516910,9.562500,3.000000,0.187500,0.063965,0.075439,-1.017822
IMU,3211521909,8.375000,3.937500,0.000000,0.065430,0.075195,-1.016602
IMU,3211525910,8.812500,4.062500,-0.312500,0.064697,0.075928,-1.015137
IMU,3211530908,9.187500,3.562500,0.000000,0.063965,0.075439,-1.016602
IMU,3211535911,8.937500,3.750000,-0.062500,0.063232,0.073730,-1.019775
IMU,3211539908,8.187500,4.062500,0.500000,0.064209,0.075195,-1.019775
IMU,3211544910,8.437500,3.875000,0.625000,0.061523,0.075684,-1.019043
IMU,3211548909,8.937500,3.687500,0.250000,0.060303,0.077148,-1.020752
IMU,3211553910,8.437500,3.812500,0.687500,0.059326,0.078369,-1.020020
IMU,3211557908,8.187500,4.125000,0.562500,0.058105,0.078613,-1.019287
IMU,3211562911,8.437500,3.812500,0.625000,0.058350,0.076904,-1.017334
IMU,3211567908,8.187500,4.062500,-0.250000,0.058838,0.077637,-1.016357
IMU,3211571910,8.250000,3.812500,0.000000,0.060059,0.078369,-1.016602
IMU,3211576909,8.000000,3.437500,0.312500,0.060547,0.076904,-1.017822
IMU,3211580910,8.375000,3.812500,0.250000,0.062012,0.076904,-1.018799
IMU,3211585908,8.812500,3.875000,0.687500,0.064209,0.076660,-1.016846
IMU,3211589911,8.812500,4.062500,0.187500,0.063965,0.076172,-1.018311
IMU,3211594908,8.750000,3.937500,0.125000,0.064697,0.075439,-1.019531
IMU,3211598910,8.875000,3.250000,0.812500,0.065430,0.075195,-1.020752
IMU,3211603909,8.375000,3.125000,0.875000,0.065430,0.076904,-1.019531
IMU,3211608910,8.000000,3.375000,0.125000,0.065186,0.076660,-1.019531
IMU,3211612908,7.812500,3.312500,-0.250000,0.064697,0.076172,-1.020264
IMU,3211617911,8.437500,3.375000,0.062500,0.063965,0.077148,-1.018799
IMU,3211621908,8.437500,3.125000,0.812500,0.062012,0.076416,-1.019775
IMU,3211626910,8.750000,3.687500,0.750000,0.061279,0.076416,-1.019043
IMU,3211630909,8.562500,4.437500,0.125000,0.060303,0.076904,-1.019775
IMU,3211635910,8.875000,3.937500,0.062500,0.061279,0.076660,-1.020020
IMU,3211640908,9.125000,3.500000,0.187500,0.061279,0.076172,-1.018311
IMU,3211644911,9.000000,3.875000,0.312500,0.060303,0.074707,-1.018066
IMU,3211649908,8.625000,4.125000,0.125000,0.061035,0.074219,-1.018799
IMU,3211653910,8.312500,4.062500,0.187500,0.062012,0.075928,-1.017578
IMU,3211658909,8.437500,4.125000,0.750000,0.062256,0.075439,-1.018555
IMU,3211662910,8.312500,4.062500,0.562500,0.062012,0.074707,-1.020264
IMU,3211667908,8.812500,4.250000,-0.062500,0.062256,0.075684,-1.018799
IMU,3211671911,8.812500,4.437500,-0.375000,0.063477,0.075195,-1.016357
IMU,3211676908,8.062500,4.437500,-0.312500,0.062744,0.076172,-1.017578
CFG,gyro_range_dps=2048,accel_range_g=8,odr_hz=250
IMU,3211681910,8.500000,4.687500,0.437500,0.063477,0.074951,-1.018799
IMU,3211685909,8.562500,4.562500,0.562500,0.062256,0.075439,-1.019287
IMU,3211690910,8.625000,4.187500,0.562500,0.061523,0.075684,-1.022217
IMU,3211694908,7.937500,4.062500,0.312500,0.062744,0.075928,-1.025146
IMU,3211699911,7.500000,4.000000,-0.687500,0.062988,0.075684,-1.023682
IMU,3211703908,7.125000,4.500000,0.187500,0.062500,0.077393,-1.020752
IMU,3211708910,7.812500,3.937500,-0.437500,0.062256,0.077881,-1.018066
IMU,3211713909,8.375000,4.625000,0.000000,0.062256,0.076904,-1.015869
IMU,3211717910,8.875000,4.937500,1.375000,0.062500,0.075928,-1.014404
IMU,3211722908,8.125000,4.500000,1.312500,0.062012,0.076416,-1.018311
IMU,3211726911,8.187500,4.375000,0.750000,0.061768,0.075439,-1.020752
IMU,3211731908,8.375000,4.250000,0.312500,0.062744,0.074707,-1.022949
IMU,3211735910,8.687500,4.625000,-0.187500,0.063232,0.076172,-1.024170
IMU,3211740909,8.375000,4.125000,-0.687500,0.062744,0.075684,-1.023926
IMU,3211745910,9.187500,3.562500,-0.875000,0.062744,0.075928,-1.021484
IMU,3211749908,8.937500,4.750000,-0.437500,0.063721,0.075195,-1.019775
IMU,3211754911,8.812500,4.375000,-0.125000,0.062744,0.075439,-1.017822
IMU,3211758908,8.500000,3.937500,-0.125000,0.061279,0.076416,-1.015625
IMU,3211763910,9.312500,4.375000,0.625000,0.060059,0.077393,-1.014648
IMU,3211767909,8.625000,4.062500,0.125000,0.061279,0.076416,-1.015381
IMU,3211772910,7.875000,4.125000,0.125000,0.059814,0.076660,-1.016602
IMU,3211776908,8.187500,4.250000,0.687500,0.061523,0.076416,-1.019775
IMU,3211781911,7.750000,4.875000,0.750000,0.061523,0.076660,-1.020020
IMU,3211786908,8.625000,4.750000,1.687500,0.060791,0.076660,-1.018555
IMU,3211790910,9.000000,4.062500,1.500000,0.061279,0.078369,-1.018066
IMU,3211795909,8.500000,4.312500,-0.625000,0.062256,0.078857,-1.017090
IMU,3211799910,8.125000,4.562500,-0.812500,0.063721,0.077393,-1.016602
IMU,3211804908,7.875000,4.250000,0.062500,0.062988,0.077148,-1.018799
IMU,3211808911,9.312500,4.500000,0.750000,0.064453,0.077148,-1.020752
IMU,3211813908,8.812500,4.562500,1.062500,0.064941,0.077148,-1.021729
IMU,3211818910,8.875000,4.562500,1.062500,0.064941,0.076904,-1.024170
IMU,3211822909,8.250000,4.125000,0.062500,0.064697,0.077148,-1.023682
IMU,3211827910,8.437500,4.375000,0.250000,0.064209,0.075928,-1.020508
IMU,3211831908,8.687500,4.750000,-0.250000,0.064209,0.075684,-1.018311
IMU,3211836911,9.125000,4.250000,0.375000,0.062988,0.075439,-1.017090
IMU,3211840908,8.875000,4.500000,0.312500,0.061279,0.075928,-1.016113
IMU,3211845910,8.875000,4.000000,0.687500,0.060303,0.075195,-1.016357
IMU,3211849909,8.812500,4.500000,0.062500,0.060791,0.076172,-1.016113
IMU,3211854910,7.562500,4.812500,0.000000,0.061523,0.077148,-1.020264
IMU,3211859908,7.312500,3.750000,0.687500,0.060059,0.075928,-1.020996
IMU,3211863911,8.750000,4.125000,0.187500,0.059570,0.074951,-1.019531
IMU,3211868908,8.500000,3.937500,0.687500,0.059814,0.076172,-1.018799
IMU,3211872910,7.187500,2.875000,0.875000,0.060547,0.077637,-1.017334
IMU,3211877909,8.562500,2.000000,-0.062500,0.062012,0.076172,-1.014404
IMU,3211881910,8.125000,1.812500,-0.375000,0.061523,0.074707,-1.015869
IMU,3211886908,8.187500,1.562500,0.375000,0.062012,0.073730,-1.018066
IMU,3211891911,8.062500,1.750000,0.250000,0.062988,0.073486,-1.020020
IMU,3211895908,7.312500,1.437500,-0.187500,0.062988,0.073730,-1.020508
IMU,3211900910,7.625000,1.312500,-0.187500,0.062744,0.072998,-1.022949
IMU,3211904909,7.125000,1.875000,0.375000,0.063721,0.073730,-1.022949
IMU,3211909910,7.562500,2.000000,0.937500,0.064209,0.074219,-1.020996
IMU,3211913908,8.250000,1.875000,0.937500,0.064209,0.073730,-1.019043
IMU,3211918911,7.750000,1.562500,-0.250000,0.065430,0.074707,-1.018066
IMU,3211923908,8.625000,1.875000,0.000000,0.063965,0.074951,-1.017578
IMU,3211927910,8.562500,1.937500,0.250000,0.064209,0.076172,-1.017334
IMU,3211932909,8.312500,1.312500,0.937500,0.064453,0.075928,-1.019043
IMU,3211936910,7.375000,1.875000,0.625000,0.063232,0.075928,-1.020508
IMU,3211941908,6.812500,1.812500,-0.250000,0.063721,0.075684,-1.021973
IMU,3211945911,7.375000,1.937500,-0.500000,0.062500,0.075195,-1.021484
IMU,3211950908,7.437500,1.437500,0.062500,0.062256,0.074951,-1.020508
IMU,3211954910,8.062500,1.375000,-0.062500,0.063477,0.075195,-1.019043
IMU,3211959909,7.625000,1.625000,-0.562500,0.063965,0.075928,-1.018066
IMU,3211964910,8.000000,1.375000,0.312500,0.063721,0.075195,-1.017822
IMU,3211968908,7.875000,1.500000,1.125000,0.062744,0.076416,-1.016846
IMU,3211973911,8.437500,1.437500,1.312500,0.060791,0.076416,-1.016602
IMU,3211977908,8.125000,1.812500,-0.250000,0.061523,0.075928,-1.018066
IMU,3211982910,8.250000,1.937500,-0.750000,0.060791,0.076416,-1.023682
IMU,3211986909,8.500000,2.812500,0.000000,0.061279,0.077148,-1.021240
IMU,3211991910,8.062500,2.750000,0.625000,0.061768,0.078369,-1.016602
IMU,3211996908,8.187500,2.750000,0.687500,0.062256,0.078369,-1.020020
IMU,3212000911,7.875000,2.125000,0.937500,0.062500,0.077148,-1.019043
IMU,3212005908,7.375000,1.562500,0.250000,0.062744,0.078125,-1.014893
IMU,3212009910,6.937500,2.250000,0.437500,0.062012,0.076904,-1.012939
IMU,3212014909,7.625000,2.312500,-0.312500,0.062256,0.077637,-1.015869
IMU,3212018910,8.750000,2.000000,-0.375000,0.063477,0.076660,-1.019531
IMU,3212023908,8.625000,2.187500,0.062500,0.063721,0.075928,-1.022949
IMU,3212027911,8.375000,2.187500,0.062500,0.062988,0.077393,-1.022217
IMU,3212032908,7.312500,2.125000,-0.062500,0.062012,0.077637,-1.018799
IMU,3212037910,8.312500,2.125000,0.500000,0.061768,0.077881,-1.019043
IMU,3212041909,8.312500,2.625000,-0.625000,0.063232,0.077637,-1.019531
IMU,3212046910,8.437500,2.437500,0.000000,0.063477,0.077637,-1.018799
IMU,3212050908,7.000000,1.875000,0.375000,0.062988,0.076904,-1.014893
IMU,3212055911,7.500000,2.125000,0.687500,0.063232,0.076904,-1.015625
IMU,3212059908,7.187500,1.500000,0.375000,0.062988,0.077148,-1.017334
IMU,3212064910,8.062500,1.437500,0.187500,0.062988,0.076172,-1.018799
IMU,3212069909,8.375000,1.875000,1.062500,0.061279,0.076172,-1.019287
IMU,3212073910,7.187500,1.750000,0.937500,0.062012,0.077148,-1.016602
IMU,3212078908,6.812500,1.312500,0.187500,0.061523,0.076904,-1.018066
IMU,3212082911,7.750000,2.250000,0.312500,0.061768,0.076660,-1.020752
IMU,3212087908,8.250000,1.625000,0.375000,0.061279,0.075928,-1.020020
IMU,3212091910,8.250000,1.937500,0.375000,0.060303,0.076172,-1.018555
IMU,3212096909,8.187500,1.312500,0.187500,0.060303,0.075684,-1.018311
IMU,3212101910,8.312500,1.375000,0.187500,0.060303,0.075439,-1.018066
IMU,3212105908,8.687500,1.500000,0.312500,0.061035,0.076416,-1.018799
IMU,3212110911,8.500000,1.312500,0.250000,0.062256,0.075928,-1.017334
IMU,3212114908,7.687500,1.437500,0.937500,0.061279,0.074463,-1.018066
IMU,3212119910,7.562500,1.437500,1.250000,0.060547,0.073242,-1.020264
IMU,3212123909,7.500000,1.937500,0.687500,0.062012,0.074463,-1.019531
IMU,3212128910,7.375000,2.000000,0.500000,0.062988,0.074463,-1.021973
IMU,3212132908,6.875000,1.750000,-0.437500,0.062744,0.074463,-1.022461
IMU,3212137911,7.625000,1.750000,0.062500,0.061768,0.073730,-1.019775
IMU,3212142908,7.437500,1.562500,0.750000,0.062012,0.073975,-1.019287
IMU,3212146910,7.000000,2.000000,0.937500,0.062744,0.073486,-1.022217
IMU,3212151909,6.750000,1.750000,0.687500,0.062012,0.073486,-1.020508
IMU,3212155910,7.875000,1.562500,0.750000,0.061768,0.074707,-1.019287
IMU,3212160908,7.500000,1.875000,0.250000,0.061768,0.075684,-1.019287
IMU,3212164911,7.250000,1.375000,0.250000,0.062988,0.075928,-1.018066
IMU,3212169908,7.937500,1.375000,0.875000,0.062744,0.076416,-1.017578
IMU,3212174910,8.625000,1.750000,1.062500,0.061768,0.077393,-1.018311
IMU,3212178909,7.625000,2.437500,0.375000,0.063232,0.077148,-1.017822
IMU,3212183910,7.000000,2.125000,-0.437500,0.063477,0.077393,-1.017822
IMU,3212187908,7.375000,2.125000,0.000000,0.063477,0.077393,-1.019043
IMU,3212192911,8.125000,1.937500,-0.187500,0.063965,0.077148,-1.018555
IMU,3212196908,8.500000,1.625000,-0.187500,0.062744,0.077393,-1.014893
IMU,3212201910,7.875000,2.000000,0.437500,0.063721,0.077148,-1.017334
IMU,3212205909,8.062500,1.687500,0.812500,0.062988,0.076660,-1.016602
IMU,3212210910,8.687500,1.687500,0.437500,0.062744,0.077148,-1.015137
IMU,3212215908,8.000000,1.750000,0.375000,0.062256,0.076660,-1.017822
IMU,3212219911,7.875000,1.750000,0.437500,0.062988,0.077881,-1.019775
IMU,3212224908,7.437500,1.875000,0.187500,0.062256,0.078613,-1.021240
IMU,3212228910,7.625000,1.750000,0.125000,0.063232,0.079102,-1.020264
IMU,3212233909,7.750000,1.562500,0.500000,0.062012,0.077393,-1.018555
IMU,3212237910,7.937500,1.687500,1.125000,0.061035,0.077881,-1.018066
IMU,3212242908,7.937500,1.312500,1.000000,0.061035,0.078125,-1.018066
IMU,3212247911,7.937500,1.000000,0.312500,0.062256,0.078125,-1.017822
IMU,3212251908,7.750000,1.625000,0.125000,0.062500,0.075928,-1.017334
IMU,3212256910,7.625000,1.437500,0.000000,0.063477,0.076416,-1.018066
IMU,3212260909,7.437500,1.812500,0.250000,0.063721,0.076416,-1.018799
IMU,3212265910,7.187500,0.687500,-0.375000,0.064209,0.076416,-1.019531
IMU,3212269908,7.562500,1.437500,0.125000,0.064697,0.074707,-1.020020
IMU,3212274911,7.812500,2.187500,0.875000,0.063965,0.074463,-1.020020
IMU,3212278908,8.062500,1.812500,0.062500,0.063477,0.074951,-1.019287
IMU,3212283910,8.312500,1.687500,-0.187500,0.062500,0.074707,-1.019287
IMU,3212288909,7.125000,1.875000,-0.187500,0.062256,0.074219,-1.019043
IMU,3212292910,7.125000,1.125000,0.062500,0.062256,0.074951,-1.021484
IMU,3212297908,7.000000,0.875000,0.062500,0.061279,0.075928,-1.019775
IMU,3212301911,7.000000,1.187500,0.750000,0.061279,0.074463,-1.018555
IMU,3212306908,7.187500,1.125000,0.312500,0.061279,0.074219,-1.017822
IMU,3212310910,7.000000,1.625000,0.000000,0.061768,0.074707,-1.016602
IMU,3212315909,8.312500,1.437500,0.125000,0.060791,0.074951,-1.017822
IMU,3212320910,7.937500,0.875000,-0.187500,0.060547,0.075684,-1.017578
IMU,3212324908,8.187500,1.750000,0.000000,0.061035,0.076660,-1.019287
IMU,3212329911,7.687500,1.187500,-0.187500,0.063232,0.076172,-1.021240
IMU,3212333908,7.000000,0.750000,0.750000,0.062988,0.075684,-1.021973
IMU,3212338910,7.625000,1.062500,0.375000,0.063477,0.076172,-1.021240
IMU,3212342909,7.687500,0.937500,-0.375000,0.063965,0.075439,-1.021240
IMU,3212347910,7.875000,1.312500,-0.312500,0.063965,0.075928,-1.017334
IMU,3212352908,8.000000,2.062500,-0.437500,0.062500,0.076416,-1.013184
IMU,3212356911,7.187500,1.562500,-0.687500,0.063965,0.074463,-1.021973
IMU,3212361908,7.125000,1.562500,0.375000,0.062744,0.075684,-1.016846
IMU,3212365910,8.125000,2.062500,0.687500,0.064209,0.076172,-1.015869
IMU,3212370909,8.250000,2.000000,0.312500,0.062500,0.075928,-1.020020
IMU,3212374910,8.000000,2.187500,0.062500,0.062012,0.077393,-1.023193
IMU,3212379908,7.937500,2.250000,-0.312500,0.062988,0.076660,-1.018311
IMU,3212383911,8.125000,2.375000,-0.062500,0.062500,0.077393,-1.009521
IMU,3212388908,7.437500,2.312500,0.000000,0.062012,0.077881,-1.017334
IMU,3212393910,7.500000,2.187500,0.375000,0.063477,0.076904,-1.025635
IMU,3212397909,7.250000,2.187500,1.250000,0.063477,0.077148,-1.024414
IMU,3212402910,7.062500,1.875000,0.812500,0.062500,0.078125,-1.027588
IMU,3212406908,7.500000,1.375000,1.250000,0.062012,0.076904,-1.022949
IMU,3212411911,8.062500,1.812500,0.437500,0.063721,0.077148,-1.025635
IMU,3212415908,7.937500,2.062500,0.562500,0.062256,0.077148,-1.022217
IMU,3212420910,8.187500,1.562500,1.250000,0.061523,0.076660,-1.014404
IMU,3212425909,7.687500,1.625000,0.750000,0.062256,0.075928,-1.012695
IMU,3212429910,7.187500,1.562500,0.937500,0.064453,0.076416,-1.013916
IMU,3212434908,7.687500,1.812500,0.750000,0.063965,0.076172,-1.015137
IMU,3212438911,7.937500,1.875000,0.375000,0.062988,0.076660,-1.015137
IMU,3212443908,8.000000,1.812500,0.562500,0.062988,0.076904,-1.016846
IMU,3212447910,8.250000,2.375000,0.375000,0.063232,0.076660,-1.018066
IMU,3212452909,7.875000,2.250000,0.437500,0.062988,0.077148,-1.020020
IMU,3212456910,8.250000,1.312500,-0.062500,0.062500,0.077393,-1.022217
IMU,3212461908,8.375000,1.625000,0.250000,0.061768,0.075684,-1.020752
IMU,3212466911,7.812500,1.250000,-0.437500,0.062500,0.075439,-1.020020
IMU,3212470908,7.625000,1.312500,-0.625000,0.063232,0.075684,-1.020752
IMU,3212475910,8.000000,1.250000,-0.500000,0.063721,0.074463,-1.019775
IMU,3212479909,8.625000,1.375000,-0.562500,0.063965,0.075195,-1.020508
IMU,3212484910,8.000000,1.312500,0.500000,0.064697,0.074707,-1.019287
IMU,3212488908,7.062500,1.687500,0.125000,0.064941,0.075684,-1.018799
IMU,3212493911,7.250000,1.312500,0.187500,0.064453,0.075928,-1.019287
IMU,3212498908,7.937500,1.250000,-0.062500,0.065674,0.076660,-1.020020
IMU,3212502910,8.000000,1.812500,0.312500,0.065430,0.076660,-1.020264
IMU,3212507909,8.750000,1.625000,0.812500,0.063721,0.075928,-1.020996
IMU,3212511910,8.625000,1.437500,-0.312500,0.062988,0.075928,-1.018799
IMU,3212516908,8.687500,2.312500,0.500000,0.062256,0.076660,-1.016602
IMU,3212520911,8.312500,2.187500,1.312500,0.061279,0.075928,-1.015137
IMU,3212525908,7.562500,1.875000,0.875000,0.059814,0.076416,-1.014404
IMU,3212530910,7.312500,2.000000,-0.125000,0.059326,0.077637,-1.014893
IMU,3212534909,7.687500,2.500000,-0.062500,0.057861,0.079102,-1.015625
IMU,3212539910,7.875000,2.687500,0.562500,0.057373,0.079834,-1.017578
IMU,3212543908,8.437500,2.375000,0.625000,0.057373,0.078369,-1.019775
IMU,3212548911,8.187500,1.625000,0.250000,0.057373,0.078613,-1.019775
IMU,3212552908,8.437500,1.562500,0.812500,0.058105,0.078369,-1.015137
IMU,3212557910,8.125000,1.562500,-0.437500,0.059814,0.077881,-1.018066
IMU,3212561909,8.250000,1.937500,-0.625000,0.061035,0.078125,-1.024414
IMU,3212566910,8.062500,2.250000,-0.500000,0.061768,0.078369,-1.016846
IMU,3212571908,8.437500,2.312500,-0.250000,0.063721,0.077393,-1.014893
IMU,3212575911,8.187500,2.687500,0.625000,0.063965,0.076172,-1.020996
IMU,3212580908,8.750000,2.000000,1.000000,0.064209,0.075195,-1.018799
IMU,3212584910,8.375000,1.500000,0.187500,0.066162,0.074707,-1.014893
IMU,3212589909,8.312500,1.687500,0.062500,0.065918,0.075928,-1.016602
IMU,3212593910,8.312500,1.187500,0.812500,0.065186,0.077148,-1.020752
IMU,3212598908,8.500000,0.875000,0.625000,0.066406,0.076416,-1.021484
IMU,3212603911,8.062500,1.312500,0.437500,0.067139,0.075439,-1.024658
IMU,3212607908,7.875000,1.000000,1.250000,0.066162,0.074707,-1.025879
IMU,3212612910,7.562500,1.187500,0.625000,0.065674,0.073975,-1.023682
IMU,3212616909,7.312500,1.375000,-0.625000,0.064209,0.073730,-1.022705
IMU,3212621910,8.562500,1.187500,-0.250000,0.065430,0.074707,-1.020020
IMU,3212625908,8.687500,1.625000,-0.437500,0.064941,0.073242,-1.016113
IMU,3212630911,7.625000,2.000000,-0.375000,0.063721,0.072754,-1.017334
IMU,3212634908,7.312500,2.250000,0.125000,0.063721,0.073975,-1.016846
IMU,3212639910,7.625000,1.812500,0.312500,0.063477,0.073975,-1.015137
IMU,3212644909,7.625000,1.500000,-0.062500,0.063232,0.072754,-1.019775
IMU,3212648910,8.250000,1.000000,0.500000,0.062012,0.072510,-1.021973
IMU,3212653908,7.750000,1.437500,0.812500,0.061035,0.072754,-1.019287
IMU,3212657911,7.562500,2.062500,0.625000,0.060547,0.074707,-1.019287
IMU,3212662908,8.000000,1.937500,0.187500,0.058838,0.075195,-1.023682
IMU,3212666910,8.500000,1.437500,0.000000,0.056641,0.074463,-1.021973
IMU,3212671909,8.500000,0.937500,0.812500,0.059082,0.076660,-1.020264
IMU,3212676910,8.250000,1.625000,0.625000,0.057617,0.075928,-1.018555
IMU,3212680908,7.750000,0.750000,0.125000,0.056396,0.076904,-1.018311
IMU,3212685911,8.375000,1.250000,-0.062500,0.058594,0.077637,-1.017334
IMU,3212689908,8.375000,1.875000,-0.250000,0.060059,0.077148,-1.013672
IMU,3212694910,7.687500,2.187500,0.062500,0.060791,0.077637,-1.013916
IMU,3212698909,8.187500,1.562500,-0.062500,0.063721,0.078369,-1.017090
IMU,3212703910,8.000000,1.937500,-0.125000,0.065186,0.078369,-1.019043
IMU,3212707908,7.625000,1.937500,0.312500,0.065674,0.077393,-1.021240
IMU,3212712911,8.187500,1.812500,0.812500,0.065186,0.077393,-1.021484
IMU,3212717908,7.812500,1.875000,0.375000,0.065674,0.076416,-1.018799
IMU,3212721910,7.312500,1.625000,-0.062500,0.065918,0.075928,-1.017578
IMU,3212726909,7.562500,1.375000,-0.187500,0.065918,0.076416,-1.020508
IMU,3212730910,7.375000,1.687500,-0.062500,0.064941,0.077393,-1.019775
IMU,3212735908,7.500000,1.562500,0.750000,0.064697,0.078369,-1.015869
IMU,3212739911,8.125000,1.500000,1.125000,0.062744,0.078125,-1.015869
IMU,3212744908,8.062500,1.375000,0.437500,0.062012,0.077881,-1.018066
IMU,3212749910,7.812500,1.562500,0.687500,0.061035,0.076904,-1.017334
IMU,3212753909,7.562500,1.500000,0.187500,0.060791,0.076904,-1.017090
IMU,3212758910,7.625000,2.437500,0.062500,0.060059,0.076416,-1.016602
IMU,3212762908,8.312500,2.312500,0.562500,0.057861,0.076172,-1.016846
IMU,3212767911,7.875000,2.000000,-0.062500,0.058838,0.076416,-1.017578
IMU,3212771908,7.937500,2.312500,-0.187500,0.059814,0.074707,-1.018799
IMU,3212776910,7.437500,2.375000,-0.125000,0.062744,0.075928,-1.019287
IMU,3212781909,7.875000,1.750000,0.125000,0.061279,0.076660,-1.019775
IMU,3212785910,8.375000,1.375000,0.375000,0.061279,0.076416,-1.020020
IMU,3212790908,7.562500,1.562500,0.312500,0.062012,0.076172,-1.018066
IMU,3212794911,8.000000,1.437500,0.250000,0.060791,0.075195,-1.017822
IMU,3212799908,8.125000,1.437500,-0.250000,0.061279,0.077393,-1.017822
IMU,3212803910,7.687500,1.437500,0.187500,0.062012,0.076172,-1.016602
IMU,3212808909,7.937500,1.750000,0.562500,0.062500,0.074951,-1.017822
IMU,3212812910,8.062500,1.625000,0.625000,0.062256,0.075439,-1.017822
IMU,3212817908,7.875000,1.625000,0.312500,0.062500,0.075684,-1.017090
IMU,3212822911,7.625000,2.062500,0.125000,0.063232,0.076660,-1.016602
IMU,3212826908,8.062500,1.625000,0.812500,0.063965,0.076416,-1.018555
IMU,3212831910,8.125000,1.437500,0.750000,0.064209,0.075439,-1.018799
IMU,3212835909,8.375000,2.187500,-0.062500,0.062744,0.075195,-1.018799
IMU,3212840910,8.500000,2.125000,-0.625000,0.061523,0.073975,-1.019775
IMU,3212844908,8.687500,2.500000,-0.812500,0.063477,0.074463,-1.021729
IMU,3212849911,8.125000,2.437500,-0.187500,0.063965,0.075195,-1.024170
IMU,3212854908,8.000000,2.625000,0.000000,0.062988,0.075195,-1.022949
IMU,3212858910,8.000000,3.000000,0.375000,0.063721,0.074463,-1.023193
IMU,3212863909,7.937500,2.062500,0.250000,0.063477,0.074463,-1.021240
IMU,3212867910,7.562500,0.937500,-0.187500,0.062500,0.075439,-1.019531
IMU,3212872908,8.250000,0.875000,0.312500,0.062744,0.075195,-1.018066
IMU,3212876911,7.812500,1.437500,-1.000000,0.062988,0.075195,-1.016113
IMU,3212881908,8.312500,1.125000,-0.375000,0.062500,0.074951,-1.015137
IMU,3212885910,8.250000,1.312500,0.187500,0.061035,0.075195,-1.018311
IMU,3212890909,7.500000,2.187500,-0.250000,0.061768,0.076904,-1.017334
IMU,3212895910,7.937500,2.437500,0.312500,0.062256,0.076660,-1.019531
IMU,3212899908,8.125000,1.625000,-0.062500,0.062012,0.076660,-1.025146
IMU,3212904911,7.812500,0.812500,-0.062500,0.059570,0.077393,-1.016602
IMU,3212908908,8.000000,1.250000,-0.437500,0.061279,0.077393,-1.018555
IMU,3212913910,8.500000,1.937500,-0.187500,0.062500,0.077148,-1.024902
IMU,3212917909,7.437500,2.062500,0.375000,0.062744,0.076660,-1.017822
IMU,3212922910,7.125000,1.062500,0.437500,0.064209,0.076172,-1.010498
IMU,3212927908,7.062500,1.562500,0.250000,0.062500,0.077393,-1.011963
IMU,3212931911,8.250000,0.875000,0.812500,0.062012,0.078125,-1.015869
IMU,3212936908,8.125000,1.437500,0.812500,0.062500,0.077881,-1.019775
IMU,3212940910,7.750000,1.875000,0.437500,0.064209,0.076660,-1.025146
IMU,3212945909,8.250000,1.312500,0.375000,0.062988,0.077637,-1.023682
IMU,3212949910,7.937500,1.625000,0.187500,0.062256,0.078125,-1.020752
IMU,3212954908,8.562500,1.437500,0.500000,0.062744,0.077881,-1.021484
IMU,3212959911,7.375000,1.437500,0.937500,0.060791,0.077393,-1.018799
IMU,3212963908,7.312500,1.812500,0.500000,0.061523,0.076416,-1.014893
IMU,3212968910,7.562500,1.750000,0.562500,0.061523,0.077148,-1.014648
IMU,3212972909,7.375000,1.250000,0.562500,0.062500,0.078125,-1.017090
IMU,3212977910,7.937500,1.000000,0.000000,0.062012,0.076904,-1.019775
IMU,3212981908,8.437500,1.750000,0.062500,0.061523,0.075928,-1.020020
IMU,3212986911,7.687500,2.437500,1.125000,0.060303,0.077148,-1.019531
IMU,3212990908,7.812500,1.875000,1.062500,0.061035,0.077637,-1.018555
IMU,3212995910,7.375000,1.875000,1.187500,0.062500,0.076172,-1.017578
IMU,3213000909,6.937500,1.750000,0.562500,0.061768,0.076416,-1.018555
IMU,3213004910,8.125000,1.500000,-0.125000,0.063477,0.076172,-1.019531
IMU,3213009908,8.000000,1.437500,0.625000,0.062988,0.075684,-1.017822
IMU,3213013911,8.187500,1.937500,0.437500,0.062500,0.075928,-1.019043
IMU,3213018908,8.375000,1.125000,0.000000,0.062500,0.075684,-1.019043
IMU,3213022910,8.687500,1.187500,0.125000,0.063232,0.075439,-1.016846
IMU,3213027909,7.687500,2.000000,0.750000,0.062744,0.075684,-1.017822
IMU,3213032910,7.437500,1.937500,-0.125000,0.062256,0.076660,-1.019531
IMU,3213036908,7.500000,1.687500,-0.437500,0.062012,0.076904,-1.017578
IMU,3213041911,7.687500,1.875000,0.187500,0.062012,0.076904,-1.017090
IMU,3213045908,8.500000,1.312500,1.125000,0.062500,0.076660,-1.019043
IMU,3213050910,8.625000,1.625000,1.250000,0.062988,0.075928,-1.020752
IMU,3213054909,8.062500,2.000000,0.187500,0.063232,0.074951,-1.019775
IMU,3213059910,6.750000,1.187500,-0.500000,0.063965,0.075684,-1.018311
IMU,3213063908,6.750000,1.250000,-0.375000,0.063477,0.075195,-1.017822
IMU,3213068911,6.812500,2.000000,0.250000,0.062012,0.076172,-1.019531
IMU,3213073908,8.000000,1.687500,0.062500,0.062744,0.075928,-1.019043
IMU,3213077910,8.437500,1.875000,-0.312500,0.063965,0.075928,-1.018799
IMU,3213082909,7.187500,1.500000,0.125000,0.062500,0.075439,-1.019043
IMU,3213086910,6.625000,1.875000,0.687500,0.062988,0.073975,-1.019775
IMU,3213091908,7.187500,2.187500,1.062500,0.065186,0.075195,-1.018799
IMU,3213095911,7.062500,0.750000,0.625000,0.065186,0.075439,-1.019775
IMU,3213100908,6.812500,1.312500,0.687500,0.063232,0.076660,-1.018311
IMU,3213105910,7.500000,1.375000,0.750000,0.062744,0.076416,-1.020020
IMU,3213109909,7.937500,1.375000,1.125000,0.063477,0.075928,-1.024658
IMU,3213114910,7.562500,1.000000,1.250000,0.061279,0.076416,-1.018799
IMU,3213118908,8.000000,1.125000,0.187500,0.062256,0.077637,-1.018555
IMU,3213123911,8.187500,1.437500,0.312500,0.062988,0.075928,-1.021240
IMU,3213127908,8.000000,1.187500,0.437500,0.061279,0.075684,-1.020020
IMU,3213132910,7.937500,0.500000,0.750000,0.060303,0.077148,-1.013672
IMU,3213136909,7.437500,1.687500,1.937500,0.061523,0.078369,-1.015381
IMU,3213141910,7.125000,2.187500,1.250000,0.062012,0.077637,-1.019287
IMU,3213146908,8.312500,1.625000,1.125000,0.061523,0.075439,-1.019043
IMU,3213150911,8.437500,1.937500,1.187500,0.063477,0.075928,-1.020020
IMU,3213155908,8.125000,2.062500,0.250000,0.061768,0.076660,-1.017578
IMU,3213159910,7.625000,1.625000,0.500000,0.062012,0.075684,-1.018799
IMU,3213164909,7.375000,1.562500,0.062500,0.063232,0.074219,-1.020996
IMU,3213168910,7.312500,1.750000,0.437500,0.062988,0.074951,-1.020996
IMU,3213173908,8.937500,1.687500,0.437500,0.062012,0.075195,-1.020996
IMU,3213178911,8.312500,2.187500,0.687500,0.062012,0.074951,-1.022705
IMU,3213182908,7.500000,1.562500,1.312500,0.062500,0.074219,-1.022461
IMU,3213187910,8.125000,1.687500,0.875000,0.062988,0.073975,-1.019775
IMU,3213191909,8.937500,2.000000,0.312500,0.062500,0.075195,-1.017578
IMU,3213196910,8.062500,2.187500,0.187500,0.063477,0.075439,-1.015625
IMU,3213200908,7.375000,1.562500,1.437500,0.062500,0.074219,-1.016357
IMU,3213205911,7.562500,1.812500,1.125000,0.062256,0.074219,-1.018799
IMU,3213210908,8.187500,1.375000,0.562500,0.062012,0.075928,-1.019775
IMU,3213214910,7.750000,0.875000,0.625000,0.061768,0.076172,-1.017578
IMU,3213219909,7.875000,1.125000,-0.187500,0.062744,0.076904,-1.018799
IMU,3213223910,8.125000,1.125000,0.250000,0.062012,0.076904,-1.021484
IMU,3213228908,7.250000,1.750000,1.125000,0.062012,0.077881,-1.018555
IMU,3213232911,7.500000,2.625000,1.375000,0.061523,0.078857,-1.017334
IMU,3213237908,8.000000,2.000000,-0.375000,0.062500,0.077637,-1.018555
IMU,3213241910,7.750000,1.250000,-1.000000,0.063477,0.077881,-1.019043
IMU,3213246909,7.625000,1.750000,-0.312500,0.062988,0.079102,-1.017578
IMU,3213251910,7.687500,1.625000,-0.375000,0.062256,0.078857,-1.017334
IMU,3213255908,7.812500,1.562500,0.250000,0.064697,0.079590,-1.018066
IMU,3213260911,7.562500,2.312500,0.500000,0.065430,0.079102,-1.018799
IMU,3213264908,7.750000,1.375000,0.937500,0.064209,0.078369,-1.018066
IMU,3213269910,8.250000,1.500000,1.437500,0.064697,0.078125,-1.016846
IMU,3213273909,8.312500,1.812500,0.437500,0.063965,0.078613,-1.019775
IMU,3213278910,8.000000,2.000000,0.125000,0.063232,0.077881,-1.021729
IMU,3213283908,8.437500,1.937500,0.437500,0.062744,0.078857,-1.021240
IMU,3213287911,8.312500,1.937500,-0.187500,0.062500,0.077637,-1.017578
IMU,3213292908,7.625000,2.062500,-0.062500,0.062256,0.077148,-1.016602
IMU,3213296910,8.062500,1.562500,-0.062500,0.063965,0.077148,-1.016846
IMU,3213301909,7.375000,1.312500,0.750000,0.062988,0.076416,-1.014893
IMU,3213305910,7.750000,1.375000,0.000000,0.060791,0.076416,-1.018799
IMU,3213310908,8.375000,1.500000,-0.375000,0.060547,0.076904,-1.019531
IMU,3213314911,8.187500,1.562500,-0.812500,0.061523,0.076416,-1.015381
IMU,3213319908,8.375000,1.937500,-0.312500,0.062012,0.075684,-1.016602
IMU,3213324910,8.375000,1.750000,0.625000,0.061035,0.075439,-1.022949
IMU,3213328909,8.500000,2.187500,0.812500,0.060303,0.075195,-1.021240
IMU,3213333910,7.687500,2.000000,0.562500,0.061768,0.074951,-1.016113
IMU,3213337908,7.625000,1.687500,0.437500,0.061279,0.074951,-1.020264
IMU,3213342911,7.937500,1.687500,-0.187500,0.060547,0.074463,-1.021484
IMU,3213346908,7.312500,2.000000,-0.125000,0.060547,0.072754,-1.019775
IMU,3213351910,7.312500,1.375000,-0.250000,0.061523,0.073730,-1.018799
IMU,3213356909,8.000000,1.562500,0.250000,0.061279,0.074463,-1.017090
IMU,3213360910,8.125000,1.687500,0.437500,0.062256,0.073242,-1.015869
IMU,3213365908,7.750000,1.187500,0.500000,0.062500,0.073975,-1.018555
IMU,3213369911,7.500000,1.562500,0.437500,0.063477,0.074707,-1.021973
IMU,3213374908,7.437500,2.125000,0.562500,0.065186,0.073730,-1.017578
IMU,3213378910,7.812500,1.500000,0.562500,0.065186,0.073486,-1.019043
IMU,3213383909,8.000000,1.625000,-0.125000,0.064697,0.072998,-1.023682
IMU,3213388910,7.625000,1.687500,0.625000,0.064453,0.074707,-1.020996
IMU,3213392908,7.437500,1.125000,0.187500,0.064941,0.075195,-1.014404
IMU,3213397911,8.125000,1.500000,-0.187500,0.063477,0.075195,-1.016357
IMU,3213401908,7.812500,1.875000,0.250000,0.063477,0.074219,-1.022217
IMU,3213406910,7.250000,1.750000,-0.562500,0.064209,0.076416,-1.020752
IMU,3213410909,7.000000,1.687500,0.312500,0.063232,0.077148,-1.018555
IMU,3213415910,7.687500,1.250000,0.187500,0.061279,0.076416,-1.019775
IMU,3213419908,7.625000,1.437500,-0.250000,0.062256,0.076660,-1.018311
IMU,3213424911,8.125000,1.562500,0.375000,0.062256,0.077881,-1.016846
IMU,3213429908,8.750000,1.437500,0.625000,0.061768,0.078857,-1.016357
IMU,3213433910,7.687500,1.500000,0.562500,0.061523,0.079346,-1.014404
IMU,3213438909,7.312500,2.312500,0.937500,0.062744,0.078125,-1.015625
IMU,3213442910,8.375000,2.062500,-0.062500,0.061279,0.078125,-1.018555
IMU,3213447908,8.000000,1.375000,-0.125000,0.060791,0.079346,-1.019531
IMU,3213451911,8.312500,1.687500,0.125000,0.061523,0.078857,-1.018555
IMU,3213456908,8.000000,2.312500,0.062500,0.062256,0.078613,-1.019531
IMU,3213461910,7.250000,1.937500,0.375000,0.061523,0.079346,-1.020020
IMU,3213465909,7.500000,2.062500,0.500000,0.061523,0.079346,-1.020020
IMU,3213470910,7.250000,1.937500,0.312500,0.060791,0.078369,-1.017334
IMU,3213474908,7.125000,1.500000,-0.312500,0.061279,0.076904,-1.016602
IMU,3213479911,7.875000,1.562500,-0.500000,0.062744,0.076660,-1.014648
IMU,3213483908,8.187500,1.250000,-0.062500,0.063232,0.076904,-1.016113
IMU,3213488910,7.062500,1.187500,0.375000,0.063721,0.077637,-1.020264
IMU,3213492909,7.437500,1.312500,0.437500,0.063232,0.077637,-1.019775
IMU,3213497910,8.812500,0.562500,1.000000,0.062988,0.076660,-1.020752
IMU,3213502908,8.187500,1.062500,0.750000,0.063965,0.075195,-1.024170
IMU,3213506911,7.000000,0.875000,0.500000,0.063232,0.075195,-1.024414
IMU,3213511908,7.312500,1.125000,1.250000,0.063232,0.076416,-1.020508
IMU,3213515910,7.312500,1.250000,0.375000,0.062744,0.074951,-1.019043
IMU,3213520909,7.875000,1.062500,-0.250000,0.063232,0.074463,-1.018066
IMU,3213524910,8.500000,2.062500,-0.375000,0.062256,0.073975,-1.017090
IMU,3213529908,7.750000,1.812500,0.312500,0.062256,0.072998,-1.016846
IMU,3213534911,7.687500,1.500000,0.125000,0.061279,0.072510,-1.017090
IMU,3213538908,7.812500,1.125000,-0.562500,0.059814,0.074219,-1.019531
IMU,3213543910,7.375000,1.312500,-0.500000,0.061035,0.073486,-1.020752
IMU,3213547909,7.875000,1.562500,0.875000,0.060547,0.074707,-1.021484
IMU,3213552910,8.750000,2.250000,1.000000,0.058594,0.075439,-1.020996
IMU,3213556908,8.625000,1.562500,0.250000,0.058838,0.074219,-1.020996
IMU,3213561911,7.312500,0.875000,-0.375000,0.059570,0.073975,-1.020996
IMU,3213566908,7.625000,1.750000,-0.062500,0.061279,0.074707,-1.020020
IMU,3213570910,8.187500,1.250000,-0.500000,0.061523,0.074219,-1.019287
IMU,3213575909,8.312500,1.250000,-0.812500,0.062256,0.074707,-1.018799
IMU,3213579910,8.437500,1.562500,0.250000,0.064453,0.076416,-1.016113
IMU,3213584908,8.562500,1.500000,0.687500,0.064209,0.077148,-1.015869
IMU,3213588911,8.187500,1.687500,0.750000,0.063965,0.075195,-1.022217
IMU,3213593908,7.687500,1.437500,0.125000,0.062744,0.075439,-1.019775
IMU,3213597910,7.812500,1.625000,-0.250000,0.064941,0.074951,-1.020264
IMU,3213602909,7.437500,1.812500,0.312500,0.064209,0.074463,-1.021729
IMU,3213607910,7.375000,1.812500,0.562500,0.063477,0.074463,-1.020020
IMU,3213611908,8.062500,1.500000,0.750000,0.063232,0.075439,-1.015869
IMU,3213616911,8.500000,1.562500,0.500000,0.064453,0.076416,-1.016113
IMU,3213620908,7.437500,1.500000,0.375000,0.062744,0.077393,-1.018311
IMU,3213625910,7.687500,1.500000,-0.312500,0.062500,0.078857,-1.020508
IMU,3213629909,8.187500,1.312500,-1.375000,0.063232,0.077881,-1.024170
IMU,3213634910,8.375000,0.875000,0.062500,0.062256,0.078125,-1.023438
IMU,3213639908,8.062500,1.125000,0.500000,0.061279,0.078125,-1.018555
IMU,3213643911,8.187500,1.437500,0.750000,0.061035,0.077881,-1.017334
IMU,3213648908,7.875000,1.875000,0.937500,0.063721,0.078369,-1.015625
IMU,3213652910,8.062500,1.937500,1.312500,0.061279,0.079346,-1.011963
IMU,3213657909,7.937500,1.937500,0.687500,0.061279,0.077881,-1.012207
IMU,3213661910,7.937500,2.000000,0.187500,0.062256,0.078613,-1.015381
IMU,3213666908,7.875000,1.250000,0.437500,0.062012,0.078613,-1.016357
IMU,3213670911,7.937500,0.625000,0.062500,0.062744,0.077881,-1.020020
IMU,3213675908,8.437500,0.250000,0.375000,0.062500,0.077881,-1.021973
IMU,3213680910,8.562500,0.250000,0.000000,0.061768,0.078857,-1.020752
IMU,3213684909,8.062500,0.812500,-0.062500,0.062012,0.078613,-1.020020
IMU,3213689910,7.437500,1.125000,-0.375000,0.061768,0.078857,-1.019043
IMU,3213693908,7.562500,1.312500,-0.250000,0.061279,0.077881,-1.017334
IMU,3213698911,8.125000,1.000000,-0.187500,0.061768,0.077148,-1.018066
IMU,3213702908,7.562500,1.562500,0.437500,0.062500,0.077393,-1.017578
IMU,3213707910,7.812500,2.062500,1.250000,0.063232,0.076904,-1.015381
IMU,3213712909,8.375000,1.250000,0.937500,0.063721,0.076172,-1.014404
IMU,3213716910,7.250000,0.437500,0.312500,0.062012,0.075195,-1.016602
IMU,3213721908,7.625000,0.750000,-0.125000,0.061035,0.075684,-1.019043
IMU,3213725911,7.250000,1.437500,0.312500,0.062500,0.075195,-1.020020
IMU,3213730908,7.625000,1.187500,0.125000,0.062744,0.074219,-1.022461
IMU,3213734910,8.625000,1.187500,0.000000,0.062744,0.073486,-1.023926
IMU,3213739909,7.562500,0.625000,1.187500,0.062256,0.073486,-1.024414
IMU,3213743910,7.125000,0.625000,1.500000,0.063232,0.073486,-1.021973
IMU,3213748908,7.687500,1.187500,0.125000,0.063232,0.072510,-1.018555
IMU,3213753911,7.875000,1.000000,-1.062500,0.063721,0.072266,-1.018066
IMU,3213757908,8.000000,1.062500,-0.187500,0.063477,0.072510,-1.020264
IMU,3213762910,7.750000,1.187500,0.625000,0.063232,0.072266,-1.019043
IMU,3213766909,7.000000,1.375000,0.937500,0.062988,0.073242,-1.018311
IMU,3213771910,7.562500,0.937500,1.000000,0.062256,0.072510,-1.018555
IMU,3213775908,8.562500,0.812500,0.687500,0.060059,0.073975,-1.019043
IMU,3213780911,7.437500,1.812500,-0.125000,0.061523,0.073975,-1.019775
IMU,3213785908,8.437500,1.687500,0.250000,0.061768,0.073486,-1.020996
IMU,3213789910,7.937500,1.875000,1.437500,0.061768,0.074707,-1.022217
IMU,3213794909,7.937500,1.250000,0.125000,0.062256,0.073242,-1.022217
IMU,3213798910,8.250000,0.937500,0.437500,0.063232,0.073730,-1.019775
IMU,3213803908,7.562500,1.437500,0.687500,0.063721,0.074707,-1.019287
IMU,3213807911,7.812500,1.500000,-0.437500,0.062988,0.074707,-1.019287
IMU,3213812908,8.062500,1.750000,0.062500,0.062744,0.074707,-1.017090
IMU,3213817910,8.125000,1.500000,1.000000,0.063721,0.076416,-1.016846
IMU,3213821909,9.062500,1.437500,1.625000,0.062012,0.078369,-1.014648
IMU,3213826910,8.750000,1.437500,0.125000,0.062500,0.078857,-1.017334
IMU,3213830908,8.312500,2.187500,0.750000,0.063232,0.078125,-1.019531
IMU,3213835911,8.437500,1.562500,0.812500,0.064209,0.078369,-1.022949
IMU,3213839908,8.000000,0.562500,0.875000,0.063477,0.077637,-1.021484
IMU,3213844910,7.312500,1.000000,0.250000,0.060547,0.078613,-1.020020
IMU,3213848909,6.937500,1.687500,0.250000,0.061279,0.077881,-1.015869
IMU,3213853910,7.812500,1.562500,0.500000,0.061768,0.077881,-1.008789
IMU,3213858908,8.250000,1.562500,0.187500,0.062012,0.079590,-1.010742
IMU,3213862911,7.625000,1.312500,-0.250000,0.060547,0.079834,-1.017822
IMU,3213867908,7.437500,1.250000,-0.687500,0.060059,0.080811,-1.021240
IMU,3213871910,8.000000,0.937500,-0.687500,0.061035,0.082275,-1.020508
IMU,3213876909,7.250000,1.562500,-0.937500,0.061035,0.080322,-1.017822
IMU,3213880910,7.625000,1.312500,0.125000,0.060059,0.079590,-1.019775
IMU,3213885908,8.500000,1.625000,1.062500,0.062256,0.079346,-1.018311
IMU,3213890911,7.875000,0.562500,1.000000,0.063721,0.079590,-1.016113
IMU,3213894908,7.500000,0.750000,0.250000,0.062500,0.078369,-1.015137
IMU,3213899910,8.187500,1.312500,-0.125000,0.063965,0.078369,-1.016846
IMU,3213903909,8.500000,0.687500,-0.687500,0.064941,0.077637,-1.018311
IMU,3213908910,7.812500,0.812500,-0.687500,0.063477,0.077148,-1.020996
IMU,3213912908,7.750000,0.937500,-0.687500,0.062500,0.076172,-1.018311
IMU,3213917911,8.500000,1.375000,0.562500,0.064209,0.074463,-1.019531
IMU,3213921908,8.250000,1.812500,0.562500,0.063721,0.074951,-1.020508
IMU,3213926910,8.062500,1.250000,0.875000,0.063232,0.076660,-1.021729
IMU,3213931909,8.125000,1.125000,0.250000,0.062988,0.075684,-1.022705
IMU,3213935910,7.562500,0.937500,-0.687500,0.062012,0.073730,-1.021240
IMU,3213940908,7.375000,0.937500,0.250000,0.061523,0.073242,-1.019287
IMU,3213944911,7.812500,1.312500,0.562500,0.062500,0.072998,-1.019043
IMU,3213949908,7.937500,1.187500,1.125000,0.062256,0.074463,-1.016846
IMU,3213953910,7.687500,1.312500,0.562500,0.062744,0.073730,-1.017090
IMU,3213958909,7.250000,1.250000,0.437500,0.062988,0.073486,-1.018799
IMU,3213963910,7.687500,1.437500,0.687500,0.062012,0.072754,-1.021973
IMU,3213967908,7.875000,1.312500,0.875000,0.061035,0.073242,-1.022705
IMU,3213972911,7.937500,1.437500,0.187500,0.062256,0.072510,-1.025146
IMU,3213976908,8.187500,0.750000,0.187500,0.062256,0.072998,-1.022705
IMU,3213981910,8.500000,2.312500,1.187500,0.062500,0.073975,-1.019775
IMU,3213985909,7.750000,2.187500,0.750000,0.061768,0.074219,-1.017090
IMU,3213990910,7.125000,1.312500,-0.187500,0.061035,0.073975,-1.016357
IMU,3213995908,8.250000,1.125000,-0.562500,0.060547,0.073975,-1.004883
IMU,3213999911,7.687500,2.000000,0.687500,0.061523,0.075928,-1.008789
IMU,3214004908,6.562500,1.812500,1.000000,0.062012,0.075195,-1.023193
IMU,3214008910,7.500000,1.812500,0.250000,0.061035,0.074463,-1.024170
IMU,3214013909,7.500000,1.750000,0.125000,0.063721,0.075928,-1.036133
IMU,3214017910,7.500000,1.000000,-0.437500,0.064697,0.076416,-1.033691
IMU,3214022908,8.250000,0.625000,-0.375000,0.064453,0.075928,-1.030029
IMU,3214026911,7.500000,0.437500,0.312500,0.064941,0.075684,-1.024170
IMU,3214031908,7.750000,0.812500,1.125000,0.064453,0.076660,-1.019043
IMU,3214036910,7.062500,0.812500,1.500000,0.065186,0.077148,-1.014160
IMU,3214040909,6.937500,1.250000,0.875000,0.065186,0.077393,-1.008057
IMU,3214045910,8.062500,0.687500,0.187500,0.063721,0.076660,-1.011230
IMU,3214049908,8.000000,1.375000,0.125000,0.062988,0.077148,-1.011475
IMU,3214054911,7.000000,1.812500,0.625000,0.063232,0.075684,-1.012939
IMU,3214058908,7.937500,1.875000,0.437500,0.062988,0.077637,-1.019531
IMU,3214063910,8.000000,1.187500,0.187500,0.062012,0.078613,-1.017090
IMU,3214068909,8.562500,1.312500,0.375000,0.061035,0.079102,-1.019531
IMU,3214072910,8.437500,2.187500,-0.500000,0.060791,0.080566,-1.026367
IMU,3214077908,7.937500,1.500000,-0.062500,0.059326,0.081543,-1.019287
IMU,3214081911,7.062500,1.125000,0.250000,0.062012,0.081055,-1.016113
IMU,3214086908,7.562500,1.375000,0.312500,0.062744,0.079590,-1.016846
IMU,3214090910,7.875000,1.312500,0.750000,0.062012,0.078857,-1.017334
IMU,3214095909,7.500000,2.062500,0.562500,0.063477,0.078369,-1.016357
IMU,3214099910,8.000000,1.687500,0.750000,0.063965,0.079102,-1.016846
IMU,3214104908,8.750000,2.250000,0.750000,0.062988,0.080322,-1.020020
IMU,3214109911,7.875000,2.187500,0.312500,0.063477,0.079102,-1.023438
IMU,3214113908,7.312500,0.750000,-0.062500,0.064453,0.078613,-1.020996
IMU,3214118910,7.937500,0.937500,0.750000,0.065186,0.078613,-1.015869
IMU,3214122909,8.562500,1.125000,0.625000,0.062988,0.078613,-1.011719
IMU,3214127910,8.250000,0.625000,0.375000,0.062744,0.078125,-1.015869
IMU,3214131908,8.062500,0.687500,0.250000,0.062500,0.079590,-1.018311
IMU,3214136911,8.562500,1.000000,-0.187500,0.062012,0.078857,-1.019531
IMU,3214141908,8.000000,2.125000,0.250000,0.062500,0.077637,-1.021729
IMU,3214145910,7.312500,1.062500,0.500000,0.063721,0.078125,-1.022461
IMU,3214150909,7.437500,1.125000,0.250000,0.062744,0.076904,-1.020996
IMU,3214154910,7.812500,1.687500,0.312500,0.063232,0.076660,-1.020020
IMU,3214159908,7.812500,2.625000,-0.125000,0.062500,0.076416,-1.018555
IMU,3214163911,8.562500,1.562500,0.062500,0.062988,0.075439,-1.016357
IMU,3214168908,7.125000,1.250000,-0.437500,0.062500,0.076660,-1.019043
IMU,3214172910,7.187500,1.375000,-0.187500,0.063477,0.074463,-1.020508
IMU,3214177909,8.125000,1.187500,0.500000,0.062744,0.073975,-1.019287
IMU,3214182910,8.375000,1.500000,0.937500,0.063232,0.073242,-1.018555
IMU,3214186908,8.500000,1.875000,1.187500,0.062012,0.072510,-1.019531
IMU,3214191911,8.062500,1.437500,0.250000,0.061768,0.072754,-1.020264
IMU,3214195908,8.187500,1.687500,-0.437500,0.060791,0.073242,-1.019287
IMU,3214200910,8.687500,2.562500,-0.312500,0.061523,0.072754,-1.018311
IMU,3214204909,8.562500,2.000000,-0.562500,0.061279,0.071045,-1.020020
IMU,3214209910,8.375000,1.062500,-0.375000,0.061768,0.071289,-1.020996
IMU,3214214908,8.187500,1.875000,-0.125000,0.061768,0.072998,-1.020508
IMU,3214218911,7.687500,1.500000,0.375000,0.061523,0.072266,-1.021973
IMU,3214223908,8.250000,2.312500,0.812500,0.060547,0.071777,-1.020752
IMU,3214227910,7.562500,1.687500,1.250000,0.062256,0.072998,-1.019287
IMU,3214232909,7.437500,1.750000,0.687500,0.062988,0.072266,-1.019775
IMU,3214236910,8.562500,2.000000,0.625000,0.062256,0.072754,-1.021484
IMU,3214241908,8.750000,1.562500,0.000000,0.062988,0.073486,-1.023682
IMU,3214246911,7.875000,1.812500,0.500000,0.064453,0.073730,-1.022705
IMU,3214250908,7.500000,1.875000,0.812500,0.066895,0.075195,-1.020752
IMU,3214255910,7.937500,1.750000,0.812500,0.064697,0.075928,-1.017822
IMU,3214259909,7.750000,2.000000,0.000000,0.063721,0.076660,-1.018555
IMU,3214264910,8.187500,2.625000,0.375000,0.063965,0.078369,-1.019531
IMU,3214268908,7.875000,2.187500,0.750000,0.063477,0.078613,-1.015869
IMU,3214273911,7.312500,2.187500,0.625000,0.063232,0.079102,-1.018555
IMU,3214277908,7.375000,2.625000,0.937500,0.062256,0.080566,-1.021484
IMU,3214282910,7.062500,2.187500,-0.375000,0.061523,0.080811,-1.020752
IMU,3214287909,8.125000,2.500000,-1.062500,0.061523,0.080322,-1.018066
IMU,3214291910,8.187500,2.125000,-1.125000,0.060791,0.079590,-1.017578
IMU,3214296908,7.812500,2.062500,-0.875000,0.060547,0.079590,-1.020752
IMU,3214300911,7.875000,1.937500,-0.187500,0.060303,0.081299,-1.018555
IMU,3214305908,7.812500,2.812500,-0.500000,0.062012,0.081055,-1.016846
IMU,3214309910,7.875000,2.625000,-0.187500,0.062744,0.081055,-1.015625
IMU,3214314909,7.937500,2.937500,0.250000,0.062256,0.080811,-1.015381
IMU,3214319910,7.937500,2.750000,0.062500,0.061768,0.080078,-1.021240
IMU,3214323908,7.875000,2.875000,0.812500,0.060791,0.082031,-1.018555
IMU,3214328911,7.687500,2.687500,0.750000,0.063477,0.082520,-1.016602
IMU,3214332908,7.750000,3.062500,-0.187500,0.064209,0.080566,-1.018799
IMU,3214337910,8.437500,3.250000,0.375000,0.063721,0.080566,-1.018066
IMU,3214341909,8.312500,2.875000,0.437500,0.062988,0.079834,-1.015137
IMU,3214346910,7.625000,2.625000,0.687500,0.063477,0.080078,-1.010986
IMU,3214350908,7.937500,2.312500,0.875000,0.062744,0.079346,-1.015137
IMU,3214355911,9.187500,2.687500,1.000000,0.063721,0.078857,-1.017822
IMU,3214360908,8.937500,3.062500,0.187500,0.063477,0.079346,-1.020508
IMU,3214364910,8.937500,2.937500,-0.125000,0.061523,0.080322,-1.021240
IMU,3214369909,8.312500,3.125000,0.062500,0.060547,0.078369,-1.022217
IMU,3214373910,7.875000,2.500000,0.000000,0.062256,0.077393,-1.023682
IMU,3214378908,7.687500,2.312500,0.312500,0.062744,0.076660,-1.021240
IMU,3214382911,8.062500,1.937500,0.375000,0.063232,0.076416,-1.016602
IMU,3214387908,7.812500,2.312500,-0.187500,0.063721,0.073730,-1.013428
IMU,3214392910,7.500000,2.187500,0.375000,0.062988,0.072998,-1.014648
IMU,3214396909,8.000000,1.812500,0.625000,0.062256,0.073975,-1.015137
IMU,3214401910,7.687500,2.062500,0.937500,0.061035,0.073242,-1.017822
IMU,3214405908,8.500000,2.625000,1.062500,0.062012,0.072510,-1.021240
IMU,3214410911,7.437500,1.875000,0.875000,0.061523,0.071777,-1.023926
IMU,3214414908,7.437500,1.187500,-0.250000,0.062744,0.071045,-1.025635
IMU,3214419910,8.250000,1.375000,0.000000,0.062500,0.070801,-1.023193
IMU,3214424909,7.687500,1.562500,0.000000,0.060303,0.071045,-1.021973
IMU,3214428910,7.437500,1.625000,-0.437500,0.060791,0.070557,-1.021484
IMU,3214433908,7.562500,1.750000,-0.187500,0.060547,0.070068,-1.019531
IMU,3214437911,8.062500,1.687500,-0.312500,0.060791,0.070557,-1.016846
IMU,3214442908,8.062500,2.500000,0.062500,0.061768,0.071289,-1.017334
IMU,3214446910,8.375000,2.687500,0.500000,0.061768,0.071533,-1.016602
IMU,3214451909,8.125000,2.437500,0.125000,0.061768,0.072021,-1.019043
IMU,3214455910,7.875000,2.000000,-0.937500,0.062988,0.072266,-1.022461
IMU,3214460908,8.187500,2.187500,-0.500000,0.065674,0.072510,-1.022461
IMU,3214465911,8.562500,1.750000,0.062500,0.064453,0.073730,-1.021484
IMU,3214469908,8.437500,1.750000,-0.062500,0.064697,0.072998,-1.020996
IMU,3214474910,8.562500,1.937500,0.062500,0.064697,0.072998,-1.021484
IMU,3214478909,8.875000,2.000000,0.562500,0.063477,0.073730,-1.020508
IMU,3214483910,7.812500,1.312500,1.000000,0.063965,0.075439,-1.020020
IMU,3214487908,7.687500,1.125000,1.187500,0.064697,0.076660,-1.019775
IMU,3214492911,8.125000,1.562500,-0.187500,0.063721,0.077393,-1.018311
IMU,3214497908,8.375000,2.312500,-0.125000,0.062988,0.077881,-1.019775
IMU,3214501910,8.750000,1.875000,-0.375000,0.062500,0.078613,-1.020020
IMU,3214506909,7.812500,2.250000,-0.562500,0.060547,0.080322,-1.019775
IMU,3214510910,7.625000,1.312500,0.687500,0.060303,0.080322,-1.017578
IMU,3214515908,8.875000,1.625000,0.812500,0.060303,0.078857,-1.016357
IMU,3214519911,8.750000,1.750000,0.187500,0.060547,0.079102,-1.015869
IMU,3214524908,8.000000,2.500000,-0.375000,0.060791,0.078613,-1.019287
IMU,3214528910,7.625000,2.687500,-0.125000,0.061279,0.079346,-1.021484
IMU,3214533909,7.937500,2.000000,0.250000,0.061523,0.079590,-1.021973
IMU,3214538910,7.750000,1.562500,0.437500,0.061035,0.078857,-1.021729
IMU,3214542908,8.062500,1.500000,0.750000,0.063232,0.078857,-1.018066
IMU,3214547911,8.375000,1.125000,1.187500,0.063721,0.078613,-1.014404
IMU,3214551908,8.250000,1.875000,0.125000,0.062988,0.078857,-1.015137
IMU,3214556910,7.625000,2.187500,0.750000,0.063232,0.079590,-1.017090
IMU,3214560909,8.375000,2.187500,0.687500,0.064209,0.080078,-1.017334
IMU,3214565910,7.750000,2.937500,0.062500,0.064209,0.079346,-1.020020
IMU,3214570908,7.312500,1.937500,-0.062500,0.063232,0.078857,-1.021729
IMU,3214574911,8.125000,2.812500,0.750000,0.063477,0.079590,-1.020508
IMU,3214579908,9.437500,2.125000,0.625000,0.064209,0.079346,-1.018311
IMU,3214583910,8.687500,1.375000,0.062500,0.063477,0.079102,-1.017822
IMU,3214588909,8.375000,2.000000,0.062500,0.062256,0.077393,-1.016846
IMU,3214592910,8.062500,2.500000,0.625000,0.062988,0.078613,-1.018311
IMU,3214597908,8.312500,1.750000,0.937500,0.062256,0.078369,-1.018799
IMU,3214601911,7.750000,1.687500,0.625000,0.062012,0.078857,-1.016357
IMU,3214606908,7.687500,2.125000,0.312500,0.062500,0.077881,-1.014160
IMU,3214611910,7.500000,3.125000,0.187500,0.062012,0.076904,-1.010254
IMU,3214615909,7.687500,3.500000,-0.187500,0.062256,0.076416,-1.013184
IMU,3214620910,8.000000,3.437500,-0.500000,0.062500,0.076416,-1.015625
IMU,3214624908,8.375000,3.437500,-0.125000,0.063477,0.075928,-1.017822
IMU,3214629911,9.000000,2.875000,0.875000,0.061768,0.074219,-1.021973
IMU,3214633908,8.250000,2.437500,0.875000,0.062988,0.073242,-1.023682
IMU,3214638910,8.250000,2.812500,0.187500,0.062256,0.075439,-1.022705
IMU,3214643909,8.187500,2.750000,-0.375000,0.061279,0.075195,-1.019775
IMU,3214647910,8.062500,2.375000,-0.250000,0.061768,0.075195,-1.018311
IMU,3214652908,8.125000,2.250000,0.187500,0.061035,0.074951,-1.016846
IMU,3214656911,7.500000,2.187500,0.562500,0.062256,0.075684,-1.018799
IMU,3214661908,8.062500,2.937500,0.125000,0.061523,0.074219,-1.019775
IMU,3214665910,8.375000,3.312500,0.250000,0.062256,0.073486,-1.018555
IMU,3214670909,8.562500,2.500000,0.437500,0.062012,0.072998,-1.018311
IMU,3214675910,7.500000,2.812500,1.000000,0.063232,0.072021,-1.019775
IMU,3214679908,7.875000,3.062500,-0.875000,0.062744,0.072021,-1.020264
IMU,3214684911,8.500000,3.125000,-0.562500,0.062988,0.073486,-1.021484
IMU,3214688908,8.937500,2.812500,-0.062500,0.063477,0.072998,-1.022461
IMU,3214693910,7.500000,2.875000,-0.062500,0.063721,0.072021,-1.021484
IMU,3214697909,8.187500,1.875000,0.375000,0.063232,0.071777,-1.020020
IMU,3214702910,9.000000,2.125000,-0.187500,0.063232,0.073242,-1.018311
IMU,3214706908,8.687500,2.312500,0.062500,0.063721,0.072998,-1.016602
IMU,3214711911,7.500000,2.750000,0.562500,0.062988,0.074463,-1.016357
IMU,3214716908,7.875000,2.687500,-0.062500,0.062500,0.074951,-1.017578
IMU,3214720910,8.625000,2.187500,0.500000,0.062744,0.076416,-1.020264
IMU,3214725909,8.750000,1.625000,0.875000,0.061768,0.077393,-1.020264
IMU,3214729910,7.937500,2.187500,1.812500,0.059814,0.078613,-1.019775
IMU,3214734908,8.437500,1.937500,1.125000,0.061523,0.078857,-1.019043
IMU,3214738911,8.187500,2.125000,0.500000,0.060791,0.079834,-1.016846
IMU,3214743908,8.125000,2.562500,0.687500,0.060059,0.079346,-1.014893
IMU,3214748910,8.062500,2.500000,0.437500,0.060303,0.078369,-1.015869
IMU,3214752909,7.562500,2.312500,0.875000,0.061279,0.080322,-1.015381
IMU,3214757910,8.375000,2.187500,-0.187500,0.060547,0.080566,-1.015869
IMU,3214761908,8.500000,2.312500,0.000000,0.061523,0.079590,-1.020020
IMU,3214766911,7.750000,2.562500,-0.562500,0.062012,0.079346,-1.020752
IMU,3214770908,7.312500,2.875000,0.062500,0.062988,0.079102,-1.019531
IMU,3214775910,7.500000,1.937500,1.125000,0.062988,0.079346,-1.020752
IMU,3214779909,7.625000,1.000000,1.250000,0.064209,0.077393,-1.020020
IMU,3214784910,8.250000,1.625000,0.750000,0.063965,0.078125,-1.018555
IMU,3214789908,8.625000,2.250000,1.375000,0.062500,0.078613,-1.018799
IMU,3214793911,7.562500,2.375000,0.625000,0.062500,0.077881,-1.019043
IMU,3214798908,6.812500,1.937500,0.937500,0.062500,0.075195,-1.018799
IMU,3214802910,8.187500,1.687500,0.625000,0.063721,0.075928,-1.018311
IMU,3214807909,8.125000,1.375000,0.062500,0.063477,0.076904,-1.019287
IMU,3214811910,7.875000,2.125000,0.187500,0.061279,0.076904,-1.018311
IMU,3214816908,8.125000,3.250000,0.250000,0.060791,0.076660,-1.018066
IMU,3214821911,7.937500,2.687500,0.437500,0.062012,0.075439,-1.019775
IMU,3214825908,8.437500,3.875000,0.187500,0.061279,0.075684,-1.020020
IMU,3214830910,8.375000,4.375000,-0.312500,0.062012,0.074219,-1.016602
IMU,3214834909,8.812500,4.500000,0.437500,0.062744,0.074219,-1.018799
IMU,3214839910,8.812500,4.437500,0.500000,0.062988,0.073486,-1.020020
IMU,3214843908,8.437500,3.625000,0.812500,0.062256,0.072998,-1.018066
IMU,3214848911,8.625000,4.312500,-0.312500,0.062500,0.072998,-1.018555
IMU,3214853908,8.687500,4.437500,0.187500,0.062988,0.072754,-1.020264
IMU,3214857910,8.250000,5.250000,-0.187500,0.062012,0.072998,-1.021973
IMU,3214862909,8.312500,5.625000,0.250000,0.061768,0.073486,-1.021729
IMU,3214866910,8.187500,5.375000,1.375000,0.062988,0.073975,-1.020508
IMU,3214871908,9.187500,4.750000,0.062500,0.063232,0.072998,-1.018311
IMU,3214875911,9.625000,4.812500,-0.625000,0.062256,0.073486,-1.016357
IMU,3214880908,9.125000,4.250000,-0.437500,0.062500,0.074219,-1.018555
IMU,3214884910,7.875000,4.125000,-0.187500,0.063477,0.074951,-1.021729
IMU,3214889909,7.875000,3.937500,0.000000,0.063232,0.075195,-1.021484
IMU,3214894910,9.187500,4.312500,0.812500,0.062988,0.074219,-1.022949
IMU,3214898908,7.750000,4.187500,0.812500,0.062744,0.074707,-1.023438
IMU,3214903911,8.062500,4.187500,0.875000,0.062744,0.075195,-1.020996
IMU,3214907908,9.437500,4.500000,0.062500,0.063232,0.075439,-1.020020
IMU,3214912910,9.312500,3.875000,-0.312500,0.063232,0.074951,-1.020020
IMU,3214916909,8.812500,4.250000,-0.250000,0.062988,0.075195,-1.018555
IMU,3214921910,8.750000,4.812500,1.375000,0.064453,0.075684,-1.018066
IMU,3214926908,8.937500,4.687500,1.000000,0.064697,0.076172,-1.016113
IMU,3214930911,9.500000,4.312500,1.125000,0.063721,0.076416,-1.017578
IMU,3214935908,9.250000,4.062500,-0.250000,0.063232,0.077393,-1.019043
IMU,3214939910,9.687500,4.937500,-0.562500,0.062256,0.078125,-1.020264
IMU,3214944909,9.875000,5.062500,-0.187500,0.062500,0.078613,-1.021240
IMU,3214948910,8.750000,4.562500,-0.500000,0.063477,0.078125,-1.022705
IMU,3214953908,8.687500,4.312500,0.375000,0.062988,0.078857,-1.019287
IMU,3214957911,9.062500,3.875000,0.250000,0.061279,0.079834,-1.017334
IMU,3214962908,9.000000,4.375000,0.250000,0.061035,0.080566,-1.015869
IMU,3214967910,9.187500,4.187500,0.812500,0.060547,0.080322,-1.014404
IMU,3214971909,9.125000,4.500000,0.562500,0.062500,0.079590,-1.015137
IMU,3214976910,9.125000,4.187500,0.250000,0.062744,0.081055,-1.019531
IMU,3214980908,9.000000,4.312500,0.062500,0.062012,0.080322,-1.020508
IMU,3214985911,8.687500,4.625000,0.812500,0.062256,0.079590,-1.021240
IMU,3214989908,8.625000,4.375000,1.250000,0.062988,0.079834,-1.020264
IMU,3214994910,9.125000,4.000000,0.937500,0.063721,0.078857,-1.019043
IMU,3214999909,8.812500,4.437500,0.937500,0.064209,0.078613,-1.016846
IMU,3215003910,8.937500,4.812500,0.437500,0.062988,0.079102,-1.015137
IMU,3215008908,8.562500,4.750000,0.687500,0.064453,0.079834,-1.015625
IMU,3215012911,8.875000,3.625000,0.687500,0.064941,0.080078,-1.017822
IMU,3215017908,8.812500,3.812500,0.250000,0.064697,0.080078,-1.020508
IMU,3215021910,8.625000,3.437500,0.687500,0.062500,0.079834,-1.020752
IMU,3215026909,8.812500,2.625000,0.812500,0.062256,0.079346,-1.020752
IMU,3215031910,8.875000,3.125000,0.000000,0.062988,0.078125,-1.021484
IMU,3215035908,9.000000,3.625000,0.312500,0.062744,0.077637,-1.018799
IMU,3215040911,9.250000,3.125000,0.625000,0.064209,0.076172,-1.016357
IMU,3215044908,9.062500,3.125000,0.625000,0.063477,0.075439,-1.016357
IMU,3215049910,8.125000,3.250000,0.500000,0.062988,0.074951,-1.017090
IMU,3215053909,8.000000,3.000000,0.062500,0.062256,0.076416,-1.017334
IMU,3215058910,8.062500,3.500000,0.187500,0.061523,0.075195,-1.019775
IMU,3215062908,8.312500,3.812500,0.687500,0.062012,0.073242,-1.020264
IMU,3215067911,8.062500,3.687500,0.125000,0.062012,0.073730,-1.022461
IMU,3215072908,8.125000,3.562500,0.250000,0.062744,0.073730,-1.022217
IMU,3215076910,8.437500,3.750000,-0.250000,0.062988,0.073242,-1.022217
IMU,3215081909,8.750000,3.062500,-0.500000,0.062500,0.072754,-1.020508
IMU,3215085910,8.187500,3.500000,-0.250000,0.062500,0.072754,-1.018066
IMU,3215090908,7.562500,3.750000,-0.437500,0.062744,0.073242,-1.017578
IMU,3215094911,7.812500,3.937500,-0.812500,0.063232,0.073242,-1.016357
IMU,3215099908,8.125000,4.625000,0.062500,0.063721,0.073242,-1.019043
IMU,3215104910,7.812500,4.750000,0.625000,0.063477,0.071777,-1.020508
IMU,3215108909,8.187500,4.562500,0.562500,0.063477,0.072021,-1.020996
IMU,3215113910,8.687500,4.375000,0.062500,0.062744,0.073242,-1.022217
IMU,3215117908,8.500000,4.250000,0.187500,0.062988,0.074463,-1.022705
IMU,3215122911,8.437500,4.062500,-0.500000,0.063965,0.074463,-1.020752
IMU,3215126908,7.937500,4.687500,-0.312500,0.062988,0.073486,-1.020020
IMU,3215131910,7.375000,4.625000,0.375000,0.062988,0.072998,-1.019043
IMU,3215135909,7.375000,4.812500,0.937500,0.063232,0.075195,-1.019531
IMU,3215140910,7.250000,4.562500,0.687500,0.063232,0.075439,-1.018066
IMU,3215145908,7.625000,4.437500,0.750000,0.063232,0.074951,-1.018799
IMU,3215149911,8.062500,4.750000,0.000000,0.062256,0.076172,-1.020264
IMU,3215154908,7.875000,4.562500,0.000000,0.062744,0.076416,-1.018799
IMU,3215158910,8.250000,4.625000,0.875000,0.062012,0.077393,-1.019531
IMU,3215163909,8.750000,4.125000,1.500000,0.062500,0.077881,-1.018311
IMU,3215167910,8.500000,4.437500,0.625000,0.062988,0.078369,-1.017334
IMU,3215172908,7.937500,4.000000,1.062500,0.062012,0.078369,-1.018066
IMU,3215177911,7.625000,4.375000,0.687500,0.060547,0.080566,-1.019531
IMU,3215181908,7.375000,4.437500,-0.250000,0.063721,0.080322,-1.019043
IMU,3215186910,7.875000,3.687500,0.375000,0.063232,0.080078,-1.018799
IMU,3215190909,8.437500,3.937500,0.062500,0.061279,0.079834,-1.019043
IMU,3215195910,7.875000,4.312500,0.125000,0.061523,0.079102,-1.018799
IMU,3215199908,7.500000,4.500000,0.875000,0.063477,0.079590,-1.018311
IMU,3215204911,7.687500,4.187500,0.500000,0.064209,0.080566,-1.018799
IMU,3215208908,8.687500,3.875000,-0.187500,0.062988,0.079590,-1.017090
IMU,3215213910,7.750000,3.750000,-0.062500,0.063232,0.079590,-1.016846
IMU,3215218909,7.500000,3.750000,0.500000,0.063721,0.079102,-1.017090
IMU,3215222910,7.375000,4.000000,0.187500,0.064453,0.078125,-1.017334
IMU,3215227908,6.687500,4.562500,1.375000,0.064697,0.079346,-1.020020
IMU,3215231911,6.875000,4.125000,0.437500,0.064697,0.079590,-1.020264
IMU,3215236908,7.562500,3.437500,0.000000,0.064697,0.078613,-1.020752
IMU,3215240910,7.625000,3.125000,0.062500,0.063477,0.078125,-1.019531
IMU,3215245909,7.687500,3.625000,-0.437500,0.063965,0.078857,-1.018799
IMU,3215250910,7.187500,3.375000,-0.250000,0.064209,0.079102,-1.019531
IMU,3215254908,6.812500,3.312500,0.562500,0.062744,0.079102,-1.019043
IMU,3215259911,6.625000,2.812500,0.312500,0.063232,0.079102,-1.018311
IMU,3215263908,6.875000,3.687500,0.437500,0.062012,0.078857,-1.019531
IMU,3215268910,7.625000,3.312500,0.437500,0.063721,0.072998,-1.018799
IMU,3215272909,7.375000,2.500000,1.000000,0.097900,-0.017334,-1.018311
IMU,3215277910,7.500000,3.062500,-3.750000,0.057617,0.081543,-1.019775
IMU,3215282908,6.875000,3.437500,-3.687500,0.039307,0.135742,-1.023438
IMU,3215286911,6.250000,2.750000,-1.437500,0.060791,0.083740,-1.023193
IMU,3215291908,6.562500,2.312500,-0.937500,0.069092,0.071289,-1.019043
IMU,3215295910,7.187500,3.250000,-1.937500,0.068604,0.072754,-1.016357
IMU,3215300909,8.000000,2.687500,-5.187500,0.069580,0.038330,-1.012939
IMU,3215304910,8.437500,2.750000,-20.937500,0.071289,-0.044434,-1.008545
IMU,3215309908,7.875000,3.125000,-27.250000,0.044434,0.133057,-1.011230
IMU,3215313911,7.187500,3.937500,-17.562500,0.057617,0.114014,-1.012695
IMU,3215318908,6.937500,3.875000,-16.500000,0.065186,0.075439,-1.016113
IMU,3215323910,7.500000,3.250000,-20.062500,0.068604,0.045410,-1.018066
IMU,3215327909,7.937500,3.375000,-22.187500,0.059570,0.075439,-1.021240
IMU,3215332910,8.812500,2.812500,-18.187500,0.060547,0.092041,-1.021484
IMU,3215336908,8.500000,2.812500,-17.625000,0.063721,0.064209,-1.020996
IMU,3215341911,7.875000,3.437500,-20.437500,0.064453,0.065674,-1.023438
IMU,3215345908,7.562500,3.812500,-20.562500,0.063232,0.066162,-1.026855
IMU,3215350910,8.000000,2.562500,-21.500000,0.059814,0.077881,-1.028076
IMU,3215355909,8.375000,2.687500,-19.937500,0.060303,0.082764,-1.028076
IMU,3215359910,7.687500,2.750000,-16.187500,0.058594,0.096680,-1.025146
IMU,3215364908,6.937500,3.062500,-12.500000,0.059326,0.095459,-1.020752
IMU,3215368911,7.687500,2.812500,-9.250000,0.058350,0.092041,-1.018311
IMU,3215373908,8.000000,2.812500,-3.375000,0.054688,0.104492,-1.015869
IMU,3215377910,8.062500,2.625000,0.312500,0.059570,0.084961,-1.013428
IMU,3215382909,8.125000,3.375000,1.062500,0.062256,0.075439,-1.013672
IMU,3215386910,7.500000,3.375000,0.937500,0.061523,0.073975,-1.017334
IMU,3215391908,7.250000,3.312500,1.000000,0.062988,0.075439,-1.020020
IMU,3215396911,7.812500,4.375000,0.687500,0.063232,0.075439,-1.022461
IMU,3215400908,7.812500,4.250000,1.562500,0.064209,0.075684,-1.026123
IMU,3215405910,6.812500,4.062500,1.625000,0.063232,0.077881,-1.025879
IMU,3215409909,7.375000,3.687500,1.000000,0.062988,0.078369,-1.023682
IMU,3215414910,7.625000,3.375000,0.437500,0.062988,0.078125,-1.019531
IMU,3215418908,7.500000,3.500000,-0.125000,0.061768,0.079346,-1.015869
IMU,3215423911,7.562500,3.812500,0.312500,0.062012,0.079590,-1.011963
IMU,3215428908,7.437500,3.937500,0.375000,0.062500,0.080811,-1.009277
IMU,3215432910,7.125000,3.687500,0.375000,0.061279,0.081543,-1.009766
IMU,3215437909,6.937500,3.562500,0.062500,0.061768,0.081543,-1.013672
IMU,3215441910,6.875000,4.062500,0.187500,0.060303,0.079590,-1.016846
IMU,3215446908,7.500000,4.250000,2.375000,0.057861,0.072266,-1.019775
IMU,3215450911,7.187500,3.687500,5.125000,0.062012,0.079102,-1.020508
IMU,3215455908,7.000000,2.187500,3.937500,0.065430,0.086182,-1.021729
IMU,3215460910,7.062500,2.750000,3.125000,0.062256,0.081787,-1.020264
IMU,3215464909,7.812500,3.562500,3.812500,0.060791,0.079102,-1.017578
IMU,3215469910,7.250000,3.187500,4.875000,0.061768,0.081543,-1.018311
IMU,3215473908,7.562500,3.062500,4.187500,0.062988,0.081787,-1.017578
IMU,3215478911,7.437500,3.062500,4.500000,0.061768,0.081299,-1.016357
IMU,3215482908,7.500000,3.687500,4.625000,0.059082,0.080322,-1.017090
IMU,3215487910,7.125000,3.500000,5.250000,0.056152,0.077637,-1.018311
IMU,3215491909,7.937500,3.812500,6.812500,0.060547,0.077393,-1.019775
IMU,3215496910,8.562500,4.250000,6.812500,0.061768,0.078369,-1.019775
IMU,3215501908,8.437500,4.062500,5.250000,0.065430,0.080322,-1.019531
IMU,3215505911,8.500000,3.312500,3.812500,0.063965,0.079834,-1.020020
IMU,3215510908,8.687500,3.875000,3.687500,0.062744,0.078857,-1.022461
IMU,3215514910,8.437500,4.750000,3.062500,0.063232,0.078857,-1.025391
IMU,3215519909,7.500000,4.000000,2.562500,0.064941,0.078369,-1.026611
IMU,3215523910,7.750000,3.125000,2.750000,0.065674,0.079102,-1.020996
IMU,3215528908,7.937500,3.500000,2.250000,0.062988,0.080322,-1.009033
IMU,3215533911,7.812500,3.437500,0.875000,0.061768,0.081787,-1.002197
IMU,3215537908,7.937500,4.625000,1.125000,0.062744,0.079346,-1.007080
IMU,3215542910,7.625000,4.562500,1.062500,0.063965,0.078369,-1.016357
IMU,3215546909,7.375000,4.750000,0.312500,0.063721,0.075439,-1.024414
IMU,3215551910,7.625000,5.187500,-0.625000,0.063965,0.072021,-1.024170
IMU,3215555908,7.375000,4.562500,-1.000000,0.065186,0.070068,-1.020508
IMU,3215560911,8.062500,4.312500,-0.250000,0.064453,0.068359,-1.013672
IMU,3215564908,8.000000,4.437500,-0.750000,0.063965,0.068115,-1.011230
IMU,3215569910,7.875000,4.937500,-0.187500,0.063721,0.067383,-1.017090
IMU,3215574909,8.375000,4.875000,0.500000,0.064697,0.066650,-1.026123
IMU,3215578910,8.500000,4.625000,0.937500,0.064209,0.067871,-1.035645
IMU,3215583908,8.437500,4.750000,0.250000,0.063965,0.068604,-1.038330
IMU,3215587911,8.437500,4.125000,0.000000,0.063232,0.066650,-1.034180
IMU,3215592908,9.000000,3.750000,-0.062500,0.061279,0.066650,-1.026611
IMU,3215596910,9.437500,4.125000,0.000000,0.061035,0.066650,-1.018799
IMU,3215601909,8.937500,4.062500,0.312500,0.062012,0.066162,-1.014160
IMU,3215606910,9.562500,4.187500,0.125000,0.060791,0.068115,-1.015625
IMU,3215610908,9.250000,4.500000,0.750000,0.061035,0.069824,-1.016602
IMU,3215615911,8.437500,4.500000,1.062500,0.059570,0.071533,-1.018555
IMU,3215619908,9.062500,4.000000,2.937500,0.042725,0.075439,-1.020264
IMU,3215624910,8.687500,4.187500,4.500000,0.058838,0.077881,-1.021729
IMU,3215628909,8.250000,4.562500,3.000000,0.072998,0.074707,-1.024902
IMU,3215633910,8.062500,4.437500,1.750000,0.064697,0.076904,-1.025879
IMU,3215637908,8.125000,3.937500,1.312500,0.058838,0.078857,-1.024170
IMU,3215642911,8.500000,4.375000,1.625000,0.058594,0.081299,-1.022217
IMU,3215647908,8.500000,3.937500,2.125000,0.062256,0.081787,-1.015869
IMU,3215651910,8.125000,4.250000,1.500000,0.064941,0.082275,-1.008301
IMU,3215656909,8.562500,4.562500,0.937500,0.064697,0.081055,-1.006592
IMU,3215660910,9.687500,3.625000,0.687500,0.066162,0.081543,-1.006592
IMU,3215665908,8.875000,4.312500,1.062500,0.063477,0.083252,-1.011230
IMU,3215669911,8.812500,4.312500,0.375000,0.062744,0.083740,-1.017578
IMU,3215674908,9.000000,4.500000,0.250000,0.062744,0.084961,-1.022705
IMU,3215679910,8.625000,4.312500,0.562500,0.062744,0.086670,-1.025635
IMU,3215683909,8.312500,4.625000,0.625000,0.062500,0.087646,-1.026611
IMU,3215688910,8.062500,4.750000,1.062500,0.062988,0.085938,-1.020996
IMU,3215692908,8.062500,4.312500,0.750000,0.061523,0.084717,-1.012207
IMU,3215697911,8.625000,4.375000,1.062500,0.057129,0.082520,-1.006348
IMU,3215701908,8.187500,4.937500,2.500000,0.055664,0.083008,-1.007812
IMU,3215706910,8.437500,4.687500,1.562500,0.062744,0.082031,-1.008789
IMU,3215711909,8.625000,3.625000,2.812500,0.054443,0.085693,-1.014648
IMU,3215715910,8.625000,4.187500,7.312500,0.046631,0.091553,-1.017090
IMU,3215720908,8.125000,4.687500,6.187500,0.077881,0.072510,-1.020020
IMU,3215724911,8.000000,4.187500,2.937500,0.071289,0.074707,-1.021240
IMU,3215729908,8.312500,4.750000,1.000000,0.066650,0.076172,-1.020508
IMU,3215733910,8.375000,4.875000,1.000000,0.063232,0.076660,-1.018555
IMU,3215738909,7.875000,4.125000,0.562500,0.062744,0.073730,-1.018555
IMU,3215742910,8.500000,4.625000,0.250000,0.061523,0.072754,-1.020264
IMU,3215747908,8.000000,4.062500,0.625000,0.061523,0.071045,-1.021973
IMU,3215752911,8.437500,4.312500,0.562500,0.062256,0.071045,-1.022461
IMU,3215756908,8.500000,4.500000,0.625000,0.061523,0.070801,-1.022217
IMU,3215761910,7.750000,4.437500,1.125000,0.062500,0.069824,-1.017822
IMU,3215765909,7.937500,4.812500,0.750000,0.062012,0.067871,-1.017090
IMU,3215770910,8.312500,4.062500,0.437500,0.062256,0.068604,-1.019775
IMU,3215774908,7.687500,4.187500,-0.062500,0.062500,0.068359,-1.020508
IMU,3215779911,7.500000,4.750000,-0.312500,0.062744,0.068359,-1.023438
IMU,3215784908,7.937500,5.250000,0.375000,0.062988,0.068115,-1.024414
IMU,3215788910,7.500000,4.437500,0.312500,0.061768,0.068115,-1.022461
IMU,3215793909,7.812500,4.625000,0.812500,0.060791,0.068848,-1.020752
IMU,3215797910,8.062500,4.000000,0.875000,0.061523,0.067627,-1.020996
IMU,3215802908,8.375000,4.000000,0.125000,0.061768,0.067383,-1.020264
IMU,3215806911,7.625000,3.687500,0.062500,0.061035,0.068115,-1.020752
IMU,3215811908,7.937500,4.312500,0.312500,0.055176,0.070801,-1.020752
IMU,3215815910,9.000000,3.937500,1.750000,0.053955,0.071777,-1.021973
IMU,3215820909,8.312500,3.937500,1.625000,0.065918,0.069580,-1.020020
IMU,3215825910,7.937500,4.562500,0.875000,0.063965,0.072266,-1.018311
IMU,3215829908,8.625000,4.500000,1.500000,0.058838,0.073975,-1.018311
IMU,3215834911,8.375000,4.625000,1.250000,0.051270,0.076416,-1.018799
IMU,3215838908,8.312500,4.250000,3.000000,0.058350,0.075439,-1.018555
IMU,3215843910,7.812500,4.312500,1.875000,0.067627,0.073486,-1.020020
IMU,3215847909,7.812500,4.250000,1.812500,0.066162,0.074951,-1.021729
IMU,3215852910,8.312500,4.125000,0.937500,0.061523,0.077881,-1.019775
IMU,3215857908,8.187500,4.750000,1.000000,0.060547,0.079834,-1.019531
IMU,3215861911,8.375000,4.187500,1.750000,0.063232,0.079346,-1.017822
IMU,3215866908,9.000000,4.125000,1.562500,0.064941,0.080811,-1.016357
IMU,3215870910,9.437500,4.250000,0.750000,0.064941,0.080811,-1.016113
IMU,3215875909,8.375000,4.937500,0.875000,0.064941,0.081055,-1.015625
IMU,3215879910,8.250000,5.000000,0.562500,0.063721,0.082275,-1.017578
IMU,3215884908,8.625000,4.687500,-0.687500,0.063721,0.082764,-1.018066
IMU,3215889911,9.062500,4.562500,-0.250000,0.063965,0.083740,-1.017334
IMU,3215893908,8.625000,4.625000,-0.437500,0.063965,0.084473,-1.018066
IMU,3215898910,8.625000,4.312500,-0.625000,0.063965,0.083496,-1.016846
IMU,3215902909,9.187500,4.312500,0.000000,0.062012,0.082764,-1.015625
IMU,3215907910,7.875000,4.375000,0.187500,0.062256,0.082275,-1.016846
IMU,3215911908,7.750000,5.375000,0.375000,0.062744,0.083252,-1.016602
IMU,3215916911,8.437500,4.375000,0.875000,0.062256,0.083740,-1.015869
IMU,3215920908,9.000000,3.812500,0.250000,0.062012,0.081299,-1.014893
IMU,3215925910,8.375000,4.125000,0.125000,0.062988,0.080811,-1.015381
IMU,3215930909,8.187500,4.125000,0.250000,0.062012,0.079102,-1.017334
IMU,3215934910,7.750000,4.687500,0.312500,0.062500,0.078125,-1.018799
IMU,3215939908,8.625000,4.875000,0.250000,0.061523,0.077393,-1.019531
IMU,3215943911,7.937500,4.250000,-0.125000,0.060791,0.076904,-1.019043
IMU,3215948908,7.875000,4.125000,0.000000,0.060547,0.076416,-1.019775
IMU,3215952910,8.375000,4.000000,0.000000,0.061279,0.075684,-1.020508
IMU,3215957909,8.750000,3.875000,0.250000,0.060791,0.074463,-1.020264
IMU,3215962910,8.375000,4.500000,0.000000,0.060791,0.072754,-1.019531
IMU,3215966908,8.250000,4.812500,-0.562500,0.061523,0.073242,-1.019287
IMU,3215971911,8.312500,5.125000,0.375000,0.061768,0.073242,-1.018799
IMU,3215975908,8.500000,4.875000,0.375000,0.062744,0.072021,-1.020508
IMU,3215980910,8.500000,4.500000,0.500000,0.062500,0.071289,-1.021729
IMU,3215984909,8.562500,3.937500,1.125000,0.062256,0.070801,-1.020264
IMU,3215989910,8.375000,4.125000,0.750000,0.062988,0.070557,-1.019531
IMU,3215993908,8.562500,4.125000,0.750000,0.062012,0.070801,-1.019531
IMU,3215998911,8.312500,4.687500,1.062500,0.062256,0.070068,-1.021484
IMU,3216003908,8.187500,4.937500,0.500000,0.064209,0.071533,-1.021240
IMU,3216007910,8.250000,3.875000,0.562500,0.063232,0.071289,-1.021729
IMU,3216012909,9.125000,3.375000,-0.125000,0.062012,0.070312,-1.021973
IMU,3216016910,8.875000,4.000000,-0.812500,0.061279,0.070312,-1.021484
IMU,3216021908,8.562500,4.062500,-0.312500,0.061279,0.070557,-1.019531
IMU,3216025911,7.500000,4.562500,0.625000,0.060791,0.071777,-1.019775
IMU,3216030908,7.937500,4.250000,0.687500,0.061035,0.073242,-1.019287
IMU,3216035910,8.125000,3.937500,0.750000,0.061768,0.072266,-1.019531
IMU,3216039909,7.812500,3.750000,0.437500,0.062744,0.073730,-1.020508
IMU,3216044910,7.750000,4.312500,0.625000,0.062256,0.072754,-1.020508
IMU,3216048908,8.187500,4.250000,0.562500,0.060547,0.072998,-1.020264
IMU,3216053911,8.812500,4.625000,0.312500,0.061035,0.073242,-1.021240
IMU,3216057908,8.437500,4.875000,0.375000,0.059814,0.074219,-1.021729
IMU,3216062910,8.250000,4.625000,0.187500,0.060791,0.075684,-1.019775
IMU,3216066909,9.250000,5.625000,-0.062500,0.061523,0.075928,-1.018066
IMU,3216071910,9.187500,5.375000,-0.187500,0.062744,0.076904,-1.017578
IMU,3216076908,8.187500,4.750000,-0.687500,0.062500,0.077393,-1.017090
IMU,3216080911,8.187500,4.437500,-0.187500,0.062988,0.078613,-1.017090
IMU,3216085908,8.500000,4.562500,-0.687500,0.061768,0.079102,-1.017578
IMU,3216089910,7.812500,4.375000,-0.500000,0.061279,0.079346,-1.017822
IMU,3216094909,8.250000,4.875000,1.375000,0.062012,0.082275,-1.017334
IMU,3216098910,8.750000,4.000000,0.687500,0.062256,0.080811,-1.017578
IMU,3216103908,8.562500,4.312500,0.875000,0.061768,0.081299,-1.017822
IMU,3216108911,7.875000,4.437500,0.437500,0.062256,0.081787,-1.017334
IMU,3216112908,7.625000,4.750000,0.187500,0.063721,0.082031,-1.016602
IMU,3216117910,7.437500,4.437500,1.250000,0.065430,0.082031,-1.017090
IMU,3216121909,6.812500,4.375000,0.812500,0.062988,0.081299,-1.016113
IMU,3216126910,7.500000,4.625000,0.500000,0.062256,0.081055,-1.016602
IMU,3216130908,8.437500,4.062500,0.437500,0.061768,0.081055,-1.015869
IMU,3216135911,7.625000,4.500000,0.187500,0.061279,0.082031,-1.015869
IMU,3216140908,7.125000,5.187500,-0.500000,0.061523,0.081543,-1.015869
IMU,3216144910,8.187500,4.812500,-0.312500,0.061279,0.080322,-1.016602
IMU,3216149909,8.375000,4.500000,-0.125000,0.060791,0.079346,-1.018311
IMU,3216153910,8.062500,4.625000,0.625000,0.061035,0.078369,-1.019287
IMU,3216158908,8.375000,4.812500,1.000000,0.061279,0.076904,-1.019287
IMU,3216162911,8.062500,4.375000,0.062500,0.060791,0.076904,-1.018555
IMU,3216167908,8.500000,4.500000,0.000000,0.060791,0.076904,-1.018066
IMU,3216171910,8.500000,4.625000,0.125000,0.060303,0.075439,-1.017578
IMU,3216176909,7.937500,4.562500,0.562500,0.061279,0.073975,-1.018311
IMU,3216181910,7.875000,4.187500,0.312500,0.062012,0.073730,-1.019043
IMU,3216185908,8.500000,4.000000,0.062500,0.061035,0.072510,-1.020264
IMU,3216190911,8.500000,4.125000,0.750000,0.061279,0.072510,-1.020264
IMU,3216194908,8.250000,4.500000,-0.250000,0.061523,0.074219,-1.020996
IMU,3216199910,8.062500,5.187500,-0.250000,0.061523,0.072754,-1.020996
IMU,3216203909,8.750000,5.062500,-0.812500,0.062012,0.071533,-1.021484
IMU,3216208910,9.125000,4.562500,0.187500,0.063477,0.070801,-1.022217
IMU,3216213908,8.937500,4.375000,0.750000,0.062256,0.071533,-1.021729
IMU,3216217911,8.750000,5.000000,0.125000,0.061035,0.071045,-1.021729
IMU,3216222908,9.187500,4.750000,0.312500,0.062012,0.069824,-1.020996
IMU,3216226910,8.500000,3.875000,0.812500,0.062500,0.070312,-1.020264
IMU,3216231909,7.625000,4.125000,0.812500,0.062500,0.071533,-1.020264
IMU,3216235910,7.437500,4.437500,1.312500,0.062012,0.072510,-1.019775
IMU,3216240908,7.312500,5.000000,0.562500,0.062744,0.070801,-1.020264
IMU,3216244911,8.000000,4.312500,0.375000,0.062500,0.071045,-1.020264
IMU,3216249908,8.250000,4.250000,0.812500,0.062256,0.073730,-1.019043
IMU,3216254910,7.687500,4.937500,-0.187500,0.061523,0.073730,-1.020020
IMU,3216258909,7.250000,5.125000,-0.125000,0.062256,0.073975,-1.020264
IMU,3216263910,7.062500,5.000000,-1.000000,0.062744,0.076172,-1.020020
IMU,3216267908,8.750000,4.062500,-0.250000,0.061279,0.075928,-1.019531
IMU,3216272911,8.625000,4.312500,0.250000,0.061035,0.075684,-1.019775
IMU,3216276908,8.250000,3.687500,0.687500,0.061523,0.076172,-1.018555
IMU,3216281910,8.437500,4.312500,1.125000,0.062500,0.077148,-1.017334
IMU,3216286909,8.125000,4.937500,1.687500,0.061279,0.078369,-1.017822
IMU,3216290910,7.812500,4.375000,0.625000,0.062500,0.078369,-1.017578
IMU,3216295908,7.937500,4.750000,0.625000,0.062744,0.078613,-1.017578
IMU,3216299911,7.562500,4.500000,0.062500,0.062500,0.080566,-1.018311
IMU,3216304908,7.437500,4.625000,0.875000,0.063721,0.081787,-1.018555
IMU,3216308910,7.812500,5.000000,0.500000,0.063477,0.081543,-1.020020
IMU,3216313909,7.562500,4.937500,0.000000,0.063965,0.080811,-1.019043
IMU,3216318910,7.875000,5.062500,-0.250000,0.063965,0.081055,-1.018066
IMU,3216322908,7.437500,4.062500,0.125000,0.064209,0.081055,-1.017578
IMU,3216327911,8.000000,4.375000,0.687500,0.063477,0.079834,-1.018311
IMU,3216331908,7.562500,4.187500,-0.187500,0.063232,0.081787,-1.017334
IMU,3216336910,7.875000,3.375000,0.437500,0.062744,0.080811,-1.017334
IMU,3216340909,7.937500,3.125000,0.750000,0.061523,0.079590,-1.016846
IMU,3216345910,7.062500,4.187500,0.125000,0.063477,0.079346,-1.016846
IMU,3216349908,6.625000,3.562500,0.312500,0.062744,0.078613,-1.017822
IMU,3216354911,6.562500,3.625000,0.125000,0.061279,0.078857,-1.018066
IMU,3216359908,7.000000,4.312500,0.750000,0.060547,0.079590,-1.016357
IMU,3216363910,7.125000,4.125000,1.062500,0.061768,0.078613,-1.015381
IMU,3216368909,7.250000,4.437500,0.125000,0.061035,0.078369,-1.016357
IMU,3216372910,8.000000,4.062500,-0.750000,0.061279,0.077148,-1.017090
IMU,3216377908,7.312500,4.375000,0.125000,0.061035,0.076172,-1.019043
IMU,3216381911,6.625000,5.500000,0.500000,0.061035,0.076660,-1.019287
IMU,3216386908,7.187500,4.562500,0.000000,0.060791,0.077148,-1.018799
IMU,3216391910,7.375000,4.750000,0.437500,0.061523,0.076416,-1.019775
IMU,3216395909,7.312500,5.625000,0.750000,0.061035,0.075439,-1.020264
IMU,3216400910,7.000000,4.500000,0.875000,0.060547,0.074463,-1.020264
IMU,3216404908,7.437500,4.250000,0.187500,0.062012,0.073730,-1.020508
IMU,3216409911,7.375000,3.937500,0.375000,0.062256,0.072998,-1.019043
IMU,3216413908,7.625000,4.437500,0.750000,0.062256,0.073486,-1.019043
IMU,3216418910,6.937500,4.750000,0.312500,0.062744,0.072998,-1.019531
IMU,3216422909,7.562500,5.187500,1.125000,0.062988,0.071777,-1.020508
IMU,3216427910,7.937500,4.750000,0.062500,0.062256,0.073486,-1.020508
IMU,3216432908,8.187500,4.687500,-0.625000,0.061768,0.073242,-1.021240
IMU,3216436911,8.062500,5.125000,-0.562500,0.061523,0.072998,-1.021484
IMU,3216441908,7.875000,5.062500,-0.437500,0.061035,0.073486,-1.021484
IMU,3216445910,7.562500,4.062500,0.437500,0.061279,0.072266,-1.020020
IMU,3216450909,7.000000,3.750000,1.437500,0.062012,0.071777,-1.020996
IMU,3216454910,8.312500,4.437500,0.500000,0.062988,0.072754,-1.019531
IMU,3216459908,7.625000,5.125000,0.250000,0.062988,0.072754,-1.019531
IMU,3216464911,6.625000,5.250000,0.562500,0.061279,0.071777,-1.020996
IMU,3216468908,6.937500,4.687500,0.312500,0.061768,0.072510,-1.022461
IMU,3216473910,7.250000,4.375000,0.187500,0.061768,0.073242,-1.022705
IMU,3216477909,7.687500,4.312500,0.437500,0.062012,0.073730,-1.021240
IMU,3216482910,7.250000,4.250000,0.312500,0.061768,0.074463,-1.020996
IMU,3216486908,7.437500,4.000000,-0.187500,0.061768,0.074219,-1.018799
IMU,3216491911,7.750000,4.375000,-0.687500,0.062012,0.073975,-1.017822
IMU,3216496908,7.500000,5.062500,0.000000,0.060791,0.075195,-1.019775
IMU,3216500910,7.625000,3.812500,0.250000,0.060547,0.076660,-1.020508
IMU,3216505909,7.250000,4.250000,0.000000,0.061523,0.078125,-1.020264
IMU,3216509910,7.062500,4.375000,0.000000,0.061768,0.078125,-1.018799
IMU,3216514908,7.937500,4.000000,0.875000,0.061768,0.077148,-1.020020
IMU,3216518911,7.750000,3.125000,0.250000,0.060547,0.077637,-1.018066
IMU,3216523908,7.125000,3.750000,0.062500,0.060791,0.077393,-1.019531
IMU,3216527910,6.562500,3.937500,0.687500,0.062256,0.079102,-1.019043
IMU,3216532909,6.937500,3.625000,0.000000,0.063477,0.080322,-1.017822
IMU,3216537910,7.125000,4.000000,-0.375000,0.062256,0.080566,-1.018066
IMU,3216541908,7.562500,4.250000,0.250000,0.061523,0.080078,-1.016846
IMU,3216546911,7.625000,4.625000,0.812500,0.061768,0.079102,-1.016846
IMU,3216550908,8.312500,4.312500,0.562500,0.063965,0.079346,-1.016846
IMU,3216555910,8.250000,3.687500,-0.062500,0.063232,0.078613,-1.018066
IMU,3216559909,7.312500,3.750000,0.937500,0.060791,0.078857,-1.018799
IMU,3216564910,7.312500,3.625000,0.250000,0.061768,0.079346,-1.019043
IMU,3216569908,7.437500,3.875000,0.437500,0.062256,0.079346,-1.018555
IMU,3216573911,8.187500,4.125000,-0.375000,0.061279,0.079834,-1.018066
IMU,3216578908,7.000000,4.062500,0.437500,0.062012,0.079834,-1.018311
IMU,3216582910,7.500000,4.125000,1.187500,0.062500,0.077881,-1.018555
IMU,3216587909,7.187500,4.687500,2.562500,0.071289,0.075684,-1.018311
IMU,3216591910,7.062500,4.625000,4.250000,0.068115,0.074951,-1.017822
IMU,3216596908,6.750000,4.625000,4.125000,0.053467,0.076172,-1.018555
IMU,3216600911,5.562500,4.437500,2.625000,0.057617,0.078369,-1.019043
IMU,3216605908,7.125000,4.500000,1.875000,0.060547,0.077148,-1.019775
IMU,3216610910,6.125000,4.250000,1.500000,0.063232,0.076416,-1.020020
IMU,3216614909,6.437500,4.562500,2.250000,0.061768,0.075928,-1.019043
IMU,3216619910,7.375000,4.437500,3.000000,0.062500,0.075684,-1.020752
IMU,3216623908,7.750000,4.062500,2.687500,0.064453,0.072998,-1.020264
IMU,3216628911,8.125000,4.125000,2.312500,0.066650,0.072510,-1.018799
IMU,3216632908,8.000000,4.625000,2.437500,0.073242,0.070557,-1.017578
IMU,3216637910,8.375000,5.000000,2.375000,0.071289,0.071533,-1.018311
IMU,3216642909,7.937500,4.937500,1.562500,0.061279,0.073730,-1.019531
IMU,3216646910,6.937500,4.000000,1.500000,0.058594,0.073975,-1.020264
IMU,3216651908,6.562500,3.625000,2.562500,0.058105,0.074219,-1.020020
IMU,3216655911,6.687500,3.875000,1.562500,0.058105,0.073730,-1.021240
IMU,3216660908,7.687500,4.687500,1.625000,0.056152,0.073975,-1.023193
IMU,3216664910,7.937500,4.875000,1.937500,0.055908,0.074463,-1.019531
IMU,3216669909,8.937500,4.437500,1.187500,0.055420,0.074707,-1.019043
IMU,3216673910,8.687500,4.312500,0.375000,0.056396,0.074707,-1.019775
IMU,3216678908,8.125000,4.062500,0.687500,0.058105,0.074219,-1.019287
CFG,gyro_range_dps=2048,accel_range_g=8,odr_hz=250
IMU,3216683911,8.875000,4.437500,0.562500,0.060303,0.074219,-1.018555
IMU,3216687908,8.562500,4.812500,0.687500,0.060791,0.073975,-1.019775
IMU,3216692910,7.937500,4.375000,0.375000,0.060303,0.073242,-1.019287
IMU,3216696909,8.375000,4.562500,0.312500,0.061523,0.073975,-1.020264
IMU,3216701910,8.687500,4.625000,0.187500,0.061279,0.074707,-1.020996
IMU,3216705908,8.750000,4.812500,-0.062500,0.061279,0.075684,-1.020508
IMU,3216710911,8.437500,3.562500,-0.062500,0.061768,0.076172,-1.020020
IMU,3216715908,8.562500,4.125000,0.000000,0.062012,0.075928,-1.018066
IMU,3216719910,9.562500,4.937500,0.875000,0.061035,0.076416,-1.017822
IMU,3216724909,9.312500,5.250000,0.687500,0.061279,0.078125,-1.017090
IMU,3216728910,8.312500,4.625000,-0.062500,0.065430,0.077393,-1.016846
IMU,3216733908,9.250000,4.437500,3.062500,0.070557,0.076172,-1.017578
IMU,3216737911,8.937500,4.937500,3.312500,0.060547,0.075928,-1.018799
IMU,3216742908,9.125000,4.312500,1.812500,0.061035,0.076904,-1.018555
IMU,3216747910,8.812500,4.125000,2.687500,0.060791,0.078613,-1.019531
IMU,3216751909,8.687500,4.875000,2.375000,0.061035,0.081299,-1.020020
IMU,3216756910,8.375000,4.125000,2.125000,0.060059,0.081299,-1.017822
IMU,3216760908,7.687500,4.250000,1.750000,0.059814,0.079834,-1.017334
IMU,3216765911,7.562500,4.312500,1.812500,0.060303,0.079346,-1.016357
IMU,3216769908,9.062500,5.187500,1.437500,0.060547,0.078857,-1.017090
IMU,3216774910,9.562500,4.500000,1.375000,0.061035,0.079346,-1.016846
IMU,3216778909,9.062500,5.062500,1.250000,0.060547,0.078125,-1.017822
IMU,3216783910,7.812500,4.937500,0.437500,0.060303,0.079102,-1.019043
IMU,3216788908,7.625000,5.312500,1.062500,0.060059,0.078613,-1.019775
IMU,3216792911,7.562500,5.062500,0.625000,0.061279,0.077881,-1.020752
IMU,3216797908,7.250000,4.750000,0.125000,0.061035,0.078125,-1.020752
IMU,3216801910,7.875000,4.375000,0.125000,0.061035,0.078857,-1.018799
IMU,3216806909,8.625000,4.500000,0.062500,0.060791,0.077393,-1.017090
IMU,3216810910,8.812500,4.812500,0.687500,0.059326,0.078613,-1.015137
IMU,3216815908,8.250000,4.125000,1.500000,0.060547,0.078125,-1.016113
IMU,3216820911,7.625000,4.375000,0.375000,0.060303,0.077637,-1.017334
IMU,3216824908,8.750000,4.687500,-0.312500,0.061768,0.075928,-1.017822
IMU,3216829910,9.312500,5.125000,0.000000,0.063477,0.076172,-1.019531
IMU,3216833909,7.812500,4.687500,0.812500,0.063232,0.075684,-1.020996
IMU,3216838910,7.500000,4.000000,0.625000,0.062500,0.075928,-1.021484
IMU,3216842908,7.312500,5.062500,0.250000,0.063232,0.073730,-1.020264
IMU,3216847911,7.937500,5.125000,0.500000,0.064209,0.074463,-1.019287
IMU,3216851908,8.000000,4.187500,1.000000,0.063965,0.075195,-1.020264
IMU,3216856910,7.625000,3.812500,-0.062500,0.063232,0.075439,-1.020264
IMU,3216861909,6.937500,3.687500,0.000000,0.063232,0.075439,-1.019287
IMU,3216865910,6.812500,3.875000,0.062500,0.061279,0.075928,-1.019531
IMU,3216870908,7.312500,3.937500,1.437500,0.062256,0.074219,-1.019043
IMU,3216874911,7.375000,4.687500,0.687500,0.062500,0.074707,-1.019531
IMU,3216879908,7.875000,3.937500,0.500000,0.062988,0.074219,-1.020264
IMU,3216883910,6.937500,3.187500,0.375000,0.062256,0.074463,-1.020752
IMU,3216888909,7.562500,3.875000,0.000000,0.062500,0.074463,-1.019775
IMU,3216893910,7.375000,3.750000,-0.187500,0.061523,0.073730,-1.018066
IMU,3216897908,6.750000,3.437500,-0.312500,0.061523,0.075195,-1.018799
IMU,3216902911,7.375000,3.437500,0.562500,0.061035,0.073486,-1.018799
IMU,3216906908,7.187500,4.312500,0.625000,0.059570,0.075195,-1.017578
IMU,3216911910,6.937500,4.437500,0.562500,0.058105,0.075684,-1.017822
IMU,3216915909,7.437500,4.125000,1.312500,0.059082,0.074707,-1.019043
IMU,3216920910,7.250000,4.312500,0.562500,0.060059,0.075195,-1.020996
IMU,3216925908,6.437500,3.687500,0.437500,0.060303,0.075928,-1.021240
IMU,3216929911,6.250000,3.125000,1.000000,0.059326,0.076172,-1.020264
IMU,3216934908,7.375000,3.062500,0.000000,0.059326,0.075928,-1.019043
IMU,3216938910,7.812500,3.437500,1.125000,0.051514,0.068359,-1.019043
IMU,3216943909,7.812500,3.062500,4.750000,0.061523,0.074707,-1.018066
IMU,3216947910,7.875000,2.625000,2.312500,0.069580,0.082520,-1.018555
IMU,3216952908,7.812500,3.500000,0.187500,0.062256,0.076904,-1.019043
IMU,3216956911,7.437500,3.812500,0.250000,0.063477,0.076416,-1.019531
IMU,3216961908,6.812500,3.750000,1.437500,0.063721,0.077148,-1.019531
IMU,3216966910,7.000000,4.437500,0.875000,0.064453,0.076172,-1.020020
IMU,3216970909,7.187500,3.687500,1.062500,0.064941,0.077637,-1.020508
IMU,3216975910,7.250000,3.437500,0.375000,0.066162,0.076660,-1.020020
IMU,3216979908,7.500000,3.812500,0.375000,0.065430,0.076904,-1.018311
IMU,3216984911,7.687500,4.437500,0.750000,0.065186,0.077148,-1.018066
IMU,3216988908,7.750000,3.687500,0.000000,0.064209,0.076660,-1.017578
IMU,3216993910,7.625000,4.375000,0.875000,0.062744,0.076660,-1.018311
IMU,3216998909,7.750000,4.062500,0.812500,0.062012,0.076904,-1.019775
IMU,3217002910,8.062500,3.312500,1.187500,0.061523,0.077393,-1.019531
IMU,3217007908,6.625000,3.375000,0.750000,0.059570,0.076416,-1.018555
IMU,3217011911,6.125000,3.625000,0.437500,0.058838,0.076172,-1.019287
IMU,3217016908,6.750000,3.875000,-0.312500,0.057373,0.074951,-1.020752
IMU,3217020910,7.562500,3.687500,0.375000,0.054932,0.075195,-1.020264
IMU,3217025909,7.875000,3.437500,-1.250000,0.031982,0.075684,-1.021484
IMU,3217029910,8.062500,3.562500,-1.062500,0.035400,0.072754,-1.018311
IMU,3217034908,7.687500,3.437500,-1.187500,0.066406,0.072998,-1.019287
IMU,3217039911,7.562500,3.875000,-1.562500,0.060059,0.072266,-1.020752
IMU,3217043908,7.187500,3.312500,-1.562500,0.052979,0.073242,-1.020508
IMU,3217048910,6.687500,3.562500,-2.000000,0.059082,0.074463,-1.021240
IMU,3217052909,6.750000,2.625000,-2.062500,0.063477,0.072510,-1.019531
IMU,3217057910,7.250000,2.000000,-2.000000,0.066406,0.074707,-1.016602
IMU,3217061908,7.687500,2.562500,-1.437500,0.070068,0.077881,-1.016357
IMU,3217066911,8.375000,2.687500,-1.187500,0.067627,0.076904,-1.016357
IMU,3217071908,8.375000,2.500000,-0.250000,0.063965,0.074463,-1.017334
IMU,3217075910,8.187500,3.500000,0.312500,0.068848,0.075195,-1.018555
IMU,3217080909,8.750000,3.625000,-0.625000,0.070312,0.076172,-1.019531
IMU,3217084910,8.750000,3.625000,0.062500,0.072510,0.076904,-1.020264
IMU,3217089908,8.062500,4.125000,1.500000,0.069824,0.075684,-1.022461
IMU,3217093911,7.812500,3.937500,1.375000,0.067383,0.076172,-1.023193
IMU,3217098908,7.687500,4.687500,1.625000,0.064209,0.074463,-1.023193
IMU,3217102910,8.125000,4.250000,1.812500,0.063232,0.074951,-1.022461
IMU,3217107909,8.812500,3.687500,1.250000,0.062988,0.074219,-1.021484
IMU,3217112910,7.937500,2.500000,1.312500,0.062500,0.073486,-1.019775
IMU,3217116908,8.875000,3.125000,1.000000,0.063477,0.073730,-1.019043
IMU,3217121911,8.937500,3.250000,1.062500,0.063477,0.073730,-1.019043
IMU,3217125908,8.500000,3.250000,1.187500,0.063232,0.073730,-1.019531
IMU,3217130910,7.812500,3.687500,3.000000,0.061768,0.074219,-1.020264
IMU,3217134909,7.500000,4.062500,3.875000,0.060059,0.076172,-1.019775
IMU,3217139910,7.875000,4.062500,2.812500,0.059570,0.078125,-1.020264
IMU,3217144908,8.437500,4.437500,2.687500,0.059570,0.077393,-1.019531
IMU,3217148911,7.812500,3.875000,2.437500,0.059082,0.075684,-1.018799
IMU,3217153908,7.375000,3.312500,3.500000,0.060059,0.074951,-1.017334
IMU,3217157910,7.500000,3.562500,3.937500,0.060791,0.075928,-1.017090
IMU,3217162909,8.250000,3.250000,3.812500,0.059570,0.078369,-1.018066
IMU,3217166910,8.812500,4.062500,3.562500,0.057861,0.078857,-1.018799
IMU,3217171908,7.937500,3.750000,2.250000,0.059814,0.079346,-1.020996
IMU,3217176911,7.812500,3.687500,1.750000,0.062256,0.078613,-1.021729
IMU,3217180908,7.812500,2.875000,1.812500,0.061523,0.079346,-1.020508
IMU,3217185910,8.187500,3.375000,1.687500,0.061523,0.080078,-1.018311
IMU,3217189909,8.250000,4.062500,2.125000,0.062988,0.079346,-1.018311
IMU,3217194910,7.687500,3.875000,2.062500,0.064209,0.080566,-1.017578
IMU,3217198908,7.625000,3.500000,1.625000,0.065186,0.081299,-1.018311
IMU,3217203911,8.000000,3.750000,1.437500,0.062988,0.080811,-1.017578
IMU,3217207908,8.187500,3.937500,1.500000,0.063965,0.080811,-1.017822
IMU,3217212910,7.812500,4.062500,1.125000,0.063477,0.081055,-1.018066
IMU,3217217909,6.937500,3.625000,1.125000,0.062012,0.080078,-1.020020
IMU,3217221910,6.937500,2.500000,0.250000,0.062744,0.078857,-1.020508
IMU,3217226908,7.375000,2.312500,-0.187500,0.062256,0.079346,-1.018799
IMU,3217230911,7.250000,2.687500,0.437500,0.061279,0.078857,-1.017090
IMU,3217235908,7.125000,2.750000,1.250000,0.061279,0.077881,-1.015869
IMU,3217239910,8.187500,2.625000,2.312500,0.062012,0.076904,-1.017578
IMU,3217244909,7.375000,2.437500,1.812500,0.062500,0.078369,-1.020508
IMU,3217249910,7.437500,2.750000,1.312500,0.060791,0.079102,-1.020020
IMU,3217253908,7.312500,2.500000,2.687500,0.059814,0.077881,-1.019531
IMU,3217258911,6.875000,2.312500,1.625000,0.059326,0.077148,-1.018066
IMU,3217262908,7.562500,1.937500,0.625000,0.059814,0.076416,-1.019287
IMU,3217267910,8.312500,1.437500,0.812500,0.062988,0.076904,-1.019043
IMU,3217271909,7.812500,1.750000,1.375000,0.062500,0.076660,-1.018555
IMU,3217276910,7.687500,1.000000,1.187500,0.062012,0.076660,-1.018066
IMU,3217280908,8.062500,1.437500,0.937500,0.062012,0.076660,-1.020996
IMU,3217285911,7.875000,1.375000,0.562500,0.063477,0.075195,-1.020996
IMU,3217290908,7.750000,1.625000,0.187500,0.061523,0.076416,-1.020996
IMU,3217294910,8.062500,1.125000,-0.312500,0.068359,0.079834,-1.023438
IMU,3217299909,8.500000,1.500000,-2.062500,0.073242,0.078857,-1.020752
IMU,3217303910,8.312500,2.187500,-2.375000,0.055420,0.071777,-1.019531
IMU,3217308908,8.500000,2.750000,-1.562500,0.058105,0.075928,-1.019531
IMU,3217312911,7.937500,2.875000,-0.500000,0.064697,0.079590,-1.019775
IMU,3217317908,6.937500,3.000000,0.625000,0.059326,0.074219,-1.019043
IMU,3217322910,6.562500,3.812500,0.125000,0.056152,0.069092,-1.018555
IMU,3217326909,7.250000,3.375000,-0.250000,0.058105,0.074707,-1.017334
IMU,3217331910,7.750000,2.812500,-0.562500,0.058838,0.079834,-1.017578
IMU,3217335908,8.125000,3.312500,-0.500000,0.057861,0.085449,-1.019287
IMU,3217340911,7.937500,3.000000,0.500000,0.060791,0.105713,-1.020508
IMU,3217344908,7.312500,2.625000,2.312500,0.065674,0.153076,-1.018799
IMU,3217349910,6.687500,3.562500,1.000000,0.079590,0.150146,-1.018799
IMU,3217354909,7.062500,4.000000,4.250000,0.057129,0.037842,-1.020752
IMU,3217358910,7.937500,4.000000,2.375000,0.048096,0.060303,-1.022705
IMU,3217363908,8.375000,3.875000,1.500000,0.058105,0.117920,-1.022461
IMU,3217367911,8.750000,2.937500,0.437500,0.064453,0.118896,-1.022949
IMU,3217372908,9.000000,2.187500,-3.625000,0.060303,0.092529,-1.025635
IMU,3217376910,9.500000,1.375000,-7.562500,0.056152,0.116455,-1.022949
IMU,3217381909,9.375000,0.375000,-11.750000,0.059326,0.118896,-1.022705
IMU,3217385910,9.750000,0.312500,-13.000000,0.064697,0.099365,-1.020752
IMU,3217390908,10.437500,0.312500,-12.375000,0.065186,0.081299,-1.020752
IMU,3217395911,10.437500,1.062500,-11.000000,0.056885,0.062500,-1.020752
IMU,3217399908,9.562500,1.687500,-11.187500,0.055176,0.088135,-1.018799
IMU,3217404910,9.000000,2.937500,-10.625000,0.063477,0.110596,-1.016357
IMU,3217408909,8.250000,3.750000,-8.000000,0.061279,0.093750,-1.018066
IMU,3217413910,8.375000,4.000000,-7.937500,0.057861,0.074463,-1.019287
IMU,3217417908,8.250000,4.500000,-5.062500,0.060547,0.076416,-1.019531
IMU,3217422911,8.375000,4.937500,-0.937500,0.057129,0.086426,-1.017090
IMU,3217427908,8.000000,5.437500,0.812500,0.057129,0.077148,-1.017090
IMU,3217431910,7.625000,5.500000,2.000000,0.058594,0.070312,-1.019775
IMU,3217436909,7.875000,4.562500,3.187500,0.062500,0.072998,-1.021240
IMU,3217440910,8.687500,4.250000,4.187500,0.061523,0.071289,-1.020508
IMU,3217445908,7.625000,4.937500,4.750000,0.054688,0.072510,-1.019043
IMU,3217449911,8.375000,4.562500,4.812500,0.052490,0.079346,-1.017822
IMU,3217454908,8.000000,3.937500,2.750000,0.053955,0.071289,-1.017822
IMU,3217458910,7.750000,3.562500,2.875000,0.052490,0.069580,-1.016602
IMU,3217463909,8.062500,4.125000,3.000000,0.054443,0.073242,-1.016602
IMU,3217468910,7.437500,2.625000,3.187500,0.058350,0.082764,-1.017334
IMU,3217472908,6.875000,3.375000,3.937500,0.064453,0.080566,-1.018311
IMU,3217477911,7.500000,3.937500,3.437500,0.065430,0.101074,-1.019531
IMU,3217481908,8.375000,3.312500,3.625000,0.066406,0.088379,-1.019775
IMU,3217486910,8.937500,2.125000,4.000000,0.061523,0.072266,-1.018555
IMU,3217490909,8.125000,2.687500,4.750000,0.058105,0.076660,-1.018311
IMU,3217495910,8.187500,2.687500,7.875000,0.068359,0.107910,-1.020020
IMU,3217500908,7.875000,2.000000,11.000000,0.070068,0.125000,-1.018555
IMU,3217504911,8.250000,2.062500,12.500000,0.071045,0.120605,-1.020020
IMU,3217509908,8.000000,1.750000,12.937500,0.068604,0.108643,-1.018555
IMU,3217513910,8.000000,2.125000,11.312500,0.068115,0.111328,-1.018066
IMU,3217518909,7.875000,2.875000,9.062500,0.069824,0.116211,-1.019043
IMU,3217522910,7.687500,2.687500,11.250000,0.071045,0.121826,-1.018799
IMU,3217527908,9.312500,2.562500,12.187500,0.071777,0.132812,-1.020508
IMU,3217532911,8.312500,2.687500,13.937500,0.071533,0.119873,-1.019531
IMU,3217536908,7.812500,2.000000,16.312500,0.061279,0.106689,-1.019287
IMU,3217541910,7.625000,1.812500,15.500000,0.054199,0.111084,-1.016602
IMU,3217545909,8.062500,2.500000,14.062500,0.056396,0.109619,-1.019775
IMU,3217550910,8.000000,3.000000,14.187500,0.057617,0.104004,-1.020020
IMU,3217554908,8.062500,3.437500,11.562500,0.048828,0.105469,-1.020508
IMU,3217559911,8.312500,3.250000,9.500000,0.050781,0.100830,-1.022217
IMU,3217563908,8.312500,2.812500,5.500000,0.036865,0.072998,-1.020508
IMU,3217568910,8.562500,2.625000,-0.625000,0.024658,0.066406,-1.020996
IMU,3217573909,8.562500,3.000000,-5.375000,0.024414,0.065918,-1.018555
IMU,3217577910,7.937500,3.250000,-10.562500,0.031006,0.067871,-1.019775
IMU,3217582908,7.375000,2.625000,-14.375000,0.036377,0.065674,-1.020508
IMU,3217586911,7.500000,3.750000,-15.125000,0.046143,0.081787,-1.018311
IMU,3217591908,7.187500,4.875000,-14.312500,0.055664,0.078857,-1.019531
IMU,3217595910,6.062500,4.625000,-13.500000,0.056885,0.096191,-1.017578
IMU,3217600909,7.375000,3.937500,-12.125000,0.062744,0.096924,-1.019287
IMU,3217605910,7.250000,4.312500,-10.062500,0.061279,0.104492,-1.020508
IMU,3217609908,5.562500,3.437500,-6.875000,0.062256,0.094482,-1.021484
IMU,3217614911,7.000000,4.250000,-4.812500,0.062256,0.096191,-1.021973
IMU,3217618908,7.187500,4.062500,-1.250000,0.066650,0.113281,-1.021973
IMU,3217623910,7.000000,5.187500,4.750000,0.071289,0.116455,-1.022705
IMU,3217627909,7.250000,4.437500,9.437500,0.072510,0.115234,-1.021973
IMU,3217632910,7.625000,5.375000,12.250000,0.070557,0.118408,-1.020020
IMU,3217636908,7.875000,5.250000,15.125000,0.067383,0.117676,-1.019775
IMU,3217641911,7.437500,4.812500,19.312500,0.072021,0.122559,-1.020020
IMU,3217646908,9.500000,3.812500,23.125000,0.070801,0.090088,-1.020752
IMU,3217650910,9.062500,2.937500,25.125000,0.055420,0.092773,-1.018799
IMU,3217655909,8.000000,3.562500,26.875000,0.055420,0.109131,-1.020264
IMU,3217659910,7.250000,4.750000,27.000000,0.052002,0.089355,-1.018555
IMU,3217664908,7.187500,4.312500,25.750000,0.049561,0.076660,-1.018311
IMU,3217668911,8.500000,3.812500,23.000000,0.037842,0.047607,-1.021484
IMU,3217673908,7.812500,3.562500,17.250000,0.033447,0.044434,-1.015869
IMU,3217678910,8.562500,3.875000,11.125000,0.039062,0.054443,-1.014893
IMU,3217682909,7.500000,3.562500,10.187500,0.042969,0.059326,-1.019775
IMU,3217687910,6.562500,2.750000,9.625000,0.044189,0.050537,-1.019775
IMU,3217691908,9.062500,3.437500,8.312500,0.055664,0.080811,-1.017822
IMU,3217696911,9.250000,2.000000,6.250000,0.062500,0.069336,-1.016602
IMU,3217700908,9.625000,3.375000,4.875000,0.057129,0.066162,-1.017578
IMU,3217705910,11.125000,4.625000,4.750000,0.056641,0.079590,-1.017822
IMU,3217709909,10.000000,4.312500,4.812500,0.059326,0.047119,-1.018066
IMU,3217714910,10.562500,5.750000,5.875000,0.060791,0.079346,-1.020508
IMU,3217719908,9.125000,5.000000,8.812500,0.075684,0.106201,-1.020996
IMU,3217723911,7.687500,4.375000,12.812500,0.082275,0.083008,-1.018555
IMU,3217728908,8.937500,5.125000,14.312500,0.077393,0.077148,-1.017334
IMU,3217732910,9.750000,4.000000,14.500000,0.079102,0.083008,-1.016113
IMU,3217737909,9.375000,3.812500,15.312500,0.082520,0.087158,-1.018555
IMU,3217741910,7.875000,3.687500,18.250000,0.083984,0.117188,-1.018311
IMU,3217746908,8.312500,4.437500,21.812500,0.090332,0.107178,-1.017578
IMU,3217751911,10.937500,5.062500,23.125000,0.088135,0.099121,-1.020020
IMU,3217755908,10.875000,4.937500,22.562500,0.077393,0.097900,-1.019043
IMU,3217760910,10.562500,3.812500,22.187500,0.066162,0.077637,-1.018799
IMU,3217764909,10.250000,1.937500,17.812500,0.050049,0.072510,-1.017334
IMU,3217769910,11.062500,2.750000,11.500000,0.040527,0.072021,-1.015869
IMU,3217773908,12.062500,3.500000,4.750000,0.034424,0.056152,-1.019043
IMU,3217778911,10.500000,4.125000,-0.250000,0.029541,0.045166,-1.019043
IMU,3217783908,9.375000,3.250000,-5.562500,0.024658,0.068115,-1.016357
IMU,3217787910,9.000000,5.187500,-11.187500,0.028076,0.055176,-1.017822
IMU,3217792909,8.375000,4.687500,-14.062500,0.035156,0.052002,-1.020508
IMU,3217796910,8.125000,3.375000,-16.500000,0.038330,0.070801,-1.021729
IMU,3217801908,9.562500,3.562500,-20.437500,0.041260,0.065918,-1.020752
IMU,3217805911,9.312500,2.687500,-22.812500,0.047852,0.077637,-1.017334
IMU,3217810908,9.500000,3.437500,-24.062500,0.062256,0.060547,-1.015869
IMU,3217814910,10.187500,3.312500,-24.437500,0.062744,0.049072,-1.022461
IMU,3217819909,10.062500,2.312500,-25.062500,0.062744,0.079834,-1.026367
IMU,3217824910,10.500000,2.000000,-24.062500,0.068604,0.089600,-1.023682
IMU,3217828908,11.000000,2.062500,-19.875000,0.062744,0.076904,-1.022461
IMU,3217833911,9.875000,2.750000,-17.312500,0.075684,0.076172,-1.016846
IMU,3217837908,9.937500,5.125000,-15.062500,0.090332,0.069824,-1.016846
IMU,3217842910,9.812500,4.875000,-8.875000,0.089355,0.074219,-1.022217
IMU,3217846909,10.625000,4.000000,-5.250000,0.077881,0.095703,-1.020752
IMU,3217851910,10.437500,4.500000,-2.687500,0.078613,0.099854,-1.019043
IMU,3217856908,9.750000,3.562500,0.625000,0.083740,0.090332,-1.018311
IMU,3217860911,9.562500,3.750000,4.687500,0.079102,0.098877,-1.018799
IMU,3217865908,10.000000,3.312500,7.937500,0.076416,0.105225,-1.022217
IMU,3217869910,10.437500,3.625000,10.062500,0.075928,0.100586,-1.019775
IMU,3217874909,10.125000,3.562500,12.750000,0.073242,0.107666,-1.019775
IMU,3217878910,10.187500,3.875000,15.062500,0.068604,0.101318,-1.018311
IMU,3217883908,9.625000,5.125000,15.187500,0.056641,0.083984,-1.018066
IMU,3217887911,8.375000,5.000000,15.687500,0.053223,0.088135,-1.017334
IMU,3217892908,10.312500,3.500000,18.062500,0.057129,0.119873,-1.022461
IMU,3217897910,11.375000,3.437500,20.625000,0.066162,0.088135,-1.018555
IMU,3217901909,10.500000,4.500000,22.437500,0.062256,0.072754,-1.015869
IMU,3217906910,8.000000,4.812500,23.812500,0.058594,0.069580,-1.018799
IMU,3217910908,9.687500,4.187500,23.750000,0.063721,0.089111,-1.022217
IMU,3217915911,9.625000,3.750000,23.500000,0.069092,0.115723,-1.021240
IMU,3217919908,9.312500,3.437500,26.375000,0.074463,0.108643,-1.019531
IMU,3217924910,9.375000,5.250000,25.687500,0.080811,0.083008,-1.018799
IMU,3217929909,9.937500,5.375000,25.125000,0.072266,0.055908,-1.018311
IMU,3217933910,11.250000,3.937500,22.000000,0.063721,0.096191,-1.020264
IMU,3217938908,11.625000,2.562500,22.000000,0.074707,0.109131,-1.016113
IMU,3217942911,12.250000,2.437500,22.062500,0.065430,0.060547,-1.017822
IMU,3217947908,9.562500,4.562500,21.125000,0.060303,0.047363,-1.014404
IMU,3217951910,10.875000,2.000000,18.875000,0.047119,0.089844,-1.021484
IMU,3217956909,10.625000,4.125000,13.625000,0.062988,0.081543,-1.016602
IMU,3217961910,10.312500,4.062500,11.812500,0.050781,0.072510,-1.019775
IMU,3217965908,9.187500,3.375000,11.437500,0.057861,0.098389,-1.018799
IMU,3217970911,8.312500,4.375000,12.875000,0.038818,0.060303,-1.013672
IMU,3217974908,7.562500,3.937500,9.250000,0.027588,0.054688,-1.017334
IMU,3217979910,9.062500,3.937500,6.437500,0.032227,0.071045,-1.018066
IMU,3217983909,10.687500,3.000000,7.250000,0.039795,0.071533,-1.018555
IMU,3217988910,11.437500,4.312500,5.437500,0.051514,0.066895,-1.015381
IMU,3217992908,10.875000,4.000000,9.625000,0.047852,0.075684,-1.019531
IMU,3217997911,11.062500,3.125000,12.125000,0.044922,0.104004,-1.023926
IMU,3218002908,10.062500,4.187500,12.062500,0.056885,0.109619,-1.017822
IMU,3218006910,9.562500,4.312500,14.000000,0.050781,0.063965,-1.016357
IMU,3218011909,9.875000,4.250000,15.375000,0.044434,0.055420,-1.020508
IMU,3218015910,11.062500,3.250000,15.625000,0.043457,0.090576,-1.016846
IMU,3218020908,10.687500,4.250000,15.625000,0.054443,0.076416,-1.015625
IMU,3218024911,12.312500,4.187500,16.875000,0.049072,0.064697,-1.017578
IMU,3218029908,12.625000,3.312500,16.750000,0.053955,0.084229,-1.018799
IMU,3218034910,11.250000,2.000000,16.812500,0.058594,0.070801,-1.020752
IMU,3218038909,12.625000,3.687500,15.250000,0.059570,0.078369,-1.019775
IMU,3218043910,11.812500,4.187500,14.125000,0.067627,0.069580,-1.019775
IMU,3218047908,10.062500,3.625000,13.937500,0.056885,0.048584,-1.018311
IMU,3218052911,11.875000,3.437500,9.812500,0.042725,0.054688,-1.018799
IMU,3218056908,12.312500,2.750000,7.000000,0.035889,0.052979,-1.020264
IMU,3218061910,10.812500,2.500000,4.187500,0.043457,0.070312,-1.015869
IMU,3218065909,10.875000,2.875000,-0.437500,0.046631,0.061035,-1.016846
IMU,3218070910,10.375000,3.250000,-3.062500,0.046387,0.060547,-1.022949
IMU,3218075908,10.750000,2.250000,-5.250000,0.042969,0.062500,-1.021729
IMU,3218079911,10.375000,2.562500,-8.500000,0.044434,0.066406,-1.018555
IMU,3218084908,8.250000,2.562500,-11.875000,0.047119,0.077148,-1.018311
IMU,3218088910,9.000000,3.250000,-13.125000,0.051758,0.077393,-1.020752
IMU,3218093909,9.687500,3.625000,-16.062500,0.053467,0.057861,-1.018066
IMU,3218097910,8.687500,5.187500,-16.687500,0.058594,0.071777,-1.017822
IMU,3218102908,9.562500,4.750000,-14.125000,0.064209,0.092773,-1.022217
IMU,3218107911,10.500000,2.000000,-15.562500,0.054443,0.108398,-1.023926
IMU,3218111908,9.187500,2.437500,-15.812500,0.061768,0.087646,-1.015625
IMU,3218116910,7.875000,5.562500,-13.312500,0.070801,0.062256,-1.015869
IMU,3218120909,9.375000,4.187500,-8.687500,0.071777,0.051025,-1.027100
IMU,3218125910,9.500000,3.375000,-9.062500,0.071289,0.088135,-1.017822
IMU,3218129908,9.750000,2.500000,-8.625000,0.070801,0.107910,-1.017822
IMU,3218134911,9.562500,2.750000,-6.875000,0.070312,0.094971,-1.018799
IMU,3218138908,8.562500,4.312500,-5.437500,0.068604,0.063721,-1.017822
IMU,3218143910,8.625000,3.875000,-7.875000,0.062500,0.081543,-1.013184
IMU,3218148909,8.812500,4.875000,-9.062500,0.062988,0.091309,-1.020508
IMU,3218152910,8.562500,4.812500,-7.875000,0.062500,0.055176,-1.025635
IMU,3218157908,8.625000,5.187500,-9.250000,0.062500,0.039062,-1.019043
IMU,3218161911,9.375000,5.062500,-14.062500,0.055908,0.037109,-1.017090
IMU,3218166908,8.375000,3.937500,-14.625000,0.062256,0.059082,-1.019775
IMU,3218170910,8.187500,3.562500,-12.437500,0.072754,0.065674,-1.018066
IMU,3218175909,8.187500,3.437500,-8.937500,0.080078,0.078125,-1.016846
IMU,3218180910,9.062500,3.562500,-6.625000,0.077148,0.101074,-1.018066
IMU,3218184908,9.187500,4.500000,-1.625000,0.080078,0.099365,-1.016113
IMU,3218189911,8.750000,4.437500,3.562500,0.082031,0.089111,-1.017334
IMU,3218193908,7.625000,4.687500,10.562500,0.061279,0.081299,-1.020264
IMU,3218198910,7.812500,5.250000,13.437500,0.037354,0.065430,-1.019531
IMU,3218202909,7.750000,5.312500,14.375000,0.037598,0.093994,-1.018066
IMU,3218207910,9.062500,4.625000,16.312500,0.040771,0.079834,-1.019775
IMU,3218212908,9.562500,4.250000,17.500000,0.036865,0.079346,-1.017822
IMU,3218216911,10.000000,5.437500,15.625000,0.044922,0.079590,-1.018311
IMU,3218221908,8.000000,5.625000,18.000000,0.039551,0.081299,-1.016113
IMU,3218225910,6.687500,6.375000,21.125000,0.040283,0.089844,-1.019043
IMU,3218230909,8.312500,6.000000,22.125000,0.049561,0.080811,-1.020264
IMU,3218234910,8.687500,6.187500,21.562500,0.061279,0.042480,-1.018555
IMU,3218239908,8.000000,6.187500,21.625000,0.057373,0.033447,-1.017090
IMU,3218243911,8.312500,4.687500,20.312500,0.051270,0.078857,-1.014404
IMU,3218248908,8.125000,3.750000,17.750000,0.066650,0.068604,-1.016602
IMU,3218253910,8.812500,3.812500,15.875000,0.069824,0.074707,-1.017334
IMU,3218257909,8.125000,4.187500,15.312500,0.078857,0.100098,-1.018066
IMU,3218262910,8.000000,4.875000,12.562500,0.077881,0.078857,-1.020752
IMU,3218266908,9.312500,3.625000,7.875000,0.065186,0.086670,-1.020020
IMU,3218271911,9.437500,2.312500,4.312500,0.058350,0.064941,-1.021240
IMU,3218275908,8.625000,2.250000,-0.875000,0.051025,0.094971,-1.021484
IMU,3218280910,8.000000,1.875000,-5.750000,0.058838,0.105713,-1.019775
IMU,3218285909,7.187500,3.437500,-5.437500,0.087646,0.082520,-1.020020
IMU,3218289910,8.500000,3.875000,-4.500000,0.096924,0.059326,-1.019775
IMU,3218294908,8.812500,3.937500,-3.250000,0.090820,0.078125,-1.019531
IMU,3218298911,8.000000,4.062500,0.937500,0.093750,0.126709,-1.017578
IMU,3218303908,8.375000,4.125000,5.750000,0.110596,0.121094,-1.016113
IMU,3218307910,9.500000,4.437500,10.500000,0.106201,0.096680,-1.016357
IMU,3218312909,10.562500,3.937500,10.125000,0.086670,0.088379,-1.020508
IMU,3218316910,8.875000,5.000000,10.062500,0.064697,0.036621,-1.024170
IMU,3218321908,9.250000,4.812500,14.875000,0.060547,0.060303,-1.023193
IMU,3218326911,9.250000,4.250000,16.312500,0.061279,0.087646,-1.024170
IMU,3218330908,7.625000,4.062500,19.312500,0.056396,0.084717,-1.022217
IMU,3218335910,7.687500,4.687500,22.437500,0.060303,0.069336,-1.020752
IMU,3218339909,8.312500,4.687500,24.437500,0.058838,0.064941,-1.016357
IMU,3218344910,9.000000,3.812500,26.937500,0.060547,0.070801,-1.015869
IMU,3218348908,9.562500,4.437500,28.625000,0.064453,0.083496,-1.017334
IMU,3218353911,8.937500,5.625000,29.875000,0.076172,0.065430,-1.018799
IMU,3218358908,6.937500,5.812500,33.687500,0.057861,0.025879,-1.020264
IMU,3218362910,6.937500,3.437500,32.562500,0.056641,0.086670,-1.018066
IMU,3218367909,7.625000,2.750000,29.500000,0.067383,0.103271,-1.020752
IMU,3218371910,6.875000,3.375000,31.687500,0.064941,0.105225,-1.020020
IMU,3218376908,7.687500,4.125000,33.625000,0.062012,0.091797,-1.020020
IMU,3218380911,8.500000,3.687500,36.187500,0.057861,0.109863,-1.017090
IMU,3218385908,8.562500,3.687500,34.250000,0.057861,0.089355,-1.016357
IMU,3218390910,8.937500,3.812500,34.250000,0.052246,0.109619,-1.014893
IMU,3218394909,9.562500,3.937500,36.125000,0.052490,0.078125,-1.020264
IMU,3218399910,8.250000,3.937500,33.687500,0.054443,0.068115,-1.022949
IMU,3218403908,8.375000,3.937500,29.375000,0.056641,0.066650,-1.019531
IMU,3218408911,8.750000,4.437500,24.687500,0.036133,0.011963,-1.017578
IMU,3218412908,8.812500,5.187500,19.312500,0.032227,0.035156,-1.015137
IMU,3218417910,9.312500,4.187500,18.000000,0.047119,0.081787,-1.016846
IMU,3218421909,9.500000,4.312500,16.437500,0.058838,0.086182,-1.016113
IMU,3218426910,9.875000,4.125000,13.562500,0.050781,0.073730,-1.017090
IMU,3218431908,8.312500,3.125000,8.000000,0.045410,0.056396,-1.017822
IMU,3218435911,8.750000,5.312500,3.500000,0.044189,0.054443,-1.020508
IMU,3218440908,8.500000,5.812500,4.125000,0.050293,0.055664,-1.018799
IMU,3218444910,10.750000,6.562500,3.812500,0.054443,0.078857,-1.016113
IMU,3218449909,10.312500,4.500000,1.062500,0.056396,0.103760,-1.018555
IMU,3218453910,9.125000,4.562500,0.812500,0.065186,0.126709,-1.018066
IMU,3218458908,8.875000,3.750000,0.562500,0.081787,0.140381,-1.021484
IMU,3218463911,9.125000,2.500000,-2.062500,0.070557,0.169434,-1.018555
IMU,3218467908,8.125000,3.187500,-2.937500,0.062744,0.090820,-1.020996
IMU,3218472910,8.312500,3.250000,-2.250000,0.062012,0.045654,-1.023438
IMU,3218476909,8.187500,3.312500,-5.125000,0.040283,0.068848,-1.023438
IMU,3218481910,8.250000,1.937500,-12.625000,0.022705,0.127197,-1.020752
IMU,3218485908,8.000000,2.500000,-24.250000,0.032959,0.134766,-1.021484
IMU,3218490911,7.187500,3.125000,-31.500000,0.056396,0.085938,-1.017090
IMU,3218494908,8.312500,3.687500,-30.312500,0.064941,0.050781,-1.015381
IMU,3218499910,7.500000,4.812500,-27.875000,0.059082,0.023193,-1.018799
IMU,3218504909,9.812500,5.312500,-26.125000,0.057861,0.073242,-1.020264
IMU,3218508910,9.812500,3.125000,-28.000000,0.066650,0.123291,-1.024170
IMU,3218513908,9.437500,3.125000,-27.375000,0.071777,0.139893,-1.019287
IMU,3218517911,9.062500,3.000000,-19.000000,0.093018,0.070068,-1.019043
IMU,3218522908,9.625000,3.375000,-10.875000,0.090088,0.067627,-1.022217
IMU,3218526910,9.187500,5.750000,-5.937500,0.079590,0.098145,-1.015869
IMU,3218531909,9.500000,4.125000,3.000000,0.072754,0.073730,-1.019287
IMU,3218536910,9.625000,4.500000,11.312500,0.083740,0.066406,-1.020508
IMU,3218540908,9.625000,5.937500,20.750000,0.067383,0.061768,-1.021484
IMU,3218545911,7.750000,5.375000,26.687500,0.041992,0.087646,-1.025879
IMU,3218549908,9.625000,6.000000,29.000000,0.062988,0.144043,-1.017334
IMU,3218554910,11.000000,5.562500,30.437500,0.071777,0.093262,-1.017090
IMU,3218558909,11.250000,4.562500,26.625000,0.053467,0.059082,-1.019775
IMU,3218563910,9.687500,4.500000,26.437500,0.051025,0.131348,-1.015625
IMU,3218567908,9.562500,5.375000,25.562500,0.053955,0.084717,-1.017090
IMU,3218572911,9.875000,5.250000,23.000000,0.043457,0.044189,-1.015381
IMU,3218577908,9.437500,4.687500,19.375000,0.037598,0.018555,-1.017334
IMU,3218581910,7.437500,3.687500,17.562500,0.029297,0.002686,-1.022949
IMU,3218586909,7.375000,2.437500,13.562500,0.031738,0.116211,-1.023682
IMU,3218590910,6.937500,2.125000,9.750000,0.050781,0.106445,-1.018555
IMU,3218595908,8.250000,3.687500,10.312500,0.042969,0.006836,-1.015625
IMU,3218599911,8.250000,4.750000,6.687500,0.042725,0.072266,-1.011963
IMU,3218604908,10.250000,6.750000,8.437500,0.058838,-0.007324,-1.020752
IMU,3218609910,9.875000,5.062500,6.250000,0.046143,0.087158,-1.019043
IMU,3218613909,9.750000,5.437500,3.875000,0.069336,0.139160,-1.018066
IMU,3218618910,8.687500,4.500000,9.000000,0.086914,0.083740,-1.020264
IMU,3218622908,9.687500,2.812500,9.312500,0.081299,0.041260,-1.020996
IMU,3218627911,11.000000,4.250000,5.250000,0.072754,0.075439,-1.017822
IMU,3218631908,9.000000,4.875000,8.687500,0.087402,0.115723,-1.017334
IMU,3218636910,8.875000,4.437500,17.875000,0.094482,0.081787,-1.017822
IMU,3218641909,9.062500,4.687500,22.000000,0.086914,0.052490,-1.019043
IMU,3218645910,8.312500,5.187500,22.500000,0.065430,0.044922,-1.019043
IMU,3218650908,8.312500,4.187500,25.625000,0.064941,0.064209,-1.020508
IMU,3218654911,9.000000,4.687500,28.437500,0.078369,0.112305,-1.022217
IMU,3218659908,9.625000,4.250000,28.312500,0.090332,0.122803,-1.020508
IMU,3218663910,8.187500,4.500000,27.812500,0.088379,0.098389,-1.018311
IMU,3218668909,8.750000,3.937500,27.250000,0.074219,0.064697,-1.016113
IMU,3218672910,9.000000,3.250000,24.750000,0.054443,0.028320,-1.018066
IMU,3218677908,9.437500,3.437500,16.875000,0.057861,0.101562,-1.017334
IMU,3218682911,9.000000,3.875000,12.687500,0.048584,0.044922,-1.018799
IMU,3218686908,9.125000,3.687500,5.562500,0.036621,0.087158,-1.021729
IMU,3218691910,9.062500,3.500000,-9.187500,0.039551,0.125732,-1.021484
IMU,3218695909,7.000000,2.750000,-19.187500,0.054443,0.086670,-1.016602
IMU,3218700910,7.187500,3.937500,-20.250000,0.055420,-0.006104,-1.016113
IMU,3218704908,8.625000,3.937500,-18.250000,0.038574,-0.006104,-1.021729
IMU,3218709911,7.812500,3.687500,-21.750000,0.040039,0.090332,-1.018311
IMU,3218714908,8.687500,4.500000,-24.250000,0.061035,0.060791,-1.019775
IMU,3218718910,8.875000,3.625000,-28.437500,0.071777,0.102539,-1.017334
IMU,3218723909,7.937500,3.250000,-28.250000,0.082764,0.075195,-1.020020
IMU,3218727910,7.625000,4.062500,-22.625000,0.070312,0.015625,-1.022461
IMU,3218732908,8.187500,5.187500,-19.500000,0.050781,0.016602,-1.022217
IMU,3218736911,7.312500,5.062500,-15.437500,0.055176,0.048828,-1.019043
IMU,3218741908,6.875000,4.812500,-10.250000,0.069336,0.064453,-1.019775
IMU,3218745910,8.187500,4.812500,-5.937500,0.075439,0.060303,-1.022705
IMU,3218750909,9.437500,3.687500,-3.187500,0.080566,0.070801,-1.020020
IMU,3218755910,7.750000,5.312500,-0.125000,0.075928,0.065674,-1.018066
IMU,3218759908,9.000000,5.750000,6.687500,0.079834,0.093994,-1.014404
IMU,3218764911,9.437500,6.000000,11.750000,0.069092,0.065918,-1.017334
IMU,3218768908,7.687500,5.312500,12.250000,0.065186,0.060791,-1.020996
IMU,3218773910,6.312500,5.500000,16.875000,0.059814,0.048340,-1.020264
IMU,3218777909,7.687500,4.937500,18.250000,0.074707,0.127197,-1.016846
IMU,3218782910,9.250000,5.375000,21.125000,0.083008,0.094482,-1.019531
IMU,3218787908,8.125000,5.500000,25.562500,0.083496,0.072754,-1.021973
IMU,3218791911,6.500000,5.812500,24.937500,0.055908,0.080078,-1.019287
IMU,3218796908,6.500000,5.437500,23.937500,0.047363,0.054688,-1.021240
IMU,3218800910,8.875000,5.000000,23.562500,0.031250,-0.094971,-1.021484
IMU,3218805909,9.437500,3.250000,41.937500,-0.041016,-0.080566,-1.018555
IMU,3218809910,8.937500,3.062500,33.000000,0.045166,0.218994,-1.016113
IMU,3218814908,8.062500,2.312500,14.375000,0.082275,0.063232,-1.019531
IMU,3218819911,9.812500,2.250000,16.687500,0.063477,0.026367,-1.018799
IMU,3218823908,11.687500,0.750000,10.875000,0.041504,0.091553,-1.017334
IMU,3218828910,10.000000,1.125000,3.625000,0.058350,0.072266,-1.015869
IMU,3218832909,9.437500,1.000000,0.937500,0.055420,0.008057,-1.015381
IMU,3218837910,8.250000,0.875000,1.750000,0.050049,-0.001221,-1.021240
IMU,3218841908,8.125000,1.187500,1.250000,0.041260,0.007324,-1.022217
IMU,3218846911,7.437500,1.125000,0.687500,0.044922,0.026123,-1.020508
IMU,3218850908,7.187500,2.937500,-1.250000,0.054688,0.040771,-1.015381
IMU,3218855910,7.375000,4.250000,-1.937500,0.062744,0.062500,-1.017334
IMU,3218860909,7.812500,4.750000,-1.687500,0.068115,0.070068,-1.015625
IMU,3218864910,5.750000,5.500000,-1.187500,0.071045,0.047363,-1.015869
IMU,3218869908,5.625000,5.625000,0.562500,0.065186,0.034180,-1.014893
IMU,3218873911,6.500000,4.687500,4.375000,0.061035,0.034668,-1.019043
IMU,3218878908,6.375000,3.062500,7.250000,0.055908,0.038818,-1.020996
IMU,3218882910,8.187500,3.125000,6.812500,0.057373,0.055664,-1.020752
IMU,3218887909,8.125000,2.750000,4.812500,0.058838,0.072754,-1.022949
IMU,3218892910,8.250000,2.437500,3.250000,0.058838,0.086670,-1.020508
IMU,3218896908,8.062500,2.750000,1.687500,0.061768,0.079346,-1.019531
IMU,3218901911,7.625000,2.750000,1.500000,0.062500,0.062744,-1.017334
IMU,3218905908,7.562500,3.250000,2.750000,0.060791,0.079590,-1.014648
IMU,3218910910,7.687500,3.312500,3.062500,0.066650,0.089111,-1.016357
IMU,3218914909,8.125000,2.500000,4.500000,0.068359,0.090576,-1.015869
IMU,3218919910,8.812500,2.687500,5.187500,0.067139,0.099365,-1.018555
IMU,3218923908,8.187500,2.625000,8.062500,0.071045,0.092529,-1.020508
IMU,3218928911,7.937500,3.000000,9.562500,0.064941,0.076416,-1.020508
IMU,3218933908,8.062500,2.937500,11.250000,0.059814,0.095947,-1.021240
IMU,3218937910,7.937500,2.500000,15.000000,0.063965,0.094482,-1.021973
IMU,3218942909,7.437500,3.312500,17.625000,0.070312,0.087646,-1.020508
IMU,3218946910,7.187500,2.812500,20.312500,0.075195,0.087402,-1.017578
IMU,3218951908,7.937500,2.750000,20.250000,0.066406,0.080811,-1.016846
IMU,3218955911,7.812500,3.562500,18.875000,0.054199,0.082764,-1.016602
IMU,3218960908,7.875000,3.250000,17.625000,0.057373,0.058350,-1.019287
IMU,3218965910,8.062500,3.437500,16.125000,0.056885,0.069580,-1.021484
IMU,3218969909,7.562500,2.000000,15.125000,0.062256,0.081055,-1.023682
IMU,3218974910,7.687500,2.375000,15.187500,0.065918,0.075439,-1.024902
IMU,3218978908,8.312500,3.250000,14.375000,0.069580,0.092529,-1.023926
IMU,3218983911,8.750000,2.812500,12.125000,0.071289,0.098145,-1.020508
IMU,3218987908,7.687500,2.812500,10.687500,0.065674,0.079102,-1.018555
IMU,3218992910,7.437500,3.187500,5.250000,0.060303,0.066406,-1.018066
IMU,3218997909,8.750000,2.562500,1.812500,0.064941,0.109131,-1.017822
IMU,3219001910,9.125000,1.250000,2.062500,0.078369,0.129883,-1.017822
IMU,3219006908,9.312500,1.875000,-0.875000,0.082275,0.101562,-1.019775
IMU,3219010911,7.625000,2.250000,-2.125000,0.073486,0.050537,-1.021240
IMU,3219015908,6.875000,2.187500,-2.812500,0.061523,0.070557,-1.020996
IMU,3219019910,6.375000,3.000000,-1.062500,0.069092,0.101807,-1.023926
IMU,3219024909,6.875000,2.937500,-0.562500,0.071533,0.094482,-1.021973
IMU,3219028910,7.500000,3.500000,0.187500,0.065186,0.096924,-1.019043
IMU,3219033908,7.562500,4.125000,1.312500,0.069092,0.117920,-1.018066
IMU,3219038911,8.250000,3.750000,5.125000,0.074707,0.113037,-1.017090
IMU,3219042908,8.250000,4.375000,8.750000,0.081787,0.108398,-1.017334
IMU,3219047910,8.937500,2.562500,11.125000,0.082764,0.126709,-1.020752
IMU,3219051909,9.250000,2.562500,13.500000,0.082031,0.141113,-1.017578
IMU,3219056910,8.375000,2.437500,18.312500,0.082275,0.122314,-1.017822
IMU,3219060908,8.937500,3.062500,22.062500,0.071777,0.097656,-1.021240
IMU,3219065911,7.937500,2.562500,21.937500,0.064453,0.105469,-1.020508
IMU,3219070908,7.000000,3.062500,23.875000,0.068359,0.103760,-1.017578
IMU,3219074910,7.875000,3.187500,23.750000,0.068115,0.085693,-1.018799
IMU,3219079909,7.750000,2.562500,22.750000,0.061279,0.094727,-1.016113
IMU,3219083910,8.812500,2.437500,22.062500,0.053711,0.067627,-1.016357
IMU,3219088908,8.750000,2.625000,21.000000,0.047363,0.051270,-1.018066
IMU,3219092911,9.875000,2.187500,16.625000,0.043457,0.050049,-1.018799
IMU,3219097908,9.187500,2.062500,11.250000,0.058350,0.086670,-1.018311
IMU,3219101910,8.500000,2.687500,9.000000,0.061035,0.083496,-1.018555
IMU,3219106909,8.562500,3.312500,6.500000,0.051514,0.069580,-1.020996
IMU,3219111910,8.000000,2.562500,3.687500,0.059814,0.095459,-1.019531
IMU,3219115908,8.937500,2.375000,2.812500,0.061035,0.062012,-1.018311
IMU,3219120911,8.875000,2.250000,-0.062500,0.052002,0.059326,-1.018311
IMU,3219124908,8.937500,2.687500,-2.562500,0.069092,0.101562,-1.017822
IMU,3219129910,8.812500,2.562500,-3.937500,0.077637,0.123779,-1.017822
IMU,3219133909,8.062500,2.750000,-3.500000,0.072998,0.077881,-1.017822
IMU,3219138910,8.750000,3.000000,-6.062500,0.064209,0.068115,-1.021729
IMU,3219143908,9.250000,1.812500,-11.625000,0.071777,0.125732,-1.018555
IMU,3219147911,8.000000,1.187500,-10.875000,0.080566,0.140869,-1.018555
IMU,3219152908,7.375000,2.750000,-8.812500,0.076660,0.086182,-1.020508
IMU,3219156910,7.375000,2.812500,-10.187500,0.065674,0.062744,-1.021484
IMU,3219161909,8.250000,2.187500,-8.812500,0.057373,0.066406,-1.020752
IMU,3219165910,7.937500,2.875000,-11.500000,0.056641,0.080811,-1.019775
IMU,3219170908,8.125000,3.125000,-13.187500,0.047852,0.056152,-1.020508
IMU,3219174911,9.562500,2.187500,-16.562500,0.049072,0.054199,-1.021729
IMU,3219179908,8.375000,1.812500,-19.437500,0.067139,0.086670,-1.020508
IMU,3219184910,8.437500,2.000000,-16.687500,0.069824,0.079834,-1.022217
IMU,3219188909,8.500000,2.437500,-13.000000,0.074951,0.091064,-1.020020
IMU,3219193910,9.187500,2.187500,-8.500000,0.072510,0.083740,-1.018555
IMU,3219197908,8.687500,2.125000,-5.875000,0.076172,0.087646,-1.019775
IMU,3219202911,8.562500,2.812500,-1.875000,0.076660,0.057861,-1.020020
IMU,3219206908,9.875000,2.625000,2.187500,0.056641,0.071533,-1.022705
IMU,3219211910,8.937500,2.062500,6.625000,0.065186,0.107178,-1.020996
IMU,3219216909,7.562500,2.375000,11.562500,0.069580,0.092773,-1.020752
IMU,3219220910,9.125000,2.187500,12.687500,0.074463,0.119873,-1.020752
IMU,3219225908,8.750000,3.125000,18.312500,0.074707,0.118164,-1.017822
IMU,3219229911,6.750000,3.750000,18.375000,0.047852,0.057373,-1.019287
IMU,3219234908,7.312500,2.625000,16.062500,0.034912,0.045166,-1.022461
IMU,3219238910,7.250000,2.687500,17.562500,0.047119,0.117432,-1.020020
IMU,3219243909,7.687500,3.375000,19.187500,0.051025,0.069824,-1.020508
IMU,3219248910,7.812500,3.312500,16.062500,0.042969,0.070557,-1.019531
IMU,3219252908,8.000000,3.500000,13.312500,0.047607,0.078613,-1.019775
IMU,3219257911,7.937500,2.750000,11.625000,0.043701,0.070312,-1.020752
IMU,3219261908,7.562500,2.812500,8.875000,0.036377,0.016846,-1.017334
IMU,3219266910,6.937500,2.500000,2.750000,0.020996,0.020020,-1.016846
IMU,3219270909,7.500000,3.000000,-3.312500,0.026367,0.051758,-1.014893
IMU,3219275910,7.687500,2.187500,-5.875000,0.035400,0.046631,-1.016846
IMU,3219279908,7.750000,2.062500,-8.750000,0.045654,0.052246,-1.019775
IMU,3219284911,7.375000,2.250000,-13.000000,0.038086,0.017334,-1.018311
IMU,3219289908,7.875000,2.562500,-17.812500,0.032227,0.013428,-1.020020
IMU,3219293910,8.000000,2.250000,-20.187500,0.035156,0.034668,-1.016357
IMU,3219298909,8.250000,2.437500,-21.062500,0.046875,0.044678,-1.017822
IMU,3219302910,8.562500,1.437500,-21.250000,0.053467,0.031738,-1.018555
IMU,3219307908,8.500000,1.875000,-20.937500,0.056152,0.023682,-1.016846
IMU,3219311911,8.375000,1.562500,-22.562500,0.064941,0.034668,-1.015869
IMU,3219316908,8.562500,2.250000,-22.250000,0.072510,0.019775,-1.016113
IMU,3219321910,9.187500,2.500000,-19.687500,0.060303,0.014893,-1.019043
IMU,3219325909,8.750000,2.125000,-16.687500,0.063477,0.026367,-1.018066
IMU,3219330910,8.625000,3.250000,-14.187500,0.063721,0.017578,-1.019531
IMU,3219334908,8.375000,3.187500,-11.500000,0.064697,0.037842,-1.019531
IMU,3219339911,8.687500,2.937500,-11.187500,0.065186,0.048828,-1.019775
IMU,3219343908,7.625000,3.000000,-10.687500,0.061279,0.031982,-1.018799
IMU,3219348910,7.250000,3.687500,-8.437500,0.053711,0.023926,-1.016357
IMU,3219352909,8.000000,3.437500,-7.062500,0.047852,0.017822,-1.017578
IMU,3219357910,8.187500,3.125000,-7.312500,0.050293,0.022949,-1.020752
IMU,3219362908,8.250000,3.000000,-6.875000,0.048096,0.004639,-1.020508
IMU,3219366911,8.437500,3.312500,-6.750000,0.046143,-0.022461,-1.019287
IMU,3219371908,7.812500,3.125000,-6.625000,0.046387,-0.044434,-1.019287
IMU,3219375910,7.562500,3.437500,-7.062500,0.052979,-0.021240,-1.020508
IMU,3219380909,8.187500,3.000000,-4.687500,0.061035,0.023438,-1.019043
IMU,3219384910,7.687500,2.750000,-2.125000,0.060791,0.051270,-1.019287
IMU,3219389908,8.125000,3.062500,0.125000,0.059082,0.070312,-1.018311
IMU,3219394911,8.625000,2.875000,0.375000,0.059570,0.072754,-1.018311
IMU,3219398908,7.625000,2.937500,0.312500,0.061035,0.075439,-1.020020
IMU,3219403910,7.875000,3.625000,-0.062500,0.061523,0.074951,-1.022705
IMU,3219407909,8.750000,3.625000,-0.125000,0.062988,0.072510,-1.021973
IMU,3219412910,8.375000,3.812500,-0.437500,0.071045,0.066162,-1.020264
IMU,3219416908,7.875000,3.375000,0.125000,0.082764,0.055664,-1.019287
IMU,3219421911,7.750000,3.187500,-0.312500,0.057617,0.073730,-1.020996
IMU,3219426908,7.812500,3.125000,0.062500,0.059570,0.073486,-1.020020
IMU,3219430910,7.125000,3.000000,-0.375000,0.058350,0.074707,-1.019287
IMU,3219435909,7.187500,2.750000,0.000000,0.058105,0.073975,-1.020020
IMU,3219439910,8.250000,3.812500,-0.187500,0.055176,0.076660,-1.019531
IMU,3219444908,8.812500,3.375000,-0.375000,0.053223,0.079102,-1.020996
IMU,3219448911,8.187500,3.250000,0.375000,0.056152,0.078125,-1.022217
IMU,3219453908,8.562500,3.875000,1.187500,0.055664,0.082031,-1.021240
IMU,3219457910,9.375000,2.937500,1.750000,0.055908,0.081055,-1.020508
IMU,3219462909,8.500000,3.062500,2.062500,0.057129,0.080811,-1.020264
IMU,3219467910,7.687500,3.062500,0.812500,0.058105,0.080078,-1.019531
IMU,3219471908,7.750000,3.187500,0.562500,0.059082,0.078857,-1.019043
IMU,3219476911,8.125000,3.437500,1.250000,0.058838,0.079346,-1.016602
IMU,3219480908,7.687500,2.562500,1.437500,0.059326,0.079590,-1.016113
IMU,3219485910,8.187500,2.625000,0.375000,0.058594,0.080322,-1.016357
IMU,3219489909,8.750000,2.250000,0.500000,0.059814,0.079346,-1.016113
IMU,3219494910,9.000000,1.875000,0.312500,0.060791,0.079834,-1.017822
IMU,3219499908,7.937500,2.625000,0.500000,0.062012,0.080811,-1.018311
IMU,3219503911,7.937500,3.375000,1.187500,0.062256,0.081299,-1.018799
IMU,3219508908,8.500000,3.062500,0.875000,0.062500,0.080078,-1.017822
IMU,3219512910,9.062500,2.687500,0.500000,0.061279,0.080078,-1.017822
IMU,3219517909,8.375000,2.375000,0.375000,0.059814,0.080566,-1.017578
IMU,3219521910,7.312500,2.812500,0.875000,0.060059,0.081055,-1.017578
IMU,3219526908,7.437500,3.312500,0.625000,0.061035,0.081299,-1.017090
IMU,3219530911,8.500000,3.187500,1.062500,0.059814,0.080811,-1.018555
IMU,3219535908,8.562500,2.187500,0.062500,0.060547,0.079590,-1.019775
IMU,3219540910,8.875000,1.812500,0.000000,0.059326,0.080078,-1.019531
IMU,3219544909,8.312500,2.187500,0.625000,0.059326,0.079834,-1.018555
IMU,3219549910,7.937500,2.375000,0.437500,0.061279,0.078613,-1.018799
IMU,3219553908,8.062500,2.687500,-0.125000,0.062012,0.078613,-1.019043
IMU,3219558911,7.937500,3.375000,1.000000,0.062744,0.077881,-1.018066
IMU,3219562908,7.687500,3.062500,0.625000,0.060547,0.077881,-1.018311
IMU,3219567910,7.625000,3.562500,0.125000,0.059326,0.076904,-1.017578
IMU,3219572909,8.562500,3.812500,0.437500,0.058594,0.075928,-1.017822
IMU,3219576910,7.812500,3.187500,0.875000,0.060303,0.074951,-1.020264
IMU,3219581908,8.125000,2.750000,0.500000,0.059814,0.074951,-1.020508
IMU,3219585911,8.437500,2.750000,0.750000,0.059082,0.074951,-1.019043
IMU,3219590908,7.812500,3.250000,0.937500,0.059814,0.073730,-1.020996
IMU,3219594910,8.125000,3.250000,0.812500,0.059814,0.073730,-1.021729
IMU,3219599909,8.125000,2.812500,1.125000,0.059326,0.072754,-1.020020
IMU,3219603910,7.125000,2.937500,1.187500,0.059326,0.072510,-1.018311
IMU,3219608908,7.750000,3.000000,0.875000,0.060303,0.072510,-1.019287
IMU,3219613911,8.062500,2.937500,0.500000,0.061035,0.073975,-1.020508
IMU,3219617908,8.312500,3.125000,0.687500,0.060303,0.073486,-1.021240
IMU,3219622910,7.937500,2.937500,0.937500,0.059814,0.073486,-1.020996
IMU,3219626909,7.812500,3.125000,0.750000,0.060791,0.073486,-1.020508
IMU,3219631910,7.625000,2.875000,0.687500,0.060547,0.073486,-1.020020
IMU,3219635908,8.187500,2.937500,0.250000,0.060791,0.073486,-1.020996
IMU,3219640911,8.687500,2.750000,-0.187500,0.060791,0.073242,-1.020508
IMU,3219645908,7.750000,2.812500,-0.312500,0.068848,0.068115,-1.020020
IMU,3219649910,7.812500,3.312500,-0.250000,0.092041,0.054688,-1.019287
IMU,3219654909,8.375000,2.687500,-0.562500,0.049072,0.082520,-1.020508
IMU,3219658910,8.750000,2.562500,0.500000,0.053955,0.080078,-1.021484
IMU,3219663908,8.312500,2.875000,0.937500,0.059570,0.074707,-1.019043
IMU,3219667911,7.937500,2.562500,0.000000,0.058838,0.074951,-1.018066
IMU,3219672908,8.812500,2.625000,-0.125000,0.056396,0.077881,-1.016846
IMU,3219677910,8.062500,2.750000,0.437500,0.056641,0.076416,-1.018066
IMU,3219681909,7.812500,3.250000,0.437500,0.059570,0.075928,-1.017822
IMU,3219686910,8.062500,3.312500,1.062500,0.060791,0.075684,-1.017334
IMU,3219690908,8.250000,2.875000,0.875000,0.059570,0.076904,-1.017334
IMU,3219695911,8.375000,2.687500,1.250000,0.059570,0.077637,-1.018799
IMU,3219699908,7.812500,3.625000,1.250000,0.060059,0.078125,-1.020996
IMU,3219704910,7.187500,3.437500,0.750000,0.060303,0.078857,-1.020020
IMU,3219708909,7.875000,3.250000,0.625000,0.059570,0.077881,-1.019775
IMU,3219713910,7.812500,3.187500,0.875000,0.060303,0.079346,-1.018799
IMU,3219718908,7.875000,3.125000,0.687500,0.059326,0.080322,-1.018555
IMU,3219722911,8.125000,3.250000,0.750000,0.059326,0.079102,-1.018311
IMU,3219727908,7.250000,2.875000,0.125000,0.059570,0.079346,-1.019775
IMU,3219731910,7.937500,3.250000,0.625000,0.059814,0.080566,-1.018555
IMU,3219736909,8.312500,2.937500,0.500000,0.059814,0.080566,-1.018555
IMU,3219740910,8.312500,2.750000,-0.125000,0.060547,0.079834,-1.019043
IMU,3219745908,8.625000,2.687500,0.687500,0.061523,0.078125,-1.020508
IMU,3219750911,7.812500,2.875000,0.500000,0.061035,0.078613,-1.020752
IMU,3219754908,7.500000,2.500000,-0.062500,0.060547,0.079346,-1.019287
IMU,3219759910,8.187500,2.750000,-0.812500,0.060059,0.077637,-1.019531
IMU,3219763909,8.625000,3.187500,0.562500,0.060547,0.079102,-1.019531
IMU,3219768910,7.187500,2.937500,0.875000,0.060547,0.078125,-1.016846
IMU,3219772908,7.562500,2.437500,0.437500,0.060791,0.078125,-1.017334
IMU,3219777911,7.875000,2.187500,1.062500,0.060547,0.078857,-1.019287
IMU,3219781908,8.437500,2.937500,0.500000,0.060059,0.078125,-1.019287
IMU,3219786910,8.500000,4.000000,0.250000,0.059814,0.077637,-1.019287
IMU,3219791909,8.125000,3.437500,0.687500,0.061035,0.077393,-1.018555
IMU,3219795910,7.687500,3.000000,0.375000,0.061279,0.076660,-1.018066
IMU,3219800908,8.812500,2.500000,0.250000,0.060547,0.077148,-1.018066
IMU,3219804911,8.875000,2.437500,0.437500,0.061035,0.075928,-1.018555
IMU,3219809908,7.812500,3.312500,-0.062500,0.061279,0.075684,-1.019043
IMU,3219813910,8.062500,3.437500,0.187500,0.061035,0.075684,-1.019287
IMU,3219818909,8.125000,2.625000,1.125000,0.060791,0.075439,-1.020020
IMU,3219823910,8.125000,2.625000,0.250000,0.060059,0.075928,-1.021240
IMU,3219827908,8.687500,2.937500,-0.062500,0.059326,0.075195,-1.020752
IMU,3219832911,8.125000,3.375000,0.125000,0.059082,0.075195,-1.020020
IMU,3219836908,8.062500,3.625000,-0.125000,0.058594,0.074951,-1.019531
IMU,3219841910,7.375000,2.562500,-0.437500,0.058105,0.074463,-1.019531
IMU,3219845909,7.187500,2.437500,0.000000,0.059326,0.075439,-1.020752
IMU,3219850910,8.062500,2.937500,0.312500,0.060059,0.075439,-1.020508
IMU,3219855908,7.937500,3.500000,0.187500,0.058838,0.073486,-1.021729
IMU,3219859911,8.312500,2.875000,-0.125000,0.059326,0.075195,-1.020264
IMU,3219864908,8.250000,2.375000,0.875000,0.059814,0.075928,-1.020752
IMU,3219868910,7.500000,2.500000,1.187500,0.060303,0.074463,-1.019775
IMU,3219873909,8.062500,2.437500,-0.250000,0.059814,0.073242,-1.018311
IMU,3219877910,8.437500,3.125000,0.000000,0.060059,0.073975,-1.017822
IMU,3219882908,7.250000,3.250000,0.562500,0.062012,0.075439,-1.018555
IMU,3219886911,7.500000,2.625000,0.812500,0.062012,0.075195,-1.019287
IMU,3219891908,8.000000,2.750000,0.437500,0.062744,0.073975,-1.019043
IMU,3219896910,8.000000,3.250000,0.250000,0.069336,0.058838,-1.019287
IMU,3219900909,8.250000,2.687500,-1.437500,0.070312,0.059570,-1.018066
IMU,3219905910,8.562500,2.937500,-1.250000,0.055664,0.087891,-1.018066
IMU,3219909908,8.437500,2.875000,-0.500000,0.058105,0.081787,-1.016602
IMU,3219914911,8.375000,3.000000,0.250000,0.060547,0.078613,-1.017578
IMU,3219918908,8.312500,3.062500,0.062500,0.060791,0.079590,-1.019287
IMU,3219923910,7.875000,2.812500,0.000000,0.059814,0.080078,-1.020020
IMU,3219928909,8.125000,3.187500,0.562500,0.061279,0.079590,-1.019531
IMU,3219932910,8.062500,3.937500,0.625000,0.062012,0.079102,-1.018555
IMU,3219937908,7.625000,2.750000,0.125000,0.061768,0.077148,-1.019775
IMU,3219941911,7.625000,3.437500,-0.375000,0.058838,0.080811,-1.019287
IMU,3219946908,8.375000,3.812500,-1.062500,0.058350,0.080322,-1.019531
IMU,3219950910,8.562500,3.375000,-0.500000,0.057617,0.081055,-1.019287
IMU,3219955909,9.187500,2.750000,0.187500,0.055664,0.081299,-1.019043
IMU,3219959910,8.187500,2.625000,0.625000,0.056885,0.079590,-1.019775
IMU,3219964908,7.875000,3.437500,0.437500,0.059326,0.079834,-1.018799
IMU,3219969911,8.437500,3.125000,0.437500,0.060791,0.078857,-1.019043
IMU,3219973908,8.250000,2.937500,0.062500,0.060547,0.078125,-1.018555
IMU,3219978910,7.750000,2.687500,-0.250000,0.060791,0.079102,-1.018555
IMU,3219982909,8.187500,3.437500,0.187500,0.060791,0.079102,-1.018799
IMU,3219987910,8.312500,3.625000,1.000000,0.059814,0.077637,-1.018799
IMU,3219991908,8.312500,3.437500,-0.187500,0.060791,0.077148,-1.020020
IMU,3219996911,7.437500,2.687500,0.312500,0.060059,0.076416,-1.020508
IMU,3220001908,7.625000,2.937500,0.687500,0.060791,0.076416,-1.019531
IMU,3220005910,7.375000,2.687500,0.062500,0.062012,0.076172,-1.020264
IMU,3220010909,8.312500,2.750000,0.562500,0.061768,0.076660,-1.018066
IMU,3220014910,8.250000,3.125000,-0.187500,0.060547,0.076904,-1.019043
IMU,3220019908,8.312500,4.062500,-0.437500,0.061768,0.076416,-1.019531
IMU,3220023911,8.500000,3.875000,0.250000,0.061035,0.075439,-1.018311
IMU,3220028908,8.562500,3.062500,0.312500,0.060303,0.075684,-1.019531
IMU,3220033910,8.750000,2.500000,0.437500,0.060059,0.074463,-1.019287
IMU,3220037909,8.562500,2.375000,-0.250000,0.059814,0.073486,-1.021484
IMU,3220042910,7.937500,2.562500,0.500000,0.060059,0.074219,-1.023193
IMU,3220046908,8.250000,3.250000,0.312500,0.060059,0.074707,-1.021484
IMU,3220051911,8.750000,3.000000,0.125000,0.059082,0.073730,-1.019775
IMU,3220055908,7.937500,3.375000,-0.437500,0.058594,0.075439,-1.020508
IMU,3220060910,8.187500,3.375000,-0.687500,0.057617,0.076416,-1.020752
IMU,3220064909,9.750000,2.812500,0.437500,0.056641,0.075928,-1.020752
IMU,3220069910,9.125000,2.375000,0.125000,0.057129,0.074707,-1.019775
IMU,3220074908,8.000000,2.250000,0.250000,0.058838,0.074707,-1.018555
IMU,3220078911,7.562500,2.250000,0.437500,0.059570,0.074463,-1.018555
IMU,3220083908,8.000000,3.375000,0.000000,0.060303,0.074707,-1.018555
IMU,3220087910,8.000000,2.937500,0.375000,0.062256,0.074707,-1.018066
IMU,3220092909,7.937500,3.687500,0.500000,0.062988,0.074463,-1.018066
IMU,3220096910,8.687500,3.750000,0.000000,0.064453,0.074707,-1.019531
IMU,3220101908,8.375000,3.125000,0.500000,0.064697,0.075195,-1.018555
IMU,3220106911,8.125000,3.750000,0.625000,0.064697,0.075684,-1.019775
IMU,3220110908,7.375000,3.375000,-0.187500,0.065186,0.076904,-1.021729
IMU,3220115910,7.125000,2.625000,-0.937500,0.064453,0.077393,-1.023682
IMU,3220119909,8.875000,2.000000,0.625000,0.062744,0.077393,-1.022217
IMU,3220124910,8.812500,2.562500,0.000000,0.060547,0.078369,-1.017334
IMU,3220128908,8.625000,3.062500,0.437500,0.059082,0.079102,-1.018311
IMU,3220133911,7.875000,3.000000,0.562500,0.059082,0.079346,-1.020264
IMU,3220137908,7.812500,2.687500,0.312500,0.057129,0.080811,-1.019531
IMU,3220142910,8.750000,2.750000,1.187500,0.057861,0.080322,-1.019043
IMU,3220147909,8.000000,3.562500,1.000000,0.057373,0.081543,-1.019531
IMU,3220151910,7.687500,2.375000,1.125000,0.058594,0.080811,-1.016846
IMU,3220156908,8.187500,3.312500,0.312500,0.058594,0.080078,-1.008545
IMU,3220160911,8.562500,3.437500,0.312500,0.059570,0.080078,-1.010986
IMU,3220165908,7.875000,3.000000,-0.062500,0.061035,0.079590,-1.017578
IMU,3220169910,8.625000,3.000000,0.562500,0.060303,0.080322,-1.018799
IMU,3220174909,8.500000,3.187500,1.125000,0.059570,0.078857,-1.022705
IMU,3220179910,8.125000,3.250000,1.125000,0.057617,0.076416,-1.024170
IMU,3220183908,7.750000,2.937500,0.562500,0.055420,0.075195,-1.022705
IMU,3220188911,8.125000,2.687500,1.125000,0.059814,0.078613,-1.018311
IMU,3220192908,7.375000,3.625000,1.187500,0.062256,0.083008,-1.012939
IMU,3220197910,7.062500,4.187500,0.750000,0.061279,0.082031,-1.013428
IMU,3220201909,8.000000,3.625000,1.562500,0.061035,0.081055,-1.015137
IMU,3220206910,8.250000,4.187500,0.500000,0.060547,0.080811,-1.015869
IMU,3220210908,8.562500,3.625000,0.312500,0.062012,0.079590,-1.020996
IMU,3220215911,7.812500,2.500000,0.562500,0.063232,0.079102,-1.023438
IMU,3220220908,8.937500,3.062500,0.750000,0.062500,0.078369,-1.024414
IMU,3220224910,8.687500,3.500000,1.312500,0.062256,0.077393,-1.024170
IMU,3220229909,8.062500,3.250000,0.000000,0.062500,0.076172,-1.024658
IMU,3220233910,7.875000,3.312500,-0.187500,0.059814,0.072510,-1.020996
IMU,3220238908,7.687500,3.312500,1.250000,0.049561,0.071289,-1.018311
IMU,3220242911,7.687500,2.875000,2.500000,0.050049,0.071777,-1.017822
IMU,3220247908,8.625000,3.000000,1.812500,0.066650,0.074219,-1.019287
IMU,3220252910,8.437500,2.750000,0.437500,0.064941,0.073242,-1.021729
IMU,3220256909,8.437500,2.937500,0.437500,0.064453,0.072021,-1.020752
IMU,3220261910,8.562500,3.125000,-0.437500,0.052734,0.071289,-1.021973
IMU,3220265908,8.250000,3.125000,-1.562500,0.046387,0.072754,-1.023438
IMU,3220270911,8.062500,3.000000,-1.687500,0.055664,0.072998,-1.022949
IMU,3220274908,8.500000,3.000000,-1.625000,0.052734,0.072021,-1.020996
IMU,3220279910,8.312500,2.875000,-2.500000,0.062256,0.073730,-1.019287
IMU,3220284909,8.500000,2.875000,-2.000000,0.058350,0.072754,-1.018066
IMU,3220288910,8.250000,2.937500,-2.250000,0.059814,0.072510,-1.016357
IMU,3220293908,8.375000,3.250000,-1.937500,0.062256,0.073486,-1.019043
IMU,3220297911,7.937500,3.625000,-0.687500,0.064697,0.073975,-1.020996
IMU,3220302908,9.437500,2.437500,-0.812500,0.066895,0.072754,-1.020752
IMU,3220306910,8.375000,3.375000,-1.187500,0.065430,0.072021,-1.022217
IMU,3220311909,8.687500,3.000000,-0.562500,0.063965,0.072998,-1.021240
IMU,3220315910,7.812500,2.812500,-0.625000,0.062988,0.074463,-1.020752
IMU,3220320908,8.000000,2.875000,0.562500,0.063477,0.073975,-1.022705
IMU,3220325911,8.312500,3.125000,0.312500,0.062988,0.072998,-1.020508
IMU,3220329908,8.625000,3.312500,0.625000,0.062256,0.073242,-1.020508
IMU,3220334910,7.875000,3.250000,0.625000,0.062744,0.072754,-1.021729
IMU,3220338909,8.125000,3.750000,0.437500,0.062500,0.072266,-1.021729
IMU,3220343910,8.062500,3.875000,0.125000,0.062500,0.074219,-1.020264
IMU,3220347908,7.937500,2.937500,0.312500,0.061523,0.073975,-1.019531
IMU,3220352911,7.625000,2.750000,-0.437500,0.061523,0.074951,-1.018555
IMU,3220357908,7.437500,3.125000,-0.187500,0.061768,0.076172,-1.018066
IMU,3220361910,8.250000,3.125000,0.062500,0.060303,0.077393,-1.017090
IMU,3220366909,8.687500,2.875000,0.562500,0.059570,0.078369,-1.018799
IMU,3220370910,8.125000,3.437500,0.687500,0.060059,0.078857,-1.018555
IMU,3220375908,8.312500,3.437500,0.500000,0.061279,0.078369,-1.018311
IMU,3220379911,7.687500,2.750000,0.625000,0.061035,0.079590,-1.020752
IMU,3220384908,8.625000,3.375000,0.625000,0.060303,0.081543,-1.018555
IMU,3220388910,7.437500,3.062500,0.750000,0.059814,0.082031,-1.017578
IMU,3220393909,7.437500,2.750000,0.250000,0.061279,0.080811,-1.016602
IMU,3220398910,7.875000,3.312500,0.625000,0.060791,0.082031,-1.013916
IMU,3220402908,7.812500,3.062500,0.250000,0.059326,0.083496,-1.014893
IMU,3220407911,7.937500,3.062500,0.312500,0.059570,0.083984,-1.014893
IMU,3220411908,9.062500,3.000000,-0.187500,0.058838,0.084473,-1.017090
IMU,3220416910,8.250000,3.625000,-0.687500,0.058594,0.083252,-1.018799
IMU,3220420909,8.875000,3.687500,-0.125000,0.057373,0.081299,-1.019531
IMU,3220425910,8.437500,3.750000,0.937500,0.057617,0.080566,-1.020508
IMU,3220430908,7.875000,3.875000,0.437500,0.057617,0.080078,-1.020752
IMU,3220434911,7.125000,2.937500,-0.812500,0.057373,0.079346,-1.020020
IMU,3220439908,7.000000,3.062500,-0.062500,0.058838,0.079346,-1.019775
IMU,3220443910,8.000000,3.687500,-0.375000,0.060547,0.077393,-1.017334
IMU,3220448909,7.625000,3.312500,-0.437500,0.061035,0.076904,-1.016113
IMU,3220452910,7.687500,3.062500,0.687500,0.060791,0.077148,-1.018555
IMU,3220457908,7.687500,3.437500,0.437500,0.061279,0.076660,-1.019531
IMU,3220462911,7.437500,3.062500,-0.187500,0.061279,0.074951,-1.020996
IMU,3220466908,7.687500,3.125000,-0.312500,0.061279,0.073975,-1.021729
IMU,3220471910,8.375000,3.375000,0.562500,0.062500,0.072998,-1.020752
IMU,3220475909,8.500000,3.000000,0.375000,0.062500,0.072998,-1.019531
IMU,3220480910,8.187500,3.500000,0.687500,0.062988,0.073242,-1.018311
IMU,3220484908,8.250000,4.000000,0.062500,0.062988,0.073242,-1.017334
IMU,3220489911,8.125000,3.500000,0.312500,0.061768,0.072998,-1.016357
IMU,3220493908,8.000000,3.375000,0.375000,0.060547,0.073975,-1.016602
IMU,3220498910,8.250000,3.750000,0.187500,0.059814,0.073486,-1.019043
IMU,3220503909,8.500000,3.812500,0.000000,0.059814,0.074219,-1.020996
IMU,3220507910,8.250000,4.375000,0.062500,0.058105,0.074463,-1.022461
IMU,3220512908,9.000000,3.812500,0.312500,0.057861,0.073975,-1.024170
IMU,3220516911,8.125000,3.375000,1.250000,0.058105,0.073242,-1.024170
IMU,3220521908,7.875000,3.687500,0.812500,0.058594,0.072510,-1.022705
IMU,3220525910,8.187500,3.187500,-0.187500,0.057617,0.074219,-1.020264
IMU,3220530909,8.000000,3.312500,-0.062500,0.057129,0.074951,-1.017822
IMU,3220535910,8.000000,3.375000,-0.125000,0.057861,0.073486,-1.018799
IMU,3220539908,8.062500,2.375000,0.250000,0.060547,0.074951,-1.017578
IMU,3220544911,7.125000,2.875000,0.625000,0.060059,0.075684,-1.018066
IMU,3220548908,8.625000,2.875000,1.250000,0.061279,0.075439,-1.019775
IMU,3220553910,8.875000,2.875000,1.062500,0.061523,0.074951,-1.022217
IMU,3220557909,7.937500,2.687500,0.125000,0.060547,0.077148,-1.021240
IMU,3220562910,8.375000,3.000000,-0.250000,0.060547,0.077148,-1.020020
IMU,3220566908,8.750000,3.375000,-0.437500,0.059570,0.076660,-1.019531
IMU,3220571911,8.375000,3.375000,-2.062500,0.054443,0.078369,-1.017822
IMU,3220576908,7.937500,2.812500,-2.312500,0.063477,0.078613,-1.015869
IMU,3220580910,7.875000,3.187500,-1.500000,0.064453,0.078125,-1.014404
IMU,3220585909,8.250000,3.187500,-0.937500,0.062744,0.079834,-1.014893
IMU,3220589910,8.125000,3.312500,-1.000000,0.062256,0.079102,-1.016846
IMU,3220594908,8.000000,3.000000,-0.625000,0.062012,0.078613,-1.019043
IMU,3220598911,8.500000,3.375000,-0.312500,0.061279,0.078857,-1.020264
IMU,3220603908,7.937500,3.937500,0.437500,0.060547,0.078613,-1.020752
IMU,3220608910,7.812500,3.562500,0.250000,0.060547,0.078857,-1.019043
IMU,3220612909,8.500000,3.312500,1.437500,0.059326,0.078857,-1.018555
IMU,3220617910,8.062500,3.812500,0.687500,0.058594,0.079102,-1.019531
IMU,3220621908,8.562500,3.312500,-0.312500,0.060059,0.078857,-1.019531
IMU,3220626911,8.437500,2.625000,-0.687500,0.060547,0.077881,-1.017822
IMU,3220630908,8.375000,2.937500,-0.312500,0.060303,0.076660,-1.019287
IMU,3220635910,7.312500,3.187500,0.125000,0.060303,0.075928,-1.020020
IMU,3220639909,7.812500,2.937500,-0.312500,0.060303,0.076904,-1.021484
IMU,3220644910,8.562500,2.875000,0.812500,0.061035,0.076660,-1.021729
IMU,3220649908,8.312500,2.687500,1.125000,0.060059,0.079102,-1.019775
IMU,3220653911,7.937500,3.250000,0.375000,0.059082,0.080566,-1.015869
IMU,3220658908,8.312500,3.187500,0.562500,0.060547,0.080811,-1.013184
IMU,3220662910,7.750000,3.437500,0.000000,0.061523,0.078613,-1.016602
IMU,3220667909,8.687500,3.187500,-0.062500,0.062012,0.077393,-1.017822
IMU,3220671910,7.812500,3.000000,-0.062500,0.062256,0.076172,-1.020264
IMU,3220676908,6.812500,3.062500,-0.062500,0.061523,0.074219,-1.020752
IMU,3220681911,7.062500,3.312500,-0.437500,0.058838,0.074463,-1.024902
IMU,3220685908,7.375000,3.125000,-0.812500,0.053467,0.073242,-1.024902
IMU,3220690910,7.687500,2.812500,-1.375000,0.059082,0.072021,-1.019043
IMU,3220694909,8.500000,2.625000,-1.125000,0.064209,0.072266,-1.015869
IMU,3220699910,7.937500,3.437500,-1.000000,0.064453,0.072998,-1.016846
IMU,3220703908,7.500000,3.875000,-0.625000,0.063232,0.073730,-1.016846
IMU,3220708911,7.562500,3.812500,-0.812500,0.061279,0.072510,-1.018555
IMU,3220713908,7.187500,3.125000,-0.562500,0.060059,0.071045,-1.020264
IMU,3220717910,7.562500,3.062500,-0.812500,0.059570,0.071045,-1.021240
IMU,3220722909,7.250000,2.875000,0.312500,0.058350,0.073242,-1.021240
IMU,3220726910,7.250000,3.125000,0.937500,0.056641,0.072754,-1.021729
IMU,3220731908,7.812500,3.437500,0.937500,0.057373,0.073242,-1.022461
IMU,3220735911,7.875000,3.312500,-0.250000,0.059326,0.073486,-1.020752
IMU,3220740908,8.000000,3.500000,-0.312500,0.060547,0.073730,-1.020996
IMU,3220744910,8.500000,3.625000,-0.062500,0.060059,0.072754,-1.020020
IMU,3220749909,8.125000,3.500000,-0.812500,0.060791,0.073242,-1.017578
IMU,3220754910,8.062500,3.625000,-0.375000,0.062256,0.073730,-1.020264
IMU,3220758908,8.125000,3.125000,-0.062500,0.062500,0.072510,-1.022217
IMU,3220763911,8.312500,3.000000,0.437500,0.062256,0.072510,-1.021973
IMU,3220767908,8.375000,3.000000,0.437500,0.062500,0.073730,-1.021973
IMU,3220772910,7.937500,3.250000,0.500000,0.063232,0.075928,-1.020996
IMU,3220776909,7.625000,3.500000,0.125000,0.062988,0.076904,-1.018311
IMU,3220781910,7.937500,3.312500,-0.375000,0.061035,0.076904,-1.016357
IMU,3220786908,8.875000,3.812500,0.437500,0.060059,0.076904,-1.016846
IMU,3220790911,8.187500,3.375000,0.500000,0.058838,0.078369,-1.017334
IMU,3220795908,7.937500,3.312500,0.125000,0.059082,0.077637,-1.017334
IMU,3220799910,8.250000,3.250000,0.187500,0.059814,0.078857,-1.018555
IMU,3220804909,8.250000,3.187500,0.437500,0.058594,0.081055,-1.021973
IMU,3220808910,8.000000,3.312500,0.250000,0.058350,0.081299,-1.020996
IMU,3220813908,8.000000,3.375000,0.625000,0.058350,0.079102,-1.019775
IMU,3220817911,7.750000,3.250000,1.000000,0.060303,0.079346,-1.020508
IMU,3220822908,7.437500,3.187500,0.750000,0.060303,0.079590,-1.016846
IMU,3220827910,8.062500,3.375000,0.625000,0.060547,0.079834,-1.015625
IMU,3220831909,8.312500,3.500000,0.562500,0.060547,0.079346,-1.016602
IMU,3220836910,8.187500,3.437500,-0.437500,0.060547,0.078613,-1.015381
IMU,3220840908,8.062500,2.937500,0.375000,0.060791,0.079102,-1.016846
IMU,3220845911,7.437500,3.125000,0.000000,0.061279,0.080566,-1.018799
IMU,3220849908,8.000000,3.625000,0.062500,0.062744,0.080811,-1.019775
IMU,3220854910,7.750000,3.437500,0.812500,0.063721,0.079346,-1.020752
IMU,3220859909,8.062500,2.562500,1.062500,0.062500,0.077881,-1.019287
IMU,3220863910,8.250000,2.625000,0.625000,0.062012,0.078125,-1.017822
IMU,3220868908,8.375000,3.437500,0.250000,0.061768,0.078369,-1.019043
IMU,3220872911,7.937500,3.062500,0.687500,0.061768,0.078369,-1.018311
IMU,3220877908,7.437500,3.000000,0.937500,0.060303,0.077393,-1.018311
IMU,3220881910,7.500000,3.187500,0.500000,0.061279,0.076416,-1.018066
IMU,3220886909,7.937500,2.687500,0.500000,0.060791,0.076416,-1.019775
IMU,3220891910,7.687500,3.125000,-0.062500,0.061279,0.074951,-1.020508
IMU,3220895908,8.437500,2.125000,-0.812500,0.059814,0.073975,-1.021240
IMU,3220900911,8.375000,2.750000,0.062500,0.060547,0.073975,-1.020264
IMU,3220904908,7.437500,3.812500,0.875000,0.060303,0.074707,-1.019531
IMU,3220909910,6.875000,3.062500,1.250000,0.059814,0.072266,-1.019287
IMU,3220913909,8.187500,3.250000,0.250000,0.060059,0.072510,-1.019043
IMU,3220918910,8.562500,3.500000,-0.812500,0.058838,0.072754,-1.019043
IMU,3220922908,8.062500,3.187500,0.500000,0.059570,0.072510,-1.020996
IMU,3220927911,7.750000,3.375000,0.500000,0.058838,0.072754,-1.022217
IMU,3220932908,7.500000,3.375000,0.812500,0.058105,0.074219,-1.022949
IMU,3220936910,7.937500,3.250000,-0.375000,0.058838,0.074707,-1.022705
IMU,3220941909,9.000000,3.562500,0.250000,0.058594,0.073486,-1.020508
IMU,3220945910,8.250000,2.937500,1.250000,0.060059,0.072998,-1.018799
IMU,3220950908,7.562500,3.250000,0.500000,0.058838,0.073975,-1.019531
IMU,3220954911,8.125000,3.000000,-0.812500,0.057373,0.073242,-1.019287
IMU,3220959908,8.812500,2.812500,-2.500000,0.052734,0.072266,-1.020020
IMU,3220964910,8.500000,3.687500,-2.812500,0.057617,0.072754,-1.020508
IMU,3220968909,7.500000,3.312500,-2.250000,0.064941,0.075195,-1.021240
IMU,3220973910,6.875000,3.500000,-1.875000,0.065674,0.076416,-1.022217
IMU,3220977908,7.125000,3.062500,-1.125000,0.064697,0.076172,-1.020752
IMU,3220982911,8.125000,3.250000,-0.562500,0.063721,0.074707,-1.017822
IMU,3220986908,8.375000,3.812500,0.000000,0.063721,0.075684,-1.016113
IMU,3220991910,8.125000,3.375000,-0.125000,0.063721,0.075684,-1.016602
IMU,3220995909,8.437500,2.937500,-0.062500,0.063721,0.076904,-1.017578
IMU,3221000910,8.687500,3.875000,0.250000,0.061279,0.077881,-1.019531
IMU,3221005908,7.875000,3.125000,0.437500,0.060303,0.077637,-1.020508
IMU,3221009911,8.000000,3.312500,0.687500,0.060059,0.079102,-1.020508
IMU,3221014908,7.687500,2.750000,0.437500,0.059814,0.079834,-1.020264
IMU,3221018910,7.187500,3.375000,0.000000,0.060059,0.080322,-1.018555
IMU,3221023909,8.062500,3.687500,0.875000,0.060791,0.079346,-1.018066
IMU,3221027910,8.125000,3.125000,1.062500,0.060059,0.080078,-1.018555
IMU,3221032908,7.500000,2.937500,1.062500,0.059326,0.079346,-1.017334
IMU,3221037911,7.562500,3.312500,0.687500,0.060547,0.080078,-1.016602
IMU,3221041908,8.125000,3.437500,0.125000,0.059326,0.080566,-1.017334
IMU,3221046910,8.812500,3.500000,-0.687500,0.059814,0.080078,-1.018311
IMU,3221050909,7.625000,3.375000,-0.250000,0.059570,0.079590,-1.017090
IMU,3221055910,6.687500,3.875000,-0.500000,0.060547,0.079102,-1.019775
IMU,3221059908,7.125000,3.375000,1.062500,0.062012,0.078857,-1.020752
IMU,3221064911,7.750000,2.625000,1.125000,0.062012,0.079346,-1.019287
IMU,3221068908,7.812500,3.187500,0.062500,0.061523,0.080078,-1.019775
IMU,3221073910,8.000000,3.375000,0.437500,0.061523,0.079590,-1.018799
IMU,3221078909,7.500000,3.312500,0.312500,0.061523,0.080322,-1.017334
IMU,3221082910,7.500000,3.375000,0.437500,0.060059,0.080566,-1.017578
IMU,3221087908,8.625000,2.937500,0.750000,0.059814,0.079346,-1.019531
IMU,3221091911,8.562500,3.812500,1.500000,0.060303,0.078369,-1.021240
IMU,3221096908,8.312500,3.250000,0.312500,0.060791,0.077393,-1.020508
IMU,3221100910,8.250000,2.875000,-0.125000,0.059814,0.076904,-1.021973
IMU,3221105909,8.187500,3.062500,0.875000,0.060547,0.075684,-1.021240
IMU,3221110910,7.562500,2.687500,0.437500,0.060547,0.075684,-1.019775
IMU,3221114908,7.937500,2.375000,-0.187500,0.059814,0.074951,-1.018799
IMU,3221119911,7.937500,3.187500,0.500000,0.058838,0.074463,-1.017578
IMU,3221123908,8.562500,3.812500,1.250000,0.060303,0.073486,-1.018311
IMU,3221128910,7.812500,3.875000,0.187500,0.059570,0.072266,-1.020996
IMU,3221132909,7.687500,3.937500,-0.187500,0.058594,0.072510,-1.020752
IMU,3221137910,8.312500,3.437500,0.437500,0.059570,0.071289,-1.021973
IMU,3221142908,7.812500,3.250000,0.500000,0.059082,0.072266,-1.020752
IMU,3221146911,8.125000,2.500000,0.062500,0.060303,0.071533,-1.020752
IMU,3221151908,7.812500,2.437500,-0.250000,0.060791,0.071777,-1.019043
IMU,3221155910,8.062500,2.687500,-0.437500,0.059082,0.071289,-1.020264
IMU,3221160909,8.375000,3.125000,-0.312500,0.060059,0.072266,-1.020508
IMU,3221164910,7.812500,3.500000,0.250000,0.059326,0.073486,-1.022461
IMU,3221169908,8.750000,3.437500,0.562500,0.058838,0.072021,-1.022217
IMU,3221173911,9.437500,2.625000,0.500000,0.060547,0.073486,-1.021240
IMU,3221178908,8.687500,2.437500,0.750000,0.060547,0.074219,-1.021240
IMU,3221183910,8.000000,3.437500,1.062500,0.061035,0.072754,-1.020508
IMU,3221187909,8.250000,3.625000,0.687500,0.060791,0.073242,-1.020996
IMU,3221192910,8.812500,3.125000,0.250000,0.060791,0.073486,-1.019775
IMU,3221196908,8.500000,3.000000,0.250000,0.060303,0.073486,-1.018799
IMU,3221201911,8.687500,2.750000,0.000000,0.060547,0.074951,-1.017822
IMU,3221205908,7.812500,3.375000,0.437500,0.058838,0.075195,-1.017822
IMU,3221210910,8.250000,3.687500,-0.062500,0.060303,0.075684,-1.019043
IMU,3221215909,8.562500,3.687500,-0.437500,0.061279,0.077148,-1.018799
IMU,3221219910,8.000000,3.187500,0.375000,0.060547,0.077393,-1.019531
IMU,3221224908,8.500000,3.437500,0.375000,0.059082,0.077881,-1.020508
IMU,3221228911,8.437500,3.250000,-0.062500,0.060303,0.078369,-1.020264
IMU,3221233908,8.937500,3.000000,0.125000,0.059326,0.078857,-1.017090
IMU,3221237910,8.937500,3.187500,-0.562500,0.059570,0.080566,-1.016846
IMU,3221242909,8.187500,2.625000,0.062500,0.058838,0.080566,-1.017578
IMU,3221246910,8.562500,2.687500,0.312500,0.058594,0.079346,-1.018311
IMU,3221251908,7.375000,3.500000,0.000000,0.059326,0.079834,-1.018311
IMU,3221256911,8.000000,3.375000,0.687500,0.061035,0.080566,-1.018799
IMU,3221260908,8.875000,3.062500,0.375000,0.061523,0.080322,-1.020020
IMU,3221265910,9.000000,2.937500,-0.312500,0.072021,0.071777,-1.018066
IMU,3221269909,8.375000,4.125000,-3.437500,0.092529,0.049316,-1.016602
IMU,3221274910,7.562500,3.625000,-3.187500,0.029785,0.106934,-1.018066
IMU,3221278908,7.687500,2.937500,-0.187500,0.052734,0.090088,-1.017578
IMU,3221283911,7.937500,2.875000,0.375000,0.059082,0.081055,-1.018066
IMU,3221288908,8.000000,2.750000,0.312500,0.060791,0.079102,-1.017334
IMU,3221292910,7.500000,2.437500,1.062500,0.061523,0.078369,-1.016846
IMU,3221297909,6.750000,3.250000,0.937500,0.061279,0.079102,-1.017334
IMU,3221301910,7.312500,3.562500,0.562500,0.060059,0.077881,-1.018311
IMU,3221306908,7.937500,3.187500,-0.250000,0.059570,0.076660,-1.018799
IMU,3221310911,7.812500,3.375000,0.125000,0.058838,0.077637,-1.016602
IMU,3221315908,8.500000,3.187500,-0.250000,0.058838,0.078125,-1.018066
IMU,3221320910,8.062500,2.750000,0.312500,0.059326,0.077637,-1.018799
IMU,3221324909,7.812500,3.062500,0.812500,0.059326,0.076172,-1.020264
IMU,3221329910,7.875000,3.312500,0.500000,0.060547,0.075684,-1.018311
IMU,3221333908,7.250000,3.125000,-0.125000,0.060547,0.075439,-1.017578
IMU,3221338911,7.687500,2.812500,-0.375000,0.060791,0.074219,-1.017334
IMU,3221342908,8.250000,2.875000,0.062500,0.060547,0.073975,-1.017822
IMU,3221347910,7.875000,2.937500,-0.187500,0.060303,0.074219,-1.019287
IMU,3221351909,7.250000,3.375000,-0.125000,0.059082,0.074707,-1.021240
IMU,3221356910,7.000000,3.062500,0.250000,0.059814,0.075195,-1.020996
IMU,3221361908,8.375000,3.187500,0.375000,0.059326,0.075195,-1.021973
IMU,3221365911,8.562500,3.562500,0.500000,0.058594,0.075928,-1.021973
IMU,3221370908,7.625000,3.687500,0.250000,0.058350,0.075684,-1.020264
IMU,3221374910,7.375000,3.187500,0.125000,0.060303,0.074951,-1.020020
IMU,3221379909,7.875000,3.687500,-0.125000,0.061279,0.073730,-1.020264
IMU,3221383910,7.937500,3.687500,0.687500,0.059326,0.073242,-1.019531
IMU,3221388908,7.687500,3.250000,0.687500,0.059814,0.073730,-1.018799
IMU,3221393911,7.687500,3.750000,0.187500,0.060059,0.074951,-1.018799
IMU,3221397908,7.312500,3.000000,-0.312500,0.061035,0.075928,-1.018311
IMU,3221402910,7.500000,3.062500,0.375000,0.060059,0.077393,-1.018066
IMU,3221406909,8.062500,4.187500,1.187500,0.058594,0.076172,-1.019287
IMU,3221411910,8.375000,3.937500,1.125000,0.060303,0.075195,-1.020996
IMU,3221415908,8.500000,3.250000,1.437500,0.061279,0.075928,-1.020264
IMU,3221420911,8.250000,2.937500,0.812500,0.060791,0.075684,-1.019043
IMU,3221424908,8.812500,3.500000,0.625000,0.060547,0.075928,-1.020264
IMU,3221429910,8.875000,2.562500,0.000000,0.061523,0.075195,-1.020752
IMU,3221434909,7.875000,2.687500,0.375000,0.062500,0.076416,-1.020264
IMU,3221438910,7.625000,2.250000,0.687500,0.062500,0.077148,-1.020264
IMU,3221443908,8.625000,2.812500,0.250000,0.062744,0.077148,-1.019043
IMU,3221447911,8.437500,3.062500,0.750000,0.062744,0.077148,-1.019043
IMU,3221452908,8.000000,3.062500,0.625000,0.062500,0.078369,-1.019775
IMU,3221456910,7.937500,3.312500,-0.312500,0.061768,0.077148,-1.020264
IMU,3221461909,8.625000,3.750000,0.062500,0.061035,0.077881,-1.018311
IMU,3221466910,8.000000,3.562500,1.187500,0.061523,0.078613,-1.017578
IMU,3221470908,7.437500,2.500000,1.000000,0.061035,0.079834,-1.018066
IMU,3221475911,7.937500,2.375000,0.250000,0.060791,0.079346,-1.018555
IMU,3221479908,7.062500,3.625000,0.312500,0.059814,0.079590,-1.019775
IMU,3221484910,7.875000,3.250000,0.312500,0.059814,0.078857,-1.019775
IMU,3221488909,8.062500,2.750000,0.375000,0.059814,0.078369,-1.019043
IMU,3221493910,8.250000,2.875000,0.312500,0.059814,0.076904,-1.017822
IMU,3221498908,8.187500,3.062500,0.375000,0.061035,0.074951,-1.018555
IMU,3221502911,7.750000,4.000000,1.000000,0.060059,0.075928,-1.018311
IMU,3221507908,8.250000,3.187500,0.312500,0.061768,0.075928,-1.018066
IMU,3221511910,7.750000,3.437500,0.187500,0.060303,0.074951,-1.017578
IMU,3221516909,7.375000,3.687500,-0.125000,0.059814,0.075928,-1.018311
IMU,3221520910,7.187500,3.562500,0.062500,0.062256,0.075928,-1.019775
IMU,3221525908,7.250000,3.062500,1.312500,0.060791,0.075684,-1.022461
IMU,3221529911,7.875000,2.500000,0.875000,0.062012,0.076172,-1.021973
IMU,3221534908,8.187500,3.250000,0.812500,0.061523,0.076172,-1.022461
IMU,3221539910,8.375000,3.375000,0.062500,0.061523,0.077393,-1.019775
IMU,3221543909,7.875000,2.375000,-0.375000,0.061035,0.076172,-1.017578
IMU,3221548910,7.687500,2.625000,-0.562500,0.061768,0.075684,-1.017090
IMU,3221552908,7.750000,3.125000,0.312500,0.061279,0.075928,-1.017822
IMU,3221557911,7.875000,3.250000,0.375000,0.061279,0.075684,-1.018311
IMU,3221561908,7.875000,3.312500,0.250000,0.059814,0.074951,-1.019775
IMU,3221566910,7.687500,2.875000,0.187500,0.059814,0.074463,-1.020996
IMU,3221571909,8.062500,3.187500,0.125000,0.061523,0.074463,-1.021973
IMU,3221575910,8.187500,2.687500,0.625000,0.062012,0.073975,-1.021240
IMU,3221580908,8.187500,2.812500,0.250000,0.060059,0.074463,-1.020752
IMU,3221584911,8.500000,3.437500,-0.312500,0.059814,0.075195,-1.020264
IMU,3221589908,8.187500,3.562500,0.812500,0.059814,0.075928,-1.018311
IMU,3221593910,7.687500,3.625000,0.000000,0.059814,0.075195,-1.017090
IMU,3221598909,8.062500,3.062500,0.000000,0.057861,0.075928,-1.019287
IMU,3221602910,8.437500,2.750000,0.125000,0.057617,0.076172,-1.019043
IMU,3221607908,7.875000,2.500000,0.687500,0.058350,0.075928,-1.019287
IMU,3221612911,8.187500,2.625000,0.750000,0.057129,0.075684,-1.019775
IMU,3221616908,8.000000,2.687500,0.625000,0.058838,0.077637,-1.020752
IMU,3221621910,8.312500,2.937500,0.125000,0.059082,0.078369,-1.020020
IMU,3221625909,8.437500,2.937500,0.625000,0.060791,0.078125,-1.017090
IMU,3221630910,7.687500,3.375000,0.000000,0.060791,0.077881,-1.015869
IMU,3221634908,7.500000,3.562500,0.062500,0.060303,0.077881,-1.017334
IMU,3221639911,8.937500,2.812500,-0.125000,0.061523,0.078613,-1.018066
IMU,3221644908,9.437500,3.000000,0.187500,0.061768,0.078613,-1.017334
IMU,3221648910,8.125000,3.000000,-0.250000,0.062012,0.078125,-1.018555
IMU,3221653909,8.187500,2.812500,0.937500,0.062012,0.077881,-1.018799
IMU,3221657910,8.687500,3.312500,0.875000,0.062256,0.077881,-1.017090
IMU,3221662908,7.750000,3.812500,0.750000,0.061523,0.079102,-1.017578
IMU,3221666911,8.375000,3.562500,-0.437500,0.061523,0.077393,-1.018799
IMU,3221671908,8.125000,3.562500,0.312500,0.061768,0.075684,-1.019775
IMU,3221675910,8.187500,3.437500,1.187500,0.060547,0.076416,-1.018799
IMU,3221680909,7.875000,4.062500,1.187500,0.060303,0.077881,-1.019287
CFG,gyro_range_dps=2048,accel_range_g=8,odr_hz=250
IMU,3221685910,8.062500,3.812500,1.687500,0.059570,0.077148,-1.019287
IMU,3221689908,8.187500,2.875000,0.375000,0.060547,0.077148,-1.020020
IMU,3221694911,8.250000,2.812500,0.062500,0.060303,0.076904,-1.020508
IMU,3221698908,8.187500,3.000000,-0.312500,0.060547,0.076416,-1.019775
IMU,3221703910,7.437500,3.125000,-0.250000,0.059814,0.076416,-1.019531
IMU,3221707909,7.125000,3.250000,0.562500,0.059082,0.076660,-1.020752
IMU,3221712910,7.562500,3.687500,0.625000,0.059570,0.075684,-1.020020
IMU,3221717908,8.187500,3.000000,0.187500,0.058838,0.075684,-1.020264
IMU,3221721911,8.312500,1.812500,0.187500,0.059082,0.075439,-1.021729
IMU,3221726908,8.500000,2.562500,0.125000,0.059814,0.075439,-1.020996
IMU,3221730910,8.937500,3.250000,0.062500,0.060059,0.073486,-1.021729
IMU,3221735909,8.687500,2.500000,0.187500,0.060791,0.073975,-1.020996
IMU,3221739910,8.375000,3.000000,1.062500,0.061523,0.076172,-1.018799
IMU,3221744908,8.562500,3.125000,1.062500,0.060303,0.076172,-1.018799
IMU,3221749911,8.250000,3.062500,-0.062500,0.059082,0.074707,-1.019775
IMU,3221753908,7.812500,3.000000,0.187500,0.060059,0.075195,-1.017822
IMU,3221758910,7.875000,3.187500,0.187500,0.060791,0.075439,-1.018066
IMU,3221762909,8.562500,3.437500,0.500000,0.060059,0.075439,-1.018799
IMU,3221767910,7.562500,3.312500,1.000000,0.060303,0.076416,-1.018799
IMU,3221771908,6.812500,2.812500,1.562500,0.060547,0.075928,-1.020508
IMU,3221776911,7.750000,3.000000,0.750000,0.060791,0.076416,-1.020020
IMU,3221780908,8.312500,2.625000,0.062500,0.060791,0.076904,-1.018066
IMU,3221785910,8.562500,3.437500,0.375000,0.060059,0.076416,-1.018555
IMU,3221790909,7.750000,3.687500,0.875000,0.060547,0.075439,-1.018799
IMU,3221794910,7.812500,3.000000,1.250000,0.060303,0.075195,-1.018066
IMU,3221799908,8.687500,3.500000,0.250000,0.060547,0.076660,-1.016846
IMU,3221803911,8.625000,3.687500,-0.687500,0.060791,0.076904,-1.019531
IMU,3221808908,7.937500,2.687500,0.125000,0.062012,0.076416,-1.019775
IMU,3221812910,7.687500,3.250000,-0.125000,0.061279,0.076660,-1.020264
IMU,3221817909,8.125000,3.000000,-0.375000,0.059814,0.076660,-1.021240
IMU,3221822910,8.250000,2.562500,0.937500,0.058350,0.076172,-1.021484
IMU,3221826908,8.250000,2.625000,0.750000,0.059814,0.076416,-1.020996
IMU,3221831911,8.062500,3.000000,-0.187500,0.059814,0.077393,-1.017822
IMU,3221835908,7.687500,3.500000,0.312500,0.059570,0.077393,-1.016357
IMU,3221840910,7.812500,3.000000,0.625000,0.059814,0.076172,-1.016357
IMU,3221844909,8.187500,3.250000,-0.062500,0.059570,0.077148,-1.018066
IMU,3221849910,7.625000,3.500000,0.000000,0.060059,0.076416,-1.018799
IMU,3221853908,7.375000,3.562500,0.000000,0.060303,0.077637,-1.020752
IMU,3221858911,8.437500,3.375000,0.000000,0.060059,0.078369,-1.021240
IMU,3221863908,8.187500,3.250000,0.250000,0.061523,0.077393,-1.020996
IMU,3221867910,7.312500,3.187500,0.250000,0.061523,0.077393,-1.019775
IMU,3221872909,7.812500,3.562500,-0.250000,0.060791,0.077637,-1.018799
IMU,3221876910,7.375000,3.937500,0.187500,0.060547,0.076660,-1.018555
IMU,3221881908,7.937500,3.562500,0.437500,0.059814,0.078125,-1.018311
IMU,3221885911,8.250000,4.000000,0.625000,0.060059,0.076904,-1.017822
IMU,3221890908,8.500000,3.187500,-0.062500,0.059814,0.075684,-1.017090
IMU,3221895910,8.000000,3.500000,0.187500,0.059326,0.077393,-1.019531
IMU,3221899909,7.812500,3.750000,0.312500,0.059326,0.077393,-1.019531
IMU,3221904910,8.000000,2.750000,0.250000,0.060303,0.076660,-1.020264
IMU,3221908908,8.250000,3.000000,0.750000,0.060303,0.076172,-1.021484
IMU,3221913911,8.125000,2.937500,1.187500,0.059570,0.077637,-1.020264
IMU,3221917908,8.000000,2.812500,1.312500,0.059814,0.076172,-1.018311
IMU,3221922910,8.187500,2.937500,0.500000,0.059814,0.074707,-1.017334
IMU,3221927909,8.500000,3.125000,-0.312500,0.060547,0.076904,-1.016602
IMU,3221931910,8.312500,3.312500,-0.500000,0.061523,0.077148,-1.018066
IMU,3221936908,8.000000,3.625000,0.187500,0.062012,0.076416,-1.020264
IMU,3221940911,7.812500,3.062500,0.500000,0.061279,0.076172,-1.019775
IMU,3221945908,8.375000,3.437500,0.500000,0.059570,0.076904,-1.020264
IMU,3221949910,8.375000,3.000000,0.500000,0.060059,0.076416,-1.020996
IMU,3221954909,7.937500,2.562500,0.062500,0.059570,0.076904,-1.018799
IMU,3221958910,7.562500,2.937500,0.500000,0.060791,0.075195,-1.019287
IMU,3221963908,8.000000,3.000000,0.937500,0.060303,0.075684,-1.019043
IMU,3221968911,7.812500,3.562500,0.500000,0.061035,0.075928,-1.019287
IMU,3221972908,7.875000,3.625000,0.875000,0.060547,0.075684,-1.018799
IMU,3221977910,7.812500,3.312500,1.000000,0.059326,0.075439,-1.019531
IMU,3221981909,7.750000,2.875000,-0.062500,0.059326,0.076172,-1.020752
IMU,3221986910,7.187500,2.687500,-0.750000,0.059082,0.075684,-1.020264
IMU,3221990908,7.812500,3.062500,-0.500000,0.059326,0.076904,-1.020996
IMU,3221995911,8.187500,3.500000,-0.125000,0.060059,0.075928,-1.018066
IMU,3222000908,7.875000,3.312500,0.062500,0.059326,0.074951,-1.017090
IMU,3222004910,7.812500,3.250000,0.312500,0.058838,0.075928,-1.018311
IMU,3222009909,8.437500,3.750000,0.687500,0.060059,0.077637,-1.018799
IMU,3222013910,8.625000,3.312500,-0.125000,0.059326,0.076660,-1.017822
IMU,3222018908,7.562500,2.625000,-0.187500,0.059570,0.076660,-1.017090
IMU,3222022911,7.812500,3.062500,-0.437500,0.060059,0.076660,-1.018799
IMU,3222027908,7.562500,2.937500,-0.937500,0.060303,0.076416,-1.018799
IMU,3222031910,8.000000,3.250000,-0.937500,0.060303,0.075928,-1.020020
IMU,3222036909,8.125000,3.375000,-0.187500,0.060547,0.076172,-1.019531
IMU,3222041910,8.187500,3.750000,0.187500,0.061523,0.076416,-1.019043
IMU,3222045908,7.500000,3.187500,0.437500,0.062500,0.076172,-1.019531
IMU,3222050911,7.562500,2.937500,0.062500,0.062500,0.076416,-1.019531
IMU,3222054908,7.625000,3.500000,0.437500,0.061035,0.078125,-1.018799
IMU,3222059910,8.687500,3.375000,0.625000,0.061768,0.078125,-1.018555
IMU,3222063909,8.687500,2.625000,0.937500,0.061279,0.077881,-1.019043
IMU,3222068910,7.687500,2.875000,1.250000,0.060791,0.078369,-1.020020
IMU,3222073908,7.625000,3.312500,1.437500,0.059814,0.077637,-1.021729
IMU,3222077911,8.937500,3.312500,0.125000,0.060303,0.077393,-1.020020
IMU,3222082908,8.875000,3.000000,-0.187500,0.059326,0.076904,-1.020020
IMU,3222086910,7.562500,3.437500,-0.312500,0.059570,0.079102,-1.019531
IMU,3222091909,7.500000,3.125000,0.125000,0.059814,0.079346,-1.018555
IMU,3222095910,7.187500,3.187500,0.062500,0.059570,0.077637,-1.016602
IMU,3222100908,7.812500,3.187500,-0.187500,0.060547,0.078857,-1.017334
IMU,3222104911,8.500000,3.187500,1.000000,0.060303,0.078369,-1.019531
IMU,3222109908,8.312500,3.750000,1.250000,0.057861,0.078369,-1.018555
IMU,3222114910,7.750000,3.250000,0.375000,0.058594,0.078613,-1.018311
IMU,3222118909,7.562500,3.750000,-0.250000,0.058594,0.078857,-1.018311
IMU,3222123910,8.187500,3.750000,0.062500,0.059082,0.078613,-1.017578
IMU,3222127908,8.062500,2.937500,0.437500,0.059814,0.077148,-1.018555
IMU,3222132911,7.000000,3.250000,0.937500,0.061035,0.077637,-1.019043
IMU,3222136908,6.437500,3.562500,0.500000,0.060303,0.077637,-1.019287
IMU,3222141910,7.062500,2.937500,0.687500,0.060791,0.077148,-1.018555
IMU,3222146909,7.687500,3.062500,0.562500,0.061035,0.076904,-1.019043
IMU,3222150910,7.937500,2.812500,-0.062500,0.059570,0.075928,-1.019531
IMU,3222155908,7.687500,3.375000,-0.875000,0.060059,0.076172,-1.017090
IMU,3222159911,6.625000,3.312500,0.500000,0.060791,0.077637,-1.016113
IMU,3222164908,6.312500,2.562500,0.062500,0.059814,0.078125,-1.019775
IMU,3222168910,7.687500,2.500000,-0.625000,0.060547,0.076416,-1.019043
IMU,3222173909,8.062500,2.750000,1.125000,0.061035,0.076660,-1.023193
IMU,3222178910,8.625000,3.250000,0.812500,0.061279,0.076172,-1.023926
IMU,3222182908,7.937500,3.125000,-0.500000,0.060791,0.075439,-1.023438
IMU,3222187911,8.125000,2.875000,-0.500000,0.061523,0.075928,-1.020752
IMU,3222191908,8.312500,2.687500,0.000000,0.062012,0.075684,-1.018799
IMU,3222196910,9.125000,2.875000,-0.750000,0.060059,0.075195,-1.017822
IMU,3222200909,8.500000,3.375000,-0.062500,0.060547,0.073975,-1.016846
IMU,3222205910,7.812500,3.625000,0.250000,0.060791,0.074951,-1.018799
IMU,3222209908,7.812500,3.250000,0.562500,0.060547,0.075439,-1.019531
IMU,3222214911,8.500000,3.562500,0.937500,0.060303,0.076660,-1.021240
IMU,3222219908,8.062500,3.000000,0.312500,0.059570,0.076416,-1.020508
IMU,3222223910,8.187500,4.062500,-0.562500,0.060791,0.075928,-1.020020
IMU,3222228909,8.125000,4.000000,-0.687500,0.061035,0.076172,-1.020752
IMU,3222232910,8.375000,3.187500,-0.250000,0.061279,0.077148,-1.019531
IMU,3222237908,8.250000,3.062500,-0.062500,0.059570,0.076416,-1.018066
IMU,3222241911,8.250000,3.250000,0.375000,0.058838,0.076172,-1.018311
IMU,3222246908,7.812500,2.687500,0.625000,0.059570,0.076172,-1.018799
IMU,3222251910,7.937500,2.937500,1.187500,0.060303,0.075928,-1.019531
IMU,3222255909,8.375000,3.125000,0.625000,0.060059,0.075928,-1.019043
IMU,3222260910,7.937500,2.500000,0.062500,0.058838,0.076416,-1.019775
IMU,3222264908,7.937500,2.375000,0.500000,0.058350,0.075439,-1.019775
IMU,3222269911,8.000000,2.625000,0.250000,0.061035,0.075928,-1.020508
IMU,3222273908,8.187500,2.937500,0.750000,0.061035,0.075928,-1.019287
IMU,3222278910,7.562500,2.437500,0.500000,0.060059,0.075928,-1.018799
IMU,3222282909,7.500000,2.625000,0.687500,0.060303,0.075439,-1.019043
IMU,3222287910,7.625000,3.375000,-0.312500,0.061279,0.076172,-1.018066
IMU,3222292908,8.062500,3.437500,0.437500,0.060791,0.076904,-1.018311
IMU,3222296911,8.062500,3.062500,0.500000,0.060791,0.078125,-1.018311
IMU,3222301908,8.312500,3.625000,0.000000,0.060303,0.076904,-1.019775
IMU,3222305910,8.375000,3.312500,-0.125000,0.061035,0.077881,-1.021240
IMU,3222310909,8.500000,2.687500,-0.250000,0.062012,0.076904,-1.021240
IMU,3222314910,8.437500,3.437500,-0.500000,0.060547,0.076904,-1.020020
IMU,3222319908,8.250000,2.875000,0.375000,0.060547,0.078369,-1.018555
IMU,3222324911,8.312500,2.625000,1.250000,0.061279,0.077148,-1.017822
IMU,3222328908,8.000000,3.062500,0.625000,0.059326,0.076904,-1.018066
IMU,3222333910,8.250000,3.062500,0.000000,0.060791,0.077881,-1.018555
IMU,3222337909,7.937500,3.812500,-0.250000,0.061768,0.079590,-1.019531
IMU,3222342910,8.062500,3.375000,-0.062500,0.062500,0.079102,-1.020020
IMU,3222346908,8.000000,3.062500,1.062500,0.062012,0.077148,-1.021973
IMU,3222351911,7.500000,2.187500,1.000000,0.061768,0.077148,-1.020264
IMU,3222356908,7.625000,2.625000,1.000000,0.061279,0.076904,-1.017090
IMU,3222360910,8.375000,3.125000,-0.125000,0.061035,0.076172,-1.017334
IMU,3222365909,8.500000,3.000000,-0.687500,0.060059,0.075928,-1.017578
IMU,3222369910,8.000000,3.625000,-0.187500,0.058350,0.076416,-1.020264
IMU,3222374908,8.312500,3.937500,-0.125000,0.059814,0.077637,-1.021973
IMU,3222378911,8.312500,3.875000,-0.187500,0.059570,0.078125,-1.023193
IMU,3222383908,8.062500,3.312500,-0.312500,0.058594,0.077393,-1.022217
IMU,3222387910,7.562500,3.687500,-0.312500,0.058838,0.077393,-1.019531
IMU,3222392909,7.437500,3.625000,0.562500,0.059814,0.078125,-1.017334
IMU,3222397910,8.187500,4.062500,0.625000,0.060303,0.077393,-1.016846
IMU,3222401908,7.500000,3.750000,0.875000,0.060791,0.076904,-1.015625
IMU,3222406911,8.062500,2.937500,0.375000,0.061768,0.077393,-1.016602
IMU,3222410908,8.125000,2.750000,0.437500,0.061035,0.076416,-1.018066
IMU,3222415910,7.062500,3.250000,0.562500,0.061279,0.076660,-1.018555
IMU,3222419909,7.625000,3.875000,0.500000,0.061279,0.076416,-1.019287
IMU,3222424910,7.687500,3.250000,0.312500,0.061279,0.076416,-1.021973
IMU,3222429908,8.625000,3.125000,0.250000,0.060791,0.075195,-1.019775
IMU,3222433911,8.687500,3.312500,0.000000,0.061035,0.074707,-1.018555
IMU,3222438908,8.125000,3.500000,-0.250000,0.061279,0.074707,-1.018799
IMU,3222442910,7.875000,3.562500,0.750000,0.059570,0.074951,-1.019531
IMU,3222447909,7.000000,3.125000,0.250000,0.060547,0.076904,-1.019287
IMU,3222451910,7.437500,2.875000,0.312500,0.060547,0.077148,-1.019287
IMU,3222456908,8.000000,2.687500,0.125000,0.058594,0.077148,-1.019531
IMU,3222460911,8.062500,2.875000,-0.125000,0.059814,0.077393,-1.019531
IMU,3222465908,8.062500,3.125000,-0.812500,0.060303,0.075439,-1.020020
IMU,3222470910,8.000000,3.500000,-0.562500,0.059814,0.074951,-1.020996
IMU,3222474909,7.375000,3.937500,0.312500,0.058838,0.075684,-1.021484
IMU,3222479910,7.625000,3.625000,0.062500,0.059814,0.074463,-1.019287
IMU,3222483908,7.000000,2.562500,-0.750000,0.059326,0.074463,-1.018799
IMU,3222488911,7.625000,3.062500,0.187500,0.060059,0.075195,-1.019531
IMU,3222492908,7.937500,3.000000,0.625000,0.059570,0.075195,-1.020264
IMU,3222497910,7.937500,3.562500,1.125000,0.060059,0.075195,-1.020752
IMU,3222502909,8.250000,3.187500,1.062500,0.060791,0.074951,-1.021729
IMU,3222506910,8.250000,3.062500,0.125000,0.060059,0.074707,-1.020752
IMU,3222511908,7.937500,3.000000,0.562500,0.059814,0.073242,-1.020752
IMU,3222515911,8.125000,2.562500,0.437500,0.060059,0.073730,-1.019775
IMU,3222520908,8.562500,3.187500,0.687500,0.060791,0.075928,-1.020264
IMU,3222524910,8.625000,3.062500,0.437500,0.060059,0.076416,-1.019531
IMU,3222529909,8.187500,3.125000,0.000000,0.060059,0.075439,-1.018555
IMU,3222534910,7.500000,3.875000,0.625000,0.060303,0.074951,-1.018311
IMU,3222538908,7.875000,4.187500,1.125000,0.059082,0.075928,-1.018799
IMU,3222543911,8.125000,3.437500,0.500000,0.059082,0.077393,-1.020264
IMU,3222547908,7.812500,2.937500,-0.187500,0.060303,0.076904,-1.022217
IMU,3222552910,8.125000,3.250000,-0.312500,0.061523,0.076660,-1.020996
IMU,3222556909,8.562500,2.687500,0.500000,0.061768,0.077148,-1.020020
IMU,3222561910,8.500000,2.375000,0.500000,0.060059,0.076904,-1.018311
IMU,3222565908,8.250000,2.875000,-0.625000,0.059570,0.076904,-1.017822
IMU,3222570911,8.187500,2.562500,-0.187500,0.060303,0.077881,-1.019043
IMU,3222575908,8.312500,2.937500,0.125000,0.060547,0.077393,-1.020508
IMU,3222579910,8.625000,2.812500,1.125000,0.060791,0.078369,-1.019775
IMU,3222584909,8.125000,2.937500,-0.250000,0.061035,0.079590,-1.019043
IMU,3222588910,8.375000,3.187500,0.187500,0.061768,0.078613,-1.018799
IMU,3222593908,8.125000,3.187500,0.187500,0.060791,0.078369,-1.017090
IMU,3222597911,8.375000,2.937500,0.687500,0.060547,0.077881,-1.017578
IMU,3222602908,8.500000,2.687500,0.562500,0.061035,0.077881,-1.018799
IMU,3222607910,7.937500,2.875000,0.750000,0.060303,0.078613,-1.019043
IMU,3222611909,7.500000,3.062500,0.687500,0.060547,0.078125,-1.016846
IMU,3222616910,8.187500,2.812500,0.125000,0.060303,0.076416,-1.019287
IMU,3222620908,9.125000,2.750000,-0.125000,0.059326,0.075195,-1.020264
IMU,3222625911,9.062500,3.062500,0.937500,0.059326,0.078369,-1.019531
IMU,3222629908,8.625000,3.687500,0.562500,0.058838,0.078857,-1.019043
IMU,3222634910,8.437500,3.062500,1.437500,0.057861,0.077148,-1.019287
IMU,3222638909,8.750000,2.500000,1.812500,0.054688,0.075195,-1.020020
IMU,3222643910,7.750000,2.187500,1.312500,0.055664,0.075684,-1.019775
IMU,3222648908,7.562500,3.125000,0.250000,0.060303,0.075439,-1.017090
IMU,3222652911,8.125000,4.062500,0.875000,0.063232,0.078125,-1.018799
IMU,3222657908,8.500000,2.875000,0.500000,0.062988,0.079346,-1.020264
IMU,3222661910,8.437500,2.812500,0.187500,0.062012,0.077393,-1.019287
IMU,3222666909,7.250000,3.187500,0.375000,0.064209,0.077393,-1.019775
IMU,3222670910,7.062500,2.437500,-0.500000,0.062256,0.076904,-1.019775
IMU,3222675908,8.125000,3.000000,-0.312500,0.062012,0.075928,-1.021240
IMU,3222680911,8.187500,2.937500,0.187500,0.061035,0.076660,-1.020020
IMU,3222684908,8.062500,2.375000,0.375000,0.060059,0.077393,-1.019287
IMU,3222689910,8.375000,3.000000,1.125000,0.060547,0.076660,-1.017578
IMU,3222693909,8.562500,3.437500,0.000000,0.060547,0.074219,-1.016602
IMU,3222698910,8.375000,3.250000,-0.625000,0.061035,0.074707,-1.017822
IMU,3222702908,8.562500,3.437500,-0.187500,0.059814,0.075439,-1.018311
IMU,3222707911,8.437500,3.062500,0.062500,0.060547,0.075439,-1.020020
IMU,3222711908,8.625000,2.687500,0.250000,0.061035,0.076172,-1.020752
IMU,3222716910,8.437500,2.562500,1.187500,0.060547,0.075928,-1.020996
IMU,3222721909,6.937500,2.750000,0.687500,0.060059,0.074707,-1.019043
IMU,3222725910,6.937500,3.000000,0.750000,0.060303,0.074951,-1.020996
IMU,3222730908,7.312500,2.875000,0.000000,0.061035,0.075928,-1.017334
IMU,3222734911,8.250000,2.937500,-0.500000,0.061035,0.074463,-1.015137
IMU,3222739908,7.937500,2.750000,-0.625000,0.059814,0.075195,-1.014160
IMU,3222743910,8.375000,2.875000,0.500000,0.058594,0.076416,-1.017090
IMU,3222748909,7.750000,3.437500,0.375000,0.059326,0.076660,-1.021729
IMU,3222753910,6.812500,3.250000,0.875000,0.060791,0.077393,-1.022705
IMU,3222757908,7.187500,3.750000,1.312500,0.059814,0.077881,-1.023193
IMU,3222762911,8.000000,2.750000,0.062500,0.059082,0.078613,-1.020996
IMU,3222766908,8.937500,2.875000,-0.375000,0.059570,0.078125,-1.019531
IMU,3222771910,7.875000,3.187500,0.187500,0.060547,0.077637,-1.017822
IMU,3222775909,7.250000,3.500000,0.500000,0.060547,0.078125,-1.014648
IMU,3222780910,7.812500,3.750000,0.312500,0.060791,0.078369,-1.016113
IMU,3222785908,8.375000,2.750000,0.375000,0.060303,0.078613,-1.018311
IMU,3222789911,7.937500,2.687500,-0.375000,0.060303,0.077637,-1.021484
IMU,3222794908,7.562500,2.625000,-0.500000,0.061523,0.077637,-1.021240
IMU,3222798910,7.250000,2.562500,0.000000,0.060547,0.077393,-1.020996
IMU,3222803909,7.812500,2.750000,0.062500,0.060791,0.077393,-1.021484
IMU,3222807910,8.562500,3.500000,0.562500,0.059814,0.076904,-1.020264
IMU,3222812908,8.125000,3.562500,1.187500,0.061035,0.077148,-1.019043
IMU,3222816911,8.375000,3.625000,1.125000,0.061035,0.076904,-1.017822
IMU,3222821908,8.437500,3.625000,1.875000,0.061035,0.077148,-1.016602
IMU,3222826910,7.500000,3.250000,1.125000,0.061279,0.077393,-1.017090
IMU,3222830909,7.750000,3.500000,-0.500000,0.060303,0.078369,-1.019531
IMU,3222835910,8.250000,3.500000,-0.562500,0.059326,0.078369,-1.020264
IMU,3222839908,8.187500,3.500000,0.062500,0.059326,0.079346,-1.020020
IMU,3222844911,7.875000,3.000000,0.437500,0.059814,0.078125,-1.019043
IMU,3222848908,8.187500,3.687500,0.437500,0.059326,0.077393,-1.019531
IMU,3222853910,8.500000,3.187500,0.375000,0.059570,0.077393,-1.018799
IMU,3222858909,8.062500,3.750000,0.375000,0.059082,0.075684,-1.018066
IMU,3222862910,7.625000,3.062500,0.687500,0.059570,0.074707,-1.018799
IMU,3222867908,8.312500,3.000000,0.937500,0.060547,0.075684,-1.017334
IMU,3222871911,8.437500,2.937500,0.250000,0.060547,0.074707,-1.017822
IMU,3222876908,7.937500,3.187500,-0.375000,0.059570,0.075195,-1.019043
IMU,3222880910,8.000000,3.937500,-0.500000,0.061035,0.075439,-1.021729
IMU,3222885909,8.437500,3.687500,-0.312500,0.061523,0.074219,-1.022461
IMU,3222889910,8.125000,3.750000,-0.187500,0.060059,0.074951,-1.020752
IMU,3222894908,8.750000,3.875000,-0.375000,0.059814,0.075928,-1.020020
IMU,3222899911,9.312500,3.750000,-0.312500,0.060059,0.075195,-1.021240
IMU,3222903908,8.750000,3.500000,0.312500,0.059570,0.074951,-1.019043
IMU,3222908910,8.000000,3.187500,0.812500,0.058838,0.076660,-1.018066
IMU,3222912909,8.125000,2.937500,1.187500,0.060547,0.076172,-1.019287
IMU,3222917910,8.250000,3.312500,0.437500,0.060791,0.075928,-1.020752
IMU,3222921908,8.687500,2.750000,-0.312500,0.060547,0.074463,-1.021484
IMU,3222926911,8.375000,3.125000,0.000000,0.062012,0.073730,-1.020996
IMU,3222931908,9.062500,2.312500,0.750000,0.060547,0.075195,-1.022461
IMU,3222935910,9.187500,2.625000,0.187500,0.061523,0.075439,-1.021973
IMU,3222940909,7.937500,2.812500,-0.375000,0.061279,0.075928,-1.020508
IMU,3222944910,7.812500,3.000000,-0.437500,0.060791,0.075684,-1.020508
IMU,3222949908,7.687500,3.375000,0.000000,0.060547,0.075195,-1.019531
IMU,3222953911,8.000000,3.250000,0.062500,0.059082,0.076904,-1.019043
IMU,3222958908,7.875000,3.125000,-0.187500,0.059326,0.075195,-1.018066
IMU,3222963910,7.750000,2.625000,-0.750000,0.059814,0.076904,-1.018799
IMU,3222967909,7.812500,3.250000,-0.062500,0.060547,0.077881,-1.018555
IMU,3222972910,7.875000,3.000000,1.125000,0.059570,0.078613,-1.018066
IMU,3222976908,7.062500,2.750000,0.250000,0.059814,0.079102,-1.019531
IMU,3222981911,7.937500,3.125000,0.187500,0.059326,0.077881,-1.020264
IMU,3222985908,7.875000,2.812500,0.250000,0.059814,0.078125,-1.018066
IMU,3222990910,8.250000,3.437500,-0.062500,0.060303,0.078857,-1.018555
IMU,3222994909,7.750000,3.312500,0.062500,0.060303,0.078369,-1.018311
IMU,3222999910,8.562500,2.375000,1.250000,0.059570,0.077148,-1.018799
IMU,3223004908,8.375000,2.250000,1.375000,0.060059,0.077148,-1.017334
IMU,3223008911,8.500000,4.062500,0.937500,0.061279,0.077881,-1.017334
IMU,3223013908,8.812500,3.812500,-0.312500,0.061768,0.077148,-1.018311
IMU,3223017910,7.812500,2.875000,-0.687500,0.062012,0.078125,-1.020264
IMU,3223022909,7.125000,3.000000,0.000000,0.061279,0.078369,-1.018799
IMU,3223026910,7.937500,2.937500,0.687500,0.061279,0.078125,-1.019287
IMU,3223031908,8.062500,3.375000,0.687500,0.061523,0.078125,-1.019043
IMU,3223036911,8.062500,2.937500,0.312500,0.061035,0.077637,-1.019775
IMU,3223040908,7.625000,3.000000,0.562500,0.060547,0.078369,-1.019287
IMU,3223045910,7.750000,3.500000,-0.125000,0.061523,0.078857,-1.018555
IMU,3223049909,7.625000,3.937500,-0.312500,0.061523,0.078613,-1.019043
IMU,3223054910,8.250000,3.812500,-0.187500,0.060547,0.077393,-1.019775
IMU,3223058908,8.312500,2.750000,0.625000,0.060791,0.075439,-1.020508
IMU,3223063911,7.812500,2.500000,1.000000,0.060547,0.075928,-1.020752
IMU,3223067908,7.937500,3.500000,0.875000,0.060791,0.076660,-1.019775
IMU,3223072910,7.875000,2.687500,0.812500,0.059326,0.076904,-1.018555
IMU,3223077909,7.937500,2.562500,-0.312500,0.060059,0.076416,-1.018311
IMU,3223081910,8.062500,3.625000,-0.312500,0.059570,0.076660,-1.019531
IMU,3223086908,7.562500,3.437500,0.437500,0.059570,0.075439,-1.020508
IMU,3223090911,8.062500,3.125000,0.437500,0.060303,0.074707,-1.021240
IMU,3223095908,8.000000,3.125000,-0.500000,0.060303,0.074463,-1.021240
IMU,3223099910,7.875000,3.500000,0.125000,0.060059,0.075439,-1.020020
IMU,3223104909,7.812500,3.187500,0.187500,0.060059,0.076660,-1.020264
IMU,3223109910,7.500000,3.000000,-0.125000,0.059326,0.076172,-1.019531
IMU,3223113908,7.500000,2.937500,0.500000,0.060059,0.075684,-1.019043
IMU,3223118911,8.000000,2.625000,0.187500,0.060791,0.075684,-1.017822
IMU,3223122908,8.187500,2.562500,-0.250000,0.059326,0.075195,-1.018066
IMU,3223127910,7.937500,2.937500,-0.187500,0.059814,0.074219,-1.019043
IMU,3223131909,7.250000,3.750000,0.750000,0.060303,0.076172,-1.021484
IMU,3223136910,7.562500,2.750000,0.750000,0.060303,0.075439,-1.020752
IMU,3223140908,8.062500,2.812500,0.562500,0.060303,0.074951,-1.021484
IMU,3223145911,8.187500,3.000000,-0.187500,0.060547,0.075439,-1.023193
IMU,3223150908,8.312500,3.062500,-0.312500,0.060059,0.075928,-1.022461
IMU,3223154910,7.562500,2.875000,-0.562500,0.060547,0.075439,-1.016846
IMU,3223159909,7.812500,3.187500,-0.187500,0.061523,0.076416,-1.015137
IMU,3223163910,8.437500,3.187500,0.187500,0.061035,0.076416,-1.015869
IMU,3223168908,8.250000,3.500000,0.437500,0.060303,0.076172,-1.017578
IMU,3223172911,8.375000,2.875000,-0.062500,0.060059,0.076416,-1.019531
IMU,3223177908,8.437500,3.125000,0.437500,0.059814,0.077637,-1.022461
IMU,3223182910,7.937500,3.687500,0.125000,0.058350,0.078125,-1.022949
IMU,3223186909,8.250000,3.750000,-0.687500,0.057617,0.076904,-1.020752
IMU,3223191910,7.812500,3.500000,-0.125000,0.058838,0.077148,-1.018066
IMU,3223195908,8.125000,3.187500,1.375000,0.059326,0.077393,-1.016602
IMU,3223200911,8.625000,3.187500,1.187500,0.060059,0.077637,-1.017578
IMU,3223204908,8.375000,2.875000,0.937500,0.060547,0.078125,-1.018066
IMU,3223209910,7.625000,2.937500,-0.687500,0.061279,0.076904,-1.018799
IMU,3223214909,7.875000,2.812500,0.062500,0.060547,0.077637,-1.021240
IMU,3223218910,7.875000,3.062500,0.500000,0.061279,0.079102,-1.021484
IMU,3223223908,8.312500,3.062500,1.562500,0.060791,0.078369,-1.021729
IMU,3223227911,8.437500,2.625000,1.437500,0.061035,0.077637,-1.021240
IMU,3223232908,7.625000,3.062500,0.500000,0.061035,0.078125,-1.017090
IMU,3223236910,7.250000,3.125000,0.937500,0.062012,0.076416,-1.015869
IMU,3223241909,8.312500,2.875000,1.125000,0.060547,0.076904,-1.014648
IMU,3223245910,8.812500,3.250000,0.187500,0.060303,0.077637,-1.016113
IMU,3223250908,8.687500,2.750000,0.187500,0.060059,0.077637,-1.020020
IMU,3223255911,8.062500,2.062500,0.937500,0.059326,0.078613,-1.024170
IMU,3223259908,8.000000,2.812500,0.250000,0.059814,0.078369,-1.023193
IMU,3223264910,7.750000,3.125000,-0.562500,0.059814,0.078857,-1.022217
IMU,3223268909,7.500000,3.187500,1.000000,0.060303,0.078613,-1.021484
IMU,3223273910,7.312500,3.937500,1.437500,0.061523,0.077881,-1.019287
IMU,3223277908,8.000000,3.750000,0.625000,0.061035,0.078125,-1.015869
IMU,3223282911,7.562500,3.437500,-0.875000,0.060547,0.076904,-1.016357
IMU,3223287908,7.625000,3.687500,0.437500,0.060547,0.076660,-1.015381
IMU,3223291910,8.000000,4.125000,-0.312500,0.060059,0.076172,-1.016846
IMU,3223296909,8.125000,3.812500,-0.812500,0.060059,0.075684,-1.018555
IMU,3223300910,8.062500,4.062500,-0.250000,0.060547,0.075684,-1.020752
IMU,3223305908,7.750000,3.937500,0.812500,0.061523,0.076660,-1.024170
IMU,3223309911,8.500000,3.125000,0.250000,0.055908,0.077881,-1.025879
IMU,3223314908,8.500000,2.312500,-2.125000,0.048096,0.080811,-1.023438
IMU,3223318910,8.062500,2.625000,-2.750000,0.063721,0.077148,-1.019287
IMU,3223323909,8.125000,2.750000,-0.750000,0.060791,0.075928,-1.016846
IMU,3223328910,9.312500,2.625000,-0.687500,0.060791,0.074219,-1.015625
IMU,3223332908,8.312500,2.562500,-0.062500,0.063232,0.072754,-1.017334
IMU,3223337911,8.000000,2.937500,-0.250000,0.062500,0.073975,-1.020508
IMU,3223341908,7.750000,3.437500,-0.687500,0.062012,0.075195,-1.023438
IMU,3223346910,7.625000,3.312500,-0.312500,0.062988,0.075928,-1.023682
IMU,3223350909,8.125000,2.562500,-0.500000,0.062256,0.075195,-1.021973
IMU,3223355910,8.000000,2.437500,-0.500000,0.062256,0.075195,-1.020264
IMU,3223360908,8.000000,3.125000,-0.062500,0.061768,0.074951,-1.018311
IMU,3223364911,7.750000,2.687500,0.812500,0.061035,0.073975,-1.016846
IMU,3223369908,7.812500,2.812500,0.875000,0.060059,0.073975,-1.015137
IMU,3223373910,8.187500,2.687500,0.562500,0.059814,0.076172,-1.015137
IMU,3223378909,7.812500,3.062500,-0.375000,0.059814,0.075195,-1.018311
IMU,3223382910,7.937500,2.937500,-0.750000,0.059570,0.075684,-1.020996
IMU,3223387908,6.687500,2.812500,-0.375000,0.058838,0.076416,-1.023438
IMU,3223392911,7.000000,2.687500,-0.437500,0.057861,0.077637,-1.022705
IMU,3223396908,7.437500,2.500000,0.750000,0.058105,0.077148,-1.022217
IMU,3223401910,8.250000,2.875000,0.750000,0.056885,0.078369,-1.021240
IMU,3223405909,8.500000,3.187500,0.375000,0.048828,0.078125,-1.020020
IMU,3223410910,8.250000,2.437500,-0.687500,0.052734,0.075928,-1.018799
IMU,3223414908,8.000000,2.437500,-0.937500,0.059814,0.073486,-1.016602
IMU,3223419911,8.125000,2.750000,-0.562500,0.058838,0.073975,-1.018555
IMU,3223423908,8.250000,2.562500,-1.062500,0.058105,0.074951,-1.020264
IMU,3223428910,8.562500,2.312500,-1.312500,0.060303,0.076416,-1.021240
IMU,3223433909,8.062500,2.937500,-0.687500,0.063232,0.076416,-1.020752
IMU,3223437910,8.625000,3.125000,-0.437500,0.063477,0.077393,-1.020020
IMU,3223442908,9.250000,2.875000,0.062500,0.065430,0.079102,-1.020020
IMU,3223446911,9.062500,3.000000,0.125000,0.065918,0.079102,-1.018799
IMU,3223451908,7.625000,3.750000,1.250000,0.064697,0.078613,-1.016846
IMU,3223455910,8.312500,3.375000,1.000000,0.061523,0.077637,-1.017090
IMU,3223460909,8.562500,3.500000,1.000000,0.062256,0.077393,-1.017822
IMU,3223465910,8.125000,3.187500,0.375000,0.062256,0.076416,-1.019775
IMU,3223469908,7.187500,3.250000,0.062500,0.061523,0.076172,-1.019775
IMU,3223474911,7.687500,2.812500,1.062500,0.060303,0.077148,-1.020264
IMU,3223478908,8.812500,2.937500,0.375000,0.060303,0.077881,-1.020996
IMU,3223483910,8.375000,3.187500,0.500000,0.060547,0.076660,-1.019043
IMU,3223487909,7.812500,2.937500,0.250000,0.060059,0.076660,-1.018799
IMU,3223492910,7.500000,3.375000,-0.187500,0.060547,0.078613,-1.019531
IMU,3223496908,8.375000,3.750000,0.375000,0.058838,0.078613,-1.019287
IMU,3223501911,8.875000,3.062500,0.500000,0.059082,0.076660,-1.018311
IMU,3223506908,8.875000,2.875000,0.875000,0.059814,0.077637,-1.017334
IMU,3223510910,8.500000,2.875000,1.062500,0.060059,0.077393,-1.018799
IMU,3223515909,9.000000,3.937500,0.625000,0.058350,0.076416,-1.020264
IMU,3223519910,8.625000,3.562500,0.500000,0.058594,0.076172,-1.021240
IMU,3223524908,8.000000,2.875000,0.187500,0.059082,0.078125,-1.019531
IMU,3223528911,8.562500,3.437500,0.375000,0.059082,0.076904,-1.018555
IMU,3223533908,8.750000,3.062500,0.562500,0.058838,0.076904,-1.018555
IMU,3223538910,7.937500,3.125000,-0.062500,0.058350,0.076172,-1.018066
IMU,3223542909,8.250000,2.625000,0.500000,0.058838,0.076172,-1.017578
IMU,3223547910,8.500000,2.937500,0.625000,0.059570,0.076416,-1.017822
IMU,3223551908,8.812500,3.500000,0.375000,0.059570,0.077637,-1.019043
IMU,3223556911,8.250000,2.687500,0.937500,0.060547,0.078125,-1.019287
IMU,3223560908,8.437500,2.562500,1.375000,0.060547,0.076416,-1.018066
IMU,3223565910,8.312500,2.312500,1.125000,0.060791,0.076660,-1.018311
IMU,3223569909,8.187500,3.437500,-0.062500,0.061035,0.077148,-1.020020
IMU,3223574910,8.062500,3.187500,-0.687500,0.060547,0.075684,-1.021484
IMU,3223579908,7.937500,2.937500,0.250000,0.061279,0.074219,-1.021484
IMU,3223583911,8.562500,3.250000,0.437500,0.059814,0.075195,-1.019775
IMU,3223588908,8.687500,2.875000,0.625000,0.061035,0.076416,-1.020020
IMU,3223592910,7.500000,3.000000,0.625000,0.061279,0.075928,-1.018066
IMU,3223597909,7.000000,3.875000,0.562500,0.061279,0.075928,-1.018066
IMU,3223601910,7.625000,2.937500,0.750000,0.060059,0.075439,-1.018555
IMU,3223606908,8.500000,3.062500,0.937500,0.059570,0.076172,-1.019043
IMU,3223611911,8.687500,2.437500,1.000000,0.059570,0.077881,-1.019775
IMU,3223615908,7.500000,2.687500,0.437500,0.060059,0.078125,-1.021240
IMU,3223620910,7.812500,2.687500,-0.312500,0.060303,0.077881,-1.020264
IMU,3223624909,7.500000,3.687500,0.625000,0.059326,0.077393,-1.019287
IMU,3223629910,8.000000,3.562500,1.125000,0.059326,0.076904,-1.019043
IMU,3223633908,7.875000,3.562500,-0.187500,0.059326,0.076416,-1.018555
IMU,3223638911,7.937500,3.437500,0.062500,0.059814,0.075684,-1.018066
IMU,3223643908,6.500000,3.562500,0.625000,0.060059,0.075684,-1.018555
IMU,3223647910,7.437500,3.687500,1.062500,0.060547,0.076904,-1.020020
IMU,3223652909,7.937500,2.750000,0.062500,0.062012,0.076172,-1.020996
IMU,3223656910,8.562500,2.937500,-0.187500,0.061035,0.076172,-1.020264
IMU,3223661908,7.875000,2.937500,0.687500,0.061768,0.076904,-1.018799
IMU,3223665911,7.750000,3.312500,1.375000,0.060547,0.077393,-1.018066
IMU,3223670908,7.250000,3.000000,1.062500,0.060059,0.076904,-1.019043
IMU,3223674910,8.250000,2.437500,-0.125000,0.061035,0.076904,-1.019043
IMU,3223679909,8.125000,2.562500,0.312500,0.061035,0.077148,-1.018799
IMU,3223684910,7.750000,3.437500,0.625000,0.059814,0.076416,-1.019043
IMU,3223688908,8.125000,3.250000,0.687500,0.059326,0.077393,-1.019287
IMU,3223693911,7.812500,3.312500,0.312500,0.060791,0.076904,-1.019531
IMU,3223697908,8.375000,3.125000,0.125000,0.061035,0.076904,-1.018799
IMU,3223702910,8.625000,2.375000,1.062500,0.059814,0.077148,-1.017334
IMU,3223706909,8.750000,2.812500,-0.812500,0.059326,0.076416,-1.018311
IMU,3223711910,7.937500,3.312500,-0.812500,0.059814,0.077148,-1.019287
IMU,3223716908,8.625000,3.750000,0.250000,0.060303,0.076416,-1.019531
IMU,3223720911,8.562500,3.375000,0.562500,0.060547,0.076660,-1.019531
IMU,3223725908,8.062500,3.437500,0.625000,0.059326,0.076904,-1.018799
IMU,3223729910,7.750000,3.437500,1.000000,0.060547,0.078125,-1.020996
IMU,3223734909,8.125000,3.937500,0.812500,0.061523,0.079102,-1.019775
IMU,3223738910,8.500000,4.187500,-0.250000,0.061035,0.077637,-1.019043
IMU,3223743908,8.687500,3.937500,-0.812500,0.061523,0.077881,-1.019531
IMU,3223747911,8.000000,3.562500,-0.625000,0.061035,0.077637,-1.018311
IMU,3223752908,8.000000,3.250000,0.750000,0.061768,0.077148,-1.017334
IMU,3223757910,8.437500,2.812500,1.062500,0.061279,0.076416,-1.017578
IMU,3223761909,8.187500,3.250000,1.000000,0.059570,0.075684,-1.017334
IMU,3223766910,7.187500,3.750000,0.937500,0.058105,0.076416,-1.018799
IMU,3223770908,8.000000,4.125000,0.375000,0.059814,0.078369,-1.019531
IMU,3223775911,8.437500,3.125000,0.687500,0.059326,0.075928,-1.019775
IMU,3223779908,8.437500,2.875000,1.062500,0.062744,0.077881,-1.021484
IMU,3223784910,8.750000,3.062500,0.500000,0.062012,0.078613,-1.022705
IMU,3223789909,8.562500,2.375000,0.625000,0.061279,0.077148,-1.020264
IMU,3223793910,8.125000,2.187500,0.250000,0.061523,0.075439,-1.018311
IMU,3223798908,8.562500,2.937500,0.375000,0.060303,0.076172,-1.019043
IMU,3223802911,7.937500,3.500000,1.875000,0.059570,0.075195,-1.020264
IMU,3223807908,7.625000,3.312500,1.625000,0.059570,0.076904,-1.019287
IMU,3223811910,8.562500,2.875000,0.750000,0.060059,0.075928,-1.020752
IMU,3223816909,8.250000,3.437500,0.375000,0.059570,0.075684,-1.019531
IMU,3223821910,7.937500,2.812500,-1.062500,0.060059,0.076660,-1.017822
IMU,3223825908,7.875000,2.062500,-0.875000,0.060303,0.077148,-1.018799
IMU,3223830911,7.687500,2.875000,-0.250000,0.060059,0.075928,-1.018066
IMU,3223834908,8.250000,2.750000,-0.312500,0.054688,0.082031,-1.019287
IMU,3223839910,9.375000,1.875000,-1.500000,0.051270,0.080811,-1.020508
IMU,3223843909,8.375000,1.687500,-1.375000,0.059326,0.072510,-1.019775
IMU,3223848910,9.125000,1.687500,-0.250000,0.058594,0.077148,-1.020020
IMU,3223852908,9.250000,2.500000,-0.062500,0.062012,0.076416,-1.021484
IMU,3223857911,9.125000,1.937500,-0.250000,0.059814,0.074463,-1.020508
IMU,3223862908,8.375000,1.312500,-1.000000,0.058594,0.075439,-1.019043
IMU,3223866910,9.250000,1.625000,-0.875000,0.058594,0.074951,-1.018555
IMU,3223871909,9.062500,1.750000,0.062500,0.059082,0.074707,-1.019775
IMU,3223875910,8.687500,2.062500,-0.125000,0.058838,0.075195,-1.019287
IMU,3223880908,8.312500,1.750000,-0.187500,0.061523,0.075928,-1.018066
IMU,3223884911,8.875000,2.625000,0.125000,0.061279,0.076904,-1.018311
IMU,3223889908,7.687500,1.812500,-0.187500,0.061523,0.075928,-1.019531
IMU,3223894910,7.812500,1.812500,0.812500,0.062256,0.076416,-1.019775
IMU,3223898909,8.062500,1.750000,0.312500,0.065674,0.075439,-1.018066
IMU,3223903910,8.562500,2.625000,0.125000,0.065186,0.075195,-1.017090
IMU,3223907908,7.562500,3.625000,1.062500,0.061768,0.075195,-1.017334
IMU,3223912911,7.125000,3.375000,0.562500,0.060059,0.076172,-1.018311
IMU,3223916908,7.937500,3.250000,0.187500,0.060303,0.076660,-1.020508
IMU,3223921910,8.062500,2.875000,0.562500,0.060547,0.077148,-1.020752
IMU,3223925909,8.250000,3.187500,0.000000,0.059326,0.077393,-1.019287
IMU,3223930910,7.812500,3.500000,0.687500,0.059570,0.077637,-1.019775
IMU,3223935908,8.250000,2.937500,0.625000,0.060547,0.077148,-1.018311
IMU,3223939911,8.000000,3.125000,0.250000,0.059570,0.076904,-1.018799
IMU,3223944908,7.312500,3.062500,-0.250000,0.059570,0.076904,-1.018555
IMU,3223948910,7.437500,2.750000,-0.125000,0.060059,0.076904,-1.017578
IMU,3223953909,7.875000,2.875000,0.437500,0.060547,0.078125,-1.018799
IMU,3223957910,7.937500,2.687500,0.687500,0.059082,0.077148,-1.020752
IMU,3223962908,7.312500,2.812500,0.500000,0.059814,0.076416,-1.020752
IMU,3223967911,7.750000,2.375000,-0.250000,0.061035,0.077393,-1.020020
IMU,3223971908,8.125000,2.625000,-0.312500,0.061768,0.077148,-1.018799
IMU,3223976910,8.000000,2.937500,0.750000,0.060303,0.076904,-1.019043
IMU,3223980909,8.312500,2.937500,0.250000,0.060059,0.076660,-1.020264
IMU,3223985910,7.375000,3.250000,-0.187500,0.061035,0.076172,-1.019775
IMU,3223989908,7.750000,3.812500,0.375000,0.068115,0.076416,-1.017334
IMU,3223994911,7.250000,4.812500,0.187500,0.054443,0.076660,-1.019287
IMU,3223999908,7.937500,3.937500,-0.187500,0.052490,0.075195,-1.019531
IMU,3224003910,7.812500,3.437500,0.125000,0.058838,0.075195,-1.018066
IMU,3224008909,7.812500,3.625000,-0.187500,0.058838,0.076416,-1.019043
IMU,3224012910,7.625000,3.250000,0.000000,0.059814,0.076172,-1.020508
IMU,3224017908,8.187500,2.750000,0.437500,0.058838,0.076660,-1.020752
IMU,3224021911,8.437500,2.812500,0.437500,0.058594,0.077393,-1.020996
IMU,3224026908,8.500000,3.062500,0.562500,0.059814,0.077393,-1.019775
IMU,3224030910,7.187500,3.625000,0.562500,0.059814,0.077393,-1.019043
IMU,3224035909,8.062500,3.250000,0.187500,0.060303,0.075439,-1.019287
IMU,3224040910,8.625000,3.250000,0.437500,0.060303,0.075439,-1.018311
IMU,3224044908,8.125000,3.437500,-0.250000,0.060059,0.076416,-1.018066
IMU,3224049911,7.750000,2.812500,0.125000,0.058838,0.077881,-1.018555
IMU,3224053908,8.000000,2.875000,0.437500,0.060059,0.077393,-1.020020
IMU,3224058910,8.062500,3.437500,0.500000,0.060547,0.076904,-1.019531
IMU,3224062909,8.625000,3.750000,0.125000,0.060059,0.075195,-1.020020
IMU,3224067910,8.375000,3.562500,0.062500,0.060303,0.075928,-1.019043
IMU,3224072908,9.125000,3.000000,0.437500,0.061035,0.077393,-1.018799
IMU,3224076911,8.312500,2.937500,-0.875000,0.061523,0.076416,-1.019775
IMU,3224081908,8.312500,3.000000,-0.625000,0.061768,0.075439,-1.020264
IMU,3224085910,7.875000,2.687500,0.750000,0.060303,0.075439,-1.019775
IMU,3224090909,9.062500,3.312500,1.125000,0.059570,0.075684,-1.019775
IMU,3224094910,8.187500,3.375000,0.812500,0.059814,0.075684,-1.020020
IMU,3224099908,7.312500,3.250000,-0.062500,0.060303,0.077393,-1.021240
IMU,3224103911,8.000000,3.375000,0.437500,0.060791,0.078125,-1.021484
IMU,3224108908,8.062500,3.812500,1.625000,0.071777,0.076904,-1.018311
IMU,3224113910,6.812500,4.937500,3.250000,0.078369,0.079834,-1.015625
IMU,3224117909,7.625000,4.500000,2.687500,0.046875,0.076660,-1.020508
IMU,3224122910,8.375000,4.312500,2.062500,0.060791,0.077881,-1.019287
IMU,3224126908,7.750000,3.812500,2.437500,0.064697,0.078369,-1.018311
IMU,3224131911,7.625000,4.062500,1.375000,0.058350,0.077393,-1.018066
IMU,3224135908,8.062500,3.312500,1.312500,0.065918,0.076416,-1.018066
IMU,3224140910,7.937500,4.062500,1.750000,0.065186,0.076172,-1.020264
IMU,3224145909,8.187500,4.562500,1.750000,0.057617,0.075684,-1.020264
IMU,3224149910,7.937500,3.562500,1.250000,0.061279,0.076172,-1.020996
IMU,3224154908,8.062500,3.375000,1.437500,0.065918,0.074219,-1.018311
IMU,3224158911,7.500000,3.687500,1.687500,0.061768,0.075684,-1.019043
IMU,3224163908,6.812500,3.312500,1.437500,0.057617,0.077148,-1.020264
IMU,3224167910,7.250000,3.625000,1.875000,0.058350,0.076660,-1.020264
IMU,3224172909,8.062500,3.500000,2.000000,0.056641,0.075684,-1.020020
IMU,3224176910,8.125000,3.875000,1.937500,0.059814,0.075195,-1.017578
IMU,3224181908,7.375000,3.812500,0.250000,0.065674,0.073730,-1.018066
IMU,3224186911,7.625000,3.437500,0.750000,0.064941,0.074219,-1.018799
IMU,3224190908,7.875000,3.875000,2.000000,0.053467,0.077881,-1.019043
IMU,3224195910,8.312500,3.875000,1.812500,0.052490,0.077637,-1.019043
IMU,3224199909,7.937500,3.562500,1.250000,0.052734,0.078125,-1.019775
IMU,3224204910,8.062500,3.375000,0.687500,0.057373,0.076660,-1.020020
IMU,3224208908,8.187500,3.375000,0.687500,0.057861,0.077148,-1.020264
IMU,3224213911,8.437500,3.000000,0.687500,0.058105,0.078125,-1.019287
IMU,3224218908,8.437500,3.437500,0.500000,0.058350,0.077148,-1.019775
IMU,3224222910,8.187500,3.000000,0.687500,0.058350,0.077148,-1.019531
IMU,3224227909,7.875000,3.562500,0.375000,0.057861,0.076416,-1.020264
IMU,3224231910,7.812500,3.500000,0.812500,0.058105,0.075195,-1.020020
IMU,3224236908,8.687500,3.000000,0.937500,0.057617,0.074219,-1.017334
IMU,3224240911,8.250000,3.562500,1.062500,0.058838,0.074707,-1.017334
IMU,3224245908,7.250000,3.562500,1.250000,0.059082,0.075439,-1.020020
IMU,3224250910,6.875000,3.375000,1.125000,0.060303,0.074463,-1.019043
IMU,3224254909,7.562500,3.625000,1.687500,0.061523,0.074951,-1.020020
IMU,3224259910,7.500000,3.187500,1.062500,0.060791,0.073975,-1.018066
IMU,3224263908,7.937500,3.375000,1.375000,0.059326,0.072021,-1.018066
IMU,3224268911,7.875000,3.500000,1.125000,0.060303,0.073242,-1.017334
IMU,3224272908,8.125000,3.062500,1.000000,0.061279,0.077637,-1.018555
IMU,3224277910,8.437500,3.312500,1.375000,0.061035,0.074463,-1.020020
IMU,3224281909,8.125000,3.375000,0.937500,0.062012,0.076660,-1.020752
IMU,3224286910,7.812500,3.562500,1.125000,0.062256,0.075439,-1.019531
IMU,3224291908,7.812500,3.375000,0.937500,0.061768,0.075195,-1.020508
IMU,3224295911,7.312500,3.625000,0.687500,0.059814,0.077637,-1.019287
IMU,3224300908,7.937500,3.125000,1.312500,0.058350,0.075439,-1.018799
IMU,3224304910,8.312500,3.062500,1.437500,0.058350,0.071533,-1.018799
IMU,3224309909,9.062500,2.750000,1.500000,0.059082,0.077148,-1.019287
IMU,3224313910,8.437500,3.187500,1.687500,0.060059,0.075928,-1.020996
IMU,3224318908,7.750000,3.062500,2.875000,0.059082,0.068848,-1.020508
IMU,3224323911,8.000000,2.812500,4.187500,0.057373,0.062744,-1.018799
IMU,3224327908,8.437500,3.062500,2.500000,0.063721,-0.048828,-1.018555
IMU,3224332910,7.937500,2.250000,1.437500,0.025635,-0.102051,-1.021240
IMU,3224336909,9.000000,3.250000,7.812500,0.060791,0.162354,-1.019531
IMU,3224341910,8.750000,3.437500,6.375000,0.070801,0.134766,-1.018799
IMU,3224345908,8.062500,3.562500,7.812500,0.067871,0.071777,-1.017822
IMU,3224350911,8.250000,3.937500,8.812500,0.064453,0.061279,-1.017090
IMU,3224354908,8.562500,4.437500,8.562500,0.069336,0.058594,-1.016846
IMU,3224359910,9.125000,4.062500,8.187500,0.068359,0.065430,-1.018066
IMU,3224364909,8.562500,4.125000,10.187500,0.063232,0.057861,-1.019775
IMU,3224368910,9.062500,3.875000,11.687500,0.064453,0.054688,-1.019043
IMU,3224373908,10.250000,3.625000,11.812500,0.062012,0.059082,-1.019775
IMU,3224377911,10.187500,3.750000,10.375000,0.064697,0.078613,-1.020508
IMU,3224382908,9.812500,4.250000,6.812500,0.061523,0.110352,-1.019043
IMU,3224386910,9.250000,4.250000,2.312500,0.055420,0.110596,-1.015625
IMU,3224391909,9.375000,4.062500,-2.875000,0.053955,0.117188,-1.017090
IMU,3224396910,9.562500,3.875000,-7.062500,0.054688,0.114502,-1.017090
IMU,3224400908,9.250000,4.125000,-7.312500,0.056152,0.111328,-1.020264
IMU,3224405911,8.625000,4.125000,-7.500000,0.057373,0.095459,-1.020996
IMU,3224409908,7.812500,4.125000,-8.937500,0.059570,0.085693,-1.020752
IMU,3224414910,8.687500,3.437500,-8.812500,0.062256,0.090332,-1.021240
IMU,3224418909,8.937500,3.500000,-7.125000,0.061523,0.084717,-1.021973
IMU,3224423910,9.062500,3.812500,-7.000000,0.060059,0.075928,-1.020996
IMU,3224428908,9.750000,3.812500,-7.625000,0.060791,0.078613,-1.019043
IMU,3224432911,8.937500,3.937500,-6.812500,0.062256,0.080811,-1.019775
IMU,3224437908,8.000000,4.062500,-5.625000,0.061035,0.078369,-1.018311
IMU,3224441910,7.687500,4.000000,-5.812500,0.057129,0.066650,-1.018311
IMU,3224446909,8.750000,4.062500,-6.562500,0.061523,0.075195,-1.018799
IMU,3224450910,9.375000,3.812500,-6.125000,0.062500,0.070557,-1.020508
IMU,3224455908,8.000000,3.937500,-6.250000,0.063965,0.071289,-1.020508
IMU,3224459911,8.500000,4.250000,-5.812500,0.060303,0.059326,-1.019775
IMU,3224464908,9.312500,4.375000,-0.437500,0.045410,-0.003418,-1.019531
IMU,3224469910,8.937500,4.500000,2.875000,0.053711,0.015625,-1.018066
IMU,3224473909,9.500000,3.750000,-4.812500,0.048584,0.029297,-1.016357
IMU,3224478910,9.750000,3.812500,-7.562500,0.039307,-0.011719,-1.016357
IMU,3224482908,9.750000,3.562500,-12.812500,0.026855,-0.028564,-1.018311
IMU,3224487911,10.125000,3.125000,-18.812500,0.012207,-0.051514,-1.017090
IMU,3224491908,10.500000,2.000000,-25.687500,0.018066,-0.037109,-1.017334
IMU,3224496910,10.687500,2.562500,-30.250000,0.029297,-0.001221,-1.018066
IMU,3224501909,10.625000,3.375000,-32.875000,0.046143,0.027588,-1.019531
IMU,3224505910,11.000000,2.875000,-36.437500,0.071777,0.066895,-1.018311
IMU,3224510908,11.187500,2.437500,-35.937500,0.100098,0.129883,-1.018066
IMU,3224514911,10.750000,2.562500,-31.437500,0.106689,0.126465,-1.018799
IMU,3224519908,10.250000,2.687500,-25.812500,0.088623,0.069824,-1.017822
IMU,3224523910,10.187500,2.062500,-21.125000,0.065186,0.020264,-1.018555
IMU,3224528909,10.875000,2.187500,-15.562500,0.050537,0.000244,-1.022949
IMU,3224532910,9.562500,1.812500,-10.500000,0.039551,-0.025391,-1.022949
IMU,3224537908,10.000000,0.875000,-7.437500,0.021973,-0.072510,-1.026367
IMU,3224542911,10.437500,-1.062500,-5.000000,0.001221,-0.098633,-1.027344
IMU,3224546908,10.937500,-5.000000,-2.000000,-0.001221,-0.086182,-1.034668
IMU,3224551910,11.312500,-11.062500,-2.500000,0.018555,-0.048340,-1.034180
IMU,3224555909,9.375000,-12.875000,-8.375000,0.046143,-0.019043,-1.026367
IMU,3224560910,8.687500,-14.562500,-10.125000,0.060791,0.009033,-1.019043
IMU,3224564908,8.000000,-14.687500,-7.750000,0.071289,0.027100,-1.014648
IMU,3224569911,7.250000,-13.875000,-5.125000,0.078125,0.031250,-1.012939
IMU,3224574908,7.125000,-12.437500,-4.000000,0.073486,0.026611,-1.013184
IMU,3224578910,7.750000,-12.750000,-5.625000,0.062988,0.038574,-1.019775
IMU,3224583909,7.812500,-13.250000,-10.312500,0.054443,0.022461,-1.018799
IMU,3224587910,10.500000,-11.312500,-15.750000,0.052979,0.015625,-1.015625
IMU,3224592908,10.875000,-9.937500,-16.937500,0.051758,0.019287,-1.015137
IMU,3224596911,12.875000,-9.687500,-17.937500,0.049805,0.028564,-1.013672
IMU,3224601908,12.562500,-6.625000,-18.625000,0.061279,0.048828,-1.009766
IMU,3224605910,11.062500,-5.250000,-18.062500,0.067627,0.064697,-1.010742
IMU,3224610909,10.187500,-4.750000,-17.125000,0.072510,0.072754,-1.012451
IMU,3224615910,7.687500,-3.312500,-14.562500,0.077148,0.070557,-1.012695
IMU,3224619908,9.937500,-2.625000,-10.750000,0.078369,0.067139,-1.024170
IMU,3224624911,10.562500,-2.687500,-5.750000,0.088867,0.073975,-1.019775
IMU,3224628908,9.687500,-1.062500,-1.750000,0.081787,0.072998,-1.014160
IMU,3224633910,5.312500,3.187500,2.312500,0.080566,0.072510,-1.018799
IMU,3224637909,-2.187500,7.375000,4.250000,0.072754,0.053955,-1.019775
IMU,3224642910,-5.625000,9.312500,3.687500,0.063477,0.023438,-1.017578
IMU,3224647908,-7.000000,9.062500,2.625000,0.050781,-0.000732,-1.022217
IMU,3224651911,-6.000000,9.375000,3.062500,0.046387,-0.003174,-1.013916
IMU,3224656908,-3.812500,10.375000,5.562500,0.046631,0.013672,-1.008057
IMU,3224660910,-1.187500,11.312500,5.812500,0.052979,0.009277,-1.013428
IMU,3224665909,1.125000,11.625000,4.437500,0.054443,-0.003906,-1.017334
IMU,3224669910,1.562500,9.187500,3.250000,0.048584,-0.011230,-1.022705
IMU,3224674908,2.187500,7.500000,-1.937500,0.035889,-0.006104,-1.019775
IMU,3224679911,1.500000,6.750000,-6.562500,0.025146,0.002686,-1.015625
IMU,3224683908,2.625000,7.875000,-8.937500,0.029785,0.004883,-1.031738
IMU,3224688910,4.250000,5.812500,-9.187500,0.026855,-0.002197,-1.017334
IMU,3224692909,1.687500,4.875000,-10.375000,0.016602,-0.009521,-1.011719
IMU,3224697910,1.375000,9.187500,-17.062500,-0.000732,-0.005371,-1.028809
IMU,3224701908,1.062500,9.000000,-24.750000,-0.000488,0.005859,-1.000732
IMU,3224706911,-1.125000,11.250000,-29.437500,0.006836,0.014160,-1.004395
IMU,3224710908,-2.000000,15.687500,-35.812500,0.023193,0.020264,-1.029785
IMU,3224715910,-2.750000,18.250000,-39.750000,0.046143,0.040771,-1.016602
IMU,3224720909,-7.250000,20.250000,-41.187500,0.067383,0.066650,-1.024414
IMU,3224724910,-11.562500,20.875000,-41.625000,0.076416,0.076904,-1.035156
IMU,3224729908,-14.562500,18.250000,-41.250000,0.080322,0.076416,-1.037598
IMU,3224733911,-16.687500,15.187500,-39.375000,0.073730,0.069580,-1.031006
IMU,3224738908,-19.187500,12.375000,-39.062500,0.063477,0.056641,-1.020752
IMU,3224742910,-16.187500,10.125000,-40.125000,0.060303,0.050781,-1.022461
IMU,3224747909,-11.312500,8.562500,-40.000000,0.063965,0.064697,-1.012451
IMU,3224752910,-8.000000,8.437500,-40.375000,0.069580,0.080322,-1.004150
IMU,3224756908,-4.062500,7.125000,-38.562500,0.072021,0.081787,-1.006836
IMU,3224761911,1.375000,5.062500,-34.750000,0.079346,0.081055,-1.012207
IMU,3224765908,4.687500,2.687500,-32.625000,0.075684,0.079834,-1.013428
IMU,3224770910,8.812500,1.687500,-29.312500,0.074707,0.077881,-1.010742
IMU,3224774909,12.187500,0.750000,-28.000000,0.077637,0.080811,-1.019531
IMU,3224779910,14.562500,0.750000,-25.687500,0.082031,0.084717,-1.012939
IMU,3224783908,17.437500,2.125000,-25.937500,0.075684,0.088379,-1.010010
IMU,3224788911,17.937500,3.687500,-27.250000,0.068848,0.081543,-1.012695
IMU,3224793908,17.187500,4.562500,-26.250000,0.055664,0.071777,-1.015137
IMU,3224797910,17.875000,4.687500,-26.062500,0.034180,0.048340,-1.019287
IMU,3224802909,16.687500,4.187500,-29.500000,0.021973,0.032715,-1.018799
IMU,3224806910,13.750000,4.750000,-30.625000,0.022949,0.032715,-1.023926
IMU,3224811908,14.937500,5.125000,-32.062500,0.035400,0.035156,-1.024414
IMU,3224815911,14.062500,5.062500,-29.375000,0.051270,0.055176,-1.028809
IMU,3224820908,17.625000,4.687500,-26.437500,0.062988,0.066895,-1.048584
IMU,3224825910,23.125000,5.437500,-25.500000,0.072266,0.059570,-1.028809
IMU,3224829909,24.562500,6.187500,-23.500000,0.058594,0.060303,-1.020996
IMU,3224834910,23.875000,4.375000,-19.812500,0.058594,0.054688,-1.030518
IMU,3224838908,23.687500,4.562500,-19.062500,0.057373,0.033203,-1.019287
IMU,3224843911,24.000000,3.125000,-18.500000,0.062744,0.037109,-1.015137
IMU,3224847908,25.625000,1.437500,-18.062500,0.065918,0.044678,-1.015869
IMU,3224852910,29.125000,2.062500,-18.187500,0.075195,0.041992,-1.007568
IMU,3224857909,30.937500,2.312500,-18.625000,0.063477,0.031982,-1.003174
IMU,3224861910,31.125000,2.812500,-17.500000,0.053711,0.031250,-1.004639
IMU,3224866908,29.687500,3.937500,-17.437500,0.051514,0.024658,-1.007812
IMU,3224870911,29.812500,5.000000,-18.437500,0.054443,0.021240,-1.010986
IMU,3224875908,27.250000,5.937500,-21.000000,0.072754,0.037109,-1.007568
IMU,3224879910,23.187500,6.250000,-22.625000,0.067871,0.043701,-1.015869
IMU,3224884909,20.937500,6.812500,-22.187500,0.057861,0.026611,-1.014648
IMU,3224888910,16.000000,8.375000,-23.812500,0.044678,0.010254,-1.014160
IMU,3224893908,12.812500,10.000000,-27.937500,0.028809,-0.018799,-1.024414
IMU,3224898911,9.625000,12.625000,-32.750000,0.013184,-0.038818,-1.030762
IMU,3224902908,6.625000,12.750000,-34.937500,0.001221,-0.029541,-1.019531
IMU,3224907910,9.375000,10.562500,-32.062500,0.003174,-0.012207,-1.019043
IMU,3224911909,12.437500,12.500000,-26.875000,0.006104,-0.012939,-1.020508
IMU,3224916910,16.500000,12.250000,-22.187500,0.016846,-0.012939,-1.028076
IMU,3224920908,20.062500,10.125000,-20.625000,0.012695,-0.016113,-1.026123
IMU,3224925911,19.687500,8.062500,-23.312500,0.017822,-0.008545,-1.022949
IMU,3224930908,15.125000,7.562500,-25.500000,0.022461,0.017090,-1.018799
IMU,3224934910,13.250000,4.062500,-27.250000,0.021484,0.034912,-1.005371
IMU,3224939909,11.312500,3.250000,-28.937500,0.022949,0.045898,-1.014404
IMU,3224943910,10.750000,3.812500,-30.687500,0.042969,0.052490,-1.030762
IMU,3224948908,10.687500,3.250000,-31.750000,0.049561,0.042969,-1.033203
IMU,3224952911,12.375000,0.250000,-34.687500,0.045898,0.053223,-1.029053
IMU,3224957908,10.437500,0.937500,-35.375000,0.043457,0.071777,-1.017090
IMU,3224961910,9.187500,3.250000,-39.250000,0.061279,0.083008,-1.015869
IMU,3224966909,5.562500,4.562500,-41.500000,0.079590,0.089355,-1.015137
IMU,3224971910,5.062500,5.000000,-40.750000,0.081543,0.093506,-1.017822
IMU,3224975908,1.062500,7.250000,-41.375000,0.086182,0.107178,-1.020996
IMU,3224980911,-1.375000,7.562500,-42.250000,0.092285,0.111084,-1.021729
IMU,3224984908,-1.437500,7.562500,-45.625000,0.079102,0.101318,-1.021240
IMU,3224989910,-0.437500,7.437500,-47.125000,0.068115,0.098633,-1.018799
IMU,3224993909,2.937500,8.312500,-49.187500,0.058105,0.086914,-1.025635
IMU,3224998910,6.250000,7.312500,-50.437500,0.071533,0.078125,-1.029297
IMU,3225003908,10.500000,4.812500,-48.937500,0.077881,0.086670,-1.028564
IMU,3225007911,16.750000,5.000000,-45.375000,0.076660,0.103027,-1.019775
IMU,3225012908,23.250000,4.812500,-38.312500,0.068115,0.106445,-1.020752
IMU,3225016910,28.062500,1.625000,-33.875000,0.067871,0.110840,-1.015625
IMU,3225021909,26.250000,0.500000,-33.000000,0.054443,0.118164,-1.011963
IMU,3225025910,26.125000,1.750000,-31.062500,0.050537,0.115479,-1.020020
IMU,3225030908,28.812500,1.125000,-28.187500,0.048828,0.101807,-1.030273
IMU,3225035911,32.250000,0.125000,-28.687500,0.040527,0.094971,-1.019043
IMU,3225039908,33.250000,-1.312500,-29.250000,0.027588,0.099609,-1.009521
IMU,3225044910,33.687500,-2.750000,-29.562500,0.028809,0.111572,-1.008789
IMU,3225048909,32.437500,-4.187500,-30.500000,0.036865,0.124268,-1.014893
IMU,3225053910,33.437500,-3.750000,-31.812500,0.051758,0.132812,-1.017090
IMU,3225057908,31.687500,-3.937500,-34.000000,0.065186,0.148682,-1.008057
IMU,3225062911,28.062500,-4.062500,-34.125000,0.082275,0.178955,-0.999756
IMU,3225066908,20.125000,-1.187500,-31.437500,0.081299,0.197021,-1.008301
IMU,3225071910,11.875000,0.812500,-30.375000,0.082764,0.181885,-1.019287
IMU,3225076909,8.875000,4.062500,-31.500000,0.075195,0.168701,-1.030273
IMU,3225080910,7.187500,6.000000,-31.062500,0.058594,0.158447,-1.035889
IMU,3225085908,3.625000,5.875000,-27.562500,0.043701,0.147461,-1.025635
IMU,3225089911,4.750000,5.562500,-24.375000,0.034912,0.134033,-1.030518
IMU,3225094908,4.375000,3.937500,-20.000000,0.035645,0.136230,-1.027832
IMU,3225098910,3.187500,3.875000,-18.187500,0.035645,0.133789,-1.031738
IMU,3225103909,4.062500,3.000000,-15.750000,0.034912,0.129639,-1.033447
IMU,3225108910,8.375000,3.062500,-16.875000,0.037842,0.124023,-1.032227
IMU,3225112908,10.062500,3.062500,-16.250000,0.049072,0.141113,-1.030518
IMU,3225117911,9.437500,3.312500,-15.000000,0.044189,0.141113,-1.004639
IMU,3225121908,8.062500,3.000000,-14.312500,0.042236,0.152344,-0.995850
IMU,3225126910,6.875000,3.875000,-13.625000,0.049072,0.159424,-1.001465
IMU,3225130909,6.500000,5.250000,-15.250000,0.055420,0.165771,-0.997559
IMU,3225135910,8.437500,5.000000,-14.875000,0.052002,0.176270,-0.994629
IMU,3225139908,12.000000,6.375000,-13.250000,0.054443,0.186279,-1.008057
IMU,3225144911,9.875000,8.500000,-11.875000,0.071289,0.188965,-1.014648
IMU,3225149908,4.812500,8.875000,-9.937500,0.082031,0.188965,-1.021240
IMU,3225153910,2.812500,9.187500,-9.000000,0.084229,0.192139,-1.025879
IMU,3225158909,4.937500,11.500000,-9.812500,0.077881,0.190674,-1.025146
IMU,3225162910,6.562500,10.750000,-5.500000,0.076416,0.186279,-1.029053
IMU,3225167908,6.937500,10.187500,-0.562500,0.076416,0.176514,-1.041992
IMU,3225171911,9.250000,8.312500,3.625000,0.083496,0.159668,-1.047607
IMU,3225176908,14.000000,6.000000,9.062500,0.083984,0.149658,-1.040039
IMU,3225181910,16.125000,2.937500,13.125000,0.064697,0.136475,-1.034912
IMU,3225185909,19.500000,2.062500,14.562500,0.055908,0.101807,-1.031982
IMU,3225190910,23.250000,-1.187500,16.687500,0.045410,0.088867,-1.030762
IMU,3225194908,26.500000,-3.937500,19.312500,0.034912,0.083496,-1.018066
IMU,3225199911,26.375000,-1.562500,17.875000,0.031006,0.066406,-1.004150
IMU,3225203908,25.937500,-0.812500,15.562500,0.019531,0.050781,-1.012695
IMU,3225208910,27.062500,-2.000000,13.625000,0.014160,0.059814,-1.008545
IMU,3225212909,28.000000,-0.125000,10.062500,0.028564,0.093018,-1.001709
IMU,3225217910,24.437500,2.937500,4.625000,0.040771,0.118652,-0.999756
IMU,3225222908,21.375000,3.500000,2.125000,0.048584,0.123535,-1.013184
IMU,3225226911,13.875000,5.562500,0.625000,0.053955,0.130127,-1.035156
IMU,3225231908,8.250000,8.250000,-3.812500,0.052979,0.130615,-1.034912
IMU,3225235910,9.812500,4.562500,-6.750000,0.060791,0.132324,-1.017090
IMU,3225240909,7.250000,4.062500,-7.875000,0.070068,0.161133,-1.003906
IMU,3225244910,0.687500,5.937500,-7.687500,0.084229,0.181641,-1.004883
IMU,3225249908,-2.312500,6.500000,-8.125000,0.079834,0.175537,-1.012207
IMU,3225254911,-1.625000,7.000000,-7.500000,0.066895,0.157715,-1.031250
IMU,3225258908,-1.500000,4.000000,-9.937500,0.057617,0.153564,-1.022949
IMU,3225263910,-3.500000,2.875000,-10.125000,0.072021,0.186279,-1.010742
IMU,3225267909,-8.375000,4.625000,-11.750000,0.071045,0.181396,-1.011963
IMU,3225272910,-9.250000,6.687500,-12.062500,0.069824,0.192383,-1.009033
IMU,3225276908,-14.312500,9.000000,-14.250000,0.064697,0.195557,-1.013672
IMU,3225281911,-19.312500,8.687500,-15.125000,0.074707,0.202148,-1.019775
IMU,3225286908,-14.562500,9.500000,-13.875000,0.067383,0.187988,-1.024902
IMU,3225290910,-8.500000,11.375000,-10.375000,0.058350,0.190186,-1.041504
IMU,3225295909,-13.937500,12.125000,-7.625000,0.047607,0.186768,-1.017334
IMU,3225299910,-13.500000,14.625000,-6.750000,0.033203,0.198975,-1.046143
IMU,3225304908,-2.937500,14.375000,-6.437500,0.028076,0.162354,-1.034912
IMU,3225308911,-3.750000,13.562500,-6.000000,0.017822,0.143311,-1.029541
IMU,3225313908,-4.625000,12.500000,-5.000000,0.013916,0.142334,-1.024170
IMU,3225317910,0.500000,10.687500,-3.250000,0.024658,0.148682,-1.013916
IMU,3225322909,4.500000,9.687500,-0.750000,0.034180,0.148193,-1.011963
IMU,3225327910,7.000000,10.187500,-1.000000,0.029053,0.126221,-1.009277
IMU,3225331908,11.125000,9.000000,-1.625000,0.022705,0.100098,-1.010498
IMU,3225336911,16.062500,7.437500,-3.000000,0.014404,0.090576,-1.012207
IMU,3225340908,20.125000,6.437500,-4.437500,0.026855,0.094238,-1.011230
IMU,3225345910,23.875000,5.687500,-5.750000,0.044434,0.110596,-1.015381
IMU,3225349909,17.812500,11.125000,-7.312500,0.057129,0.123535,-1.022461
IMU,3225354910,9.625000,14.687500,-7.437500,0.060303,0.119629,-1.029297
IMU,3225359908,8.687500,14.062500,-3.562500,0.066895,0.119385,-1.020508
IMU,3225363911,8.250000,14.750000,-2.437500,0.068359,0.120117,-1.018799
IMU,3225368908,8.375000,14.625000,0.000000,0.068604,0.113281,-1.021729
IMU,3225372910,8.125000,14.812500,0.375000,0.062500,0.088379,-1.020752
IMU,3225377909,7.125000,12.125000,1.937500,0.064697,0.082031,-1.032715
IMU,3225381910,7.062500,8.687500,3.000000,0.067871,0.071289,-1.026123
IMU,3225386908,7.562500,7.125000,2.625000,0.063477,0.072510,-1.021484
IMU,3225390911,7.500000,7.250000,2.500000,0.061035,0.093506,-1.020264
IMU,3225395908,7.187500,7.437500,3.000000,0.062256,0.077148,-1.016113
IMU,3225400910,6.625000,9.250000,2.125000,0.060791,0.064697,-1.014160
IMU,3225404909,6.375000,10.500000,1.375000,0.057373,0.081543,-1.016602
IMU,3225409910,6.625000,10.000000,3.000000,0.062500,0.076172,-1.021240
IMU,3225413908,6.875000,7.812500,3.625000,0.059570,0.058594,-1.020508
IMU,3225418911,7.000000,6.562500,3.562500,0.055420,0.059082,-1.020752
IMU,3225422908,8.500000,6.625000,3.375000,0.056396,0.061035,-1.020752
IMU,3225427910,9.250000,5.000000,4.875000,0.053223,0.040771,-1.022217
IMU,3225432909,8.625000,4.625000,5.312500,0.040527,0.027832,-1.021973
IMU,3225436910,8.750000,4.562500,4.812500,0.033936,0.019043,-1.020264
IMU,3225441908,9.625000,4.375000,5.062500,0.029541,0.002930,-1.018555
IMU,3225445911,9.875000,4.625000,2.375000,0.015381,-0.006592,-1.018311
IMU,3225450908,9.250000,4.562500,-0.250000,0.010498,-0.021729,-1.018311
IMU,3225454910,9.687500,4.000000,0.125000,0.004883,-0.034912,-1.016602
IMU,3225459909,8.937500,4.062500,-1.500000,0.006592,-0.021973,-1.016357
IMU,3225464910,9.125000,5.062500,-4.625000,0.016113,0.008789,-1.017090
IMU,3225468908,9.312500,5.562500,-5.250000,0.044434,0.049561,-1.017578
IMU,3225473911,8.812500,4.750000,-0.875000,0.048340,0.049316,-1.017334
IMU,3225477908,9.187500,5.125000,1.375000,0.053955,0.062012,-1.015625
IMU,3225482910,9.062500,6.000000,0.312500,0.077148,0.120117,-1.018555
IMU,3225486909,7.812500,6.062500,-0.187500,0.098389,0.155518,-1.019531
IMU,3225491910,7.125000,5.187500,-0.625000,0.114502,0.169922,-1.021729
IMU,3225495908,7.375000,5.812500,-1.437500,0.112305,0.157227,-1.021240
IMU,3225500911,8.375000,6.125000,-1.687500,0.101562,0.130371,-1.020020
IMU,3225505908,9.187500,5.562500,-1.750000,0.097412,0.139893,-1.019531
IMU,3225509910,8.625000,5.125000,-1.250000,0.097412,0.164795,-1.020752
IMU,3225514909,8.500000,5.562500,-1.000000,0.091553,0.164307,-1.020020
IMU,3225518910,8.375000,5.000000,-1.937500,0.084473,0.151855,-1.022461
IMU,3225523908,8.437500,5.000000,-0.687500,0.077637,0.157471,-1.020996
IMU,3225527911,7.687500,4.562500,-1.125000,0.063477,0.143799,-1.018799
IMU,3225532908,8.250000,5.375000,-2.562500,0.050537,0.100098,-1.019775
IMU,3225537910,8.250000,5.562500,-4.000000,0.044434,0.083252,-1.019043
IMU,3225541909,7.750000,5.062500,-5.687500,0.048584,0.087158,-1.019043
IMU,3225546910,8.062500,5.062500,-5.937500,0.047119,0.080566,-1.020020
IMU,3225550908,9.000000,4.812500,-4.937500,0.057861,0.087646,-1.022461
IMU,3225555911,9.562500,5.250000,-5.375000,0.057373,0.083008,-1.021729
IMU,3225559908,8.687500,5.250000,-5.375000,0.054932,0.081787,-1.020752
IMU,3225564910,8.937500,4.250000,-5.500000,0.062500,0.085693,-1.020264
IMU,3225568909,9.687500,4.375000,-4.937500,0.068604,0.085693,-1.019043
IMU,3225573910,9.500000,4.687500,-4.312500,0.068848,0.085205,-1.018311
IMU,3225578908,9.062500,4.812500,-3.375000,0.068359,0.083984,-1.017578
IMU,3225582911,9.187500,4.812500,-2.312500,0.073486,0.086182,-1.018311
IMU,3225587908,9.750000,4.937500,-2.500000,0.074219,0.085205,-1.017822
IMU,3225591910,9.375000,4.875000,-1.937500,0.074951,0.086670,-1.017090
IMU,3225596909,10.062500,4.687500,-0.812500,0.071289,0.084473,-1.017090
IMU,3225600910,9.375000,4.687500,0.687500,0.067383,0.081299,-1.017334
IMU,3225605908,8.750000,4.125000,1.187500,0.064697,0.079346,-1.020264
IMU,3225610911,8.812500,4.250000,0.500000,0.062744,0.078857,-1.021240
IMU,3225614908,8.500000,4.000000,0.375000,0.063477,0.077881,-1.021484
IMU,3225619910,9.000000,4.437500,0.812500,0.068604,0.076172,-1.020508
IMU,3225623909,8.187500,4.562500,-1.687500,0.082275,0.070801,-1.019287
IMU,3225628910,7.875000,4.875000,-3.625000,0.061768,0.079102,-1.018066
IMU,3225632908,7.812500,4.687500,-1.687500,0.064453,0.078369,-1.018066
IMU,3225637911,8.187500,4.250000,-1.875000,0.065430,0.076172,-1.019775
IMU,3225641908,9.375000,4.625000,-1.125000,0.067871,0.076416,-1.018555
IMU,3225646910,9.375000,4.937500,0.000000,0.071289,0.075928,-1.019287
IMU,3225651909,8.500000,4.562500,0.812500,0.075439,0.075439,-1.019287
IMU,3225655910,7.625000,4.625000,1.250000,0.074707,0.076172,-1.019531
IMU,3225660908,8.562500,4.875000,1.437500,0.070068,0.075195,-1.018555
IMU,3225664911,8.437500,5.062500,-0.687500,0.083984,0.068848,-1.020264
IMU,3225669908,8.000000,4.625000,-3.312500,0.075439,0.072510,-1.020264
IMU,3225673910,8.312500,4.625000,-2.625000,0.063477,0.076904,-1.018799
IMU,3225678909,9.500000,4.875000,1.000000,0.068848,0.070068,-1.020508
IMU,3225683910,8.562500,4.562500,4.312500,0.071777,0.068115,-1.019531
IMU,3225687908,8.750000,4.437500,5.687500,0.055664,0.075684,-1.020508
IMU,3225692911,8.437500,3.937500,6.812500,0.059570,0.072021,-1.021729
IMU,3225696908,7.937500,3.875000,7.687500,0.047607,0.077881,-1.019775
IMU,3225701910,8.250000,4.125000,8.000000,0.048828,0.078613,-1.019043
IMU,3225705909,8.062500,4.250000,7.750000,0.051514,0.077637,-1.017334
IMU,3225710910,8.250000,4.437500,6.937500,0.043945,0.079834,-1.017578
IMU,3225715908,7.937500,4.312500,6.062500,0.045654,0.083252,-1.017334
IMU,3225719911,7.937500,4.687500,5.312500,0.041504,0.088867,-1.017334
IMU,3225724908,8.875000,5.125000,3.750000,0.044434,0.088867,-1.017822
IMU,3225728910,8.312500,5.062500,2.125000,0.053955,0.085205,-1.019531
IMU,3225733909,8.187500,4.750000,0.625000,0.059570,0.079346,-1.021240
IMU,3225737910,8.562500,4.500000,0.625000,0.061279,0.078857,-1.021240
IMU,3225742908,8.437500,4.062500,1.000000,0.062256,0.078125,-1.022217
IMU,3225746911,8.312500,3.750000,0.687500,0.062012,0.078857,-1.020752
IMU,3225751908,8.437500,4.562500,0.875000,0.063477,0.080566,-1.018555
IMU,3225756910,8.625000,4.812500,0.500000,0.063232,0.079590,-1.017578
IMU,3225760909,8.000000,4.750000,-0.125000,0.062256,0.078857,-1.017334
IMU,3225765910,7.250000,5.312500,-0.875000,0.061523,0.078857,-1.017578
IMU,3225769908,7.875000,4.750000,0.000000,0.062256,0.079590,-1.017090
IMU,3225774911,8.375000,4.937500,0.687500,0.061035,0.080078,-1.017334
IMU,3225778908,8.250000,4.312500,0.875000,0.062012,0.079590,-1.019287
IMU,3225783910,8.437500,4.187500,0.187500,0.061279,0.078613,-1.019775
IMU,3225788909,7.375000,4.812500,-0.687500,0.059082,0.080811,-1.018799
IMU,3225792910,7.562500,4.437500,0.937500,0.050781,0.085938,-1.018066
IMU,3225797908,7.562500,4.437500,2.687500,0.057617,0.081055,-1.017578
IMU,3225801911,7.750000,4.375000,2.375000,0.063721,0.076172,-1.018311
IMU,3225806908,7.125000,4.375000,2.562500,0.055664,0.079102,-1.018066
IMU,3225810910,8.187500,3.937500,3.187500,0.053955,0.079590,-1.017090
IMU,3225815909,8.000000,4.437500,4.687500,0.054688,0.079834,-1.016113
IMU,3225819910,8.062500,4.562500,5.437500,0.061768,0.076904,-1.018311
IMU,3225824908,8.000000,4.812500,4.500000,0.062500,0.074951,-1.019775
IMU,3225829911,7.500000,5.000000,4.625000,0.060303,0.075928,-1.019043
IMU,3225833908,6.875000,4.375000,4.125000,0.061279,0.077148,-1.018799
IMU,3225838910,7.312500,4.687500,2.812500,0.064941,0.076660,-1.020020
IMU,3225842909,8.312500,4.812500,1.687500,0.062012,0.077637,-1.020264
IMU,3225847910,8.375000,4.812500,1.250000,0.066162,0.077148,-1.019775
IMU,3225851908,8.375000,4.937500,0.187500,0.065430,0.076660,-1.019531
IMU,3225856911,8.000000,4.625000,-0.250000,0.070557,0.077637,-1.018311
IMU,3225861908,7.937500,4.062500,-0.375000,0.069580,0.077637,-1.017822
IMU,3225865910,7.812500,4.500000,0.062500,0.067383,0.077148,-1.019287
IMU,3225870909,8.875000,4.312500,-0.562500,0.066162,0.076660,-1.019531
IMU,3225874910,7.937500,4.375000,0.500000,0.066650,0.077637,-1.019043
IMU,3225879908,8.187500,5.000000,0.687500,0.067627,0.076660,-1.020264
IMU,3225883911,8.375000,4.500000,0.750000,0.066162,0.076660,-1.021973
IMU,3225888908,9.062500,4.250000,0.500000,0.064941,0.076904,-1.020020
IMU,3225893910,8.062500,4.187500,0.562500,0.062988,0.076416,-1.018799
IMU,3225897909,8.187500,3.750000,0.437500,0.062256,0.077148,-1.019531
IMU,3225902910,9.187500,4.437500,0.937500,0.062256,0.076416,-1.018066
IMU,3225906908,9.312500,4.562500,-0.250000,0.061523,0.074707,-1.017578
IMU,3225911911,8.500000,4.687500,-1.187500,0.062744,0.076172,-1.018066
IMU,3225915908,8.062500,4.500000,-1.000000,0.062256,0.077637,-1.019043
IMU,3225920910,7.750000,4.250000,0.187500,0.061768,0.077881,-1.020264
IMU,3225924909,7.875000,4.125000,-0.187500,0.062500,0.077148,-1.019043
IMU,3225929910,8.875000,3.750000,0.437500,0.062012,0.077637,-1.019775
IMU,3225934908,8.875000,4.500000,0.375000,0.062744,0.078369,-1.020020
IMU,3225938911,7.937500,4.562500,-0.187500,0.061768,0.077393,-1.019531
IMU,3225943908,7.812500,4.000000,0.000000,0.062744,0.076904,-1.019287
IMU,3225947910,8.062500,4.375000,0.187500,0.061768,0.077393,-1.019775
IMU,3225952909,8.750000,4.625000,0.000000,0.062012,0.077393,-1.018555
IMU,3225956910,8.625000,4.250000,-0.437500,0.062012,0.077148,-1.019043
IMU,3225961908,8.750000,4.000000,-0.250000,0.062012,0.078125,-1.018311
IMU,3225966911,8.250000,4.375000,0.000000,0.062012,0.078369,-1.018066
IMU,3225970908,7.562500,4.750000,-0.187500,0.061279,0.078125,-1.019287
IMU,3225975910,6.875000,4.875000,0.812500,0.061768,0.078857,-1.019287
IMU,3225979909,7.875000,4.125000,1.250000,0.061035,0.078369,-1.018555
IMU,3225984910,8.750000,4.000000,-0.437500,0.061768,0.077881,-1.019531
IMU,3225988908,8.062500,4.750000,-0.187500,0.061768,0.078613,-1.019043
IMU,3225993911,8.250000,4.562500,0.875000,0.061768,0.078369,-1.019043
IMU,3225997908,9.500000,5.187500,1.000000,0.063232,0.076416,-1.018555
IMU,3226002910,8.875000,5.062500,0.375000,0.063477,0.078857,-1.019531
IMU,3226007909,8.187500,4.375000,0.625000,0.063232,0.078125,-1.020508
IMU,3226011910,8.812500,4.250000,1.125000,0.063232,0.077393,-1.018799
IMU,3226016908,9.312500,4.125000,0.437500,0.063965,0.077881,-1.019043
IMU,3226020911,9.125000,4.312500,1.000000,0.063232,0.079834,-1.018799
IMU,3226025908,8.500000,4.625000,0.250000,0.062744,0.079590,-1.018799
IMU,3226029910,8.000000,4.687500,0.500000,0.063477,0.078369,-1.020752
IMU,3226034909,7.937500,4.500000,0.125000,0.063477,0.077637,-1.020020
IMU,3226039910,8.437500,4.312500,0.500000,0.062500,0.078125,-1.018311
IMU,3226043908,8.750000,3.687500,-0.125000,0.062500,0.077393,-1.018555
IMU,3226048911,9.562500,3.437500,0.187500,0.062500,0.076172,-1.017334
IMU,3226052908,9.375000,3.875000,0.437500,0.063232,0.077637,-1.018066
IMU,3226057910,8.562500,4.562500,0.812500,0.061523,0.077393,-1.017822
IMU,3226061909,8.750000,4.250000,0.750000,0.062256,0.078125,-1.018799
IMU,3226066910,8.750000,4.687500,0.187500,0.062988,0.077637,-1.020264
IMU,3226071908,8.312500,4.812500,0.062500,0.062744,0.078125,-1.020508
IMU,3226075911,7.875000,4.125000,-0.062500,0.062256,0.078369,-1.020264
IMU,3226080908,8.375000,4.125000,0.562500,0.060547,0.076416,-1.019287
IMU,3226084910,8.687500,4.437500,1.187500,0.060547,0.076416,-1.019775
IMU,3226089909,9.062500,4.250000,0.687500,0.061279,0.076904,-1.019531
IMU,3226093910,9.125000,4.250000,0.625000,0.061523,0.076172,-1.018555
IMU,3226098908,9.437500,4.437500,0.250000,0.060791,0.077881,-1.018311
IMU,3226102911,9.125000,4.437500,-0.812500,0.062256,0.076904,-1.019043
IMU,3226107908,9.375000,4.312500,-0.875000,0.062012,0.076172,-1.019775
IMU,3226112910,9.250000,4.125000,0.625000,0.061768,0.076660,-1.019043
IMU,3226116909,8.937500,4.062500,1.125000,0.062012,0.077637,-1.019531
IMU,3226121910,9.125000,4.312500,0.000000,0.062500,0.077881,-1.018555
IMU,3226125908,8.875000,4.312500,-0.375000,0.061523,0.076416,-1.018066
IMU,3226130911,7.750000,5.187500,-0.187500,0.062012,0.076172,-1.018799
IMU,3226134908,8.625000,4.750000,-0.500000,0.061523,0.076904,-1.019775
IMU,3226139910,9.375000,4.500000,-1.125000,0.061523,0.075684,-1.020020
IMU,3226144909,9.125000,4.625000,-1.500000,0.061279,0.075928,-1.020264
IMU,3226148910,8.625000,4.812500,-1.187500,0.061768,0.075684,-1.020752
IMU,3226153908,8.562500,4.875000,-1.875000,0.059814,0.072510,-1.019775
IMU,3226157911,8.562500,5.312500,-2.500000,0.060547,0.071777,-1.019287
IMU,3226162908,8.000000,4.437500,-3.750000,0.061279,0.074951,-1.018799
IMU,3226166910,8.187500,4.500000,-2.875000,0.062988,0.077148,-1.019531
IMU,3226171909,8.875000,4.187500,-2.750000,0.064453,0.077637,-1.019775
IMU,3226175910,8.812500,4.687500,-1.500000,0.063232,0.078125,-1.019531
IMU,3226180908,8.500000,4.312500,-1.437500,0.062012,0.079102,-1.020264
IMU,3226185911,8.812500,4.000000,-1.500000,0.062500,0.081055,-1.020020
IMU,3226189908,9.250000,4.125000,-0.937500,0.063232,0.081299,-1.018799
IMU,3226194910,8.250000,4.750000,-0.125000,0.062500,0.080811,-1.020020
IMU,3226198909,7.500000,4.687500,-0.687500,0.062500,0.079834,-1.019043
IMU,3226203910,8.187500,3.812500,0.437500,0.061768,0.079102,-1.019043
IMU,3226207908,8.687500,4.125000,0.500000,0.062256,0.078613,-1.018799
IMU,3226212911,8.875000,4.187500,0.437500,0.062988,0.078857,-1.020264
IMU,3226217908,9.125000,4.250000,0.562500,0.061768,0.078857,-1.019531
IMU,3226221910,8.875000,4.750000,0.562500,0.061768,0.078857,-1.018555
IMU,3226226909,8.812500,4.437500,1.500000,0.063477,0.078125,-1.018555
IMU,3226230910,8.875000,4.250000,0.500000,0.063232,0.077148,-1.019775
IMU,3226235908,9.312500,4.375000,-0.562500,0.063232,0.077393,-1.019287
IMU,3226239911,8.937500,3.937500,0.187500,0.062256,0.077881,-1.019531
IMU,3226244908,8.750000,4.062500,0.375000,0.062500,0.078369,-1.017334
IMU,3226248910,8.250000,4.625000,-0.437500,0.061523,0.078857,-1.016846
IMU,3226253909,8.812500,4.625000,0.375000,0.061035,0.079102,-1.016846
IMU,3226258910,8.875000,4.187500,0.187500,0.062012,0.078857,-1.019043
IMU,3226262908,7.000000,4.437500,0.437500,0.062012,0.077148,-1.017578
IMU,3226267911,7.312500,4.125000,-0.062500,0.061768,0.075928,-1.017578
IMU,3226271908,8.500000,3.875000,-0.437500,0.062500,0.075928,-1.019287
IMU,3226276910,8.750000,4.375000,-1.062500,0.062500,0.076660,-1.020508
IMU,3226280909,8.437500,3.687500,-0.250000,0.062500,0.077881,-1.019775
IMU,3226285910,8.437500,4.562500,0.125000,0.062012,0.077637,-1.018311
IMU,3226290908,8.125000,4.187500,-0.812500,0.061523,0.076172,-1.018311
IMU,3226294911,8.687500,3.937500,-0.437500,0.061523,0.075684,-1.018799
IMU,3226299908,8.562500,3.875000,-0.687500,0.061279,0.079102,-1.017822
IMU,3226303910,7.750000,4.375000,-0.500000,0.062256,0.080078,-1.018799
IMU,3226308909,8.000000,4.875000,-0.562500,0.062012,0.079834,-1.020020
IMU,3226312910,8.750000,3.812500,-1.625000,0.062256,0.079102,-1.020264
IMU,3226317908,8.875000,4.000000,-0.125000,0.062256,0.078125,-1.020508
IMU,3226322911,8.312500,3.937500,0.250000,0.061035,0.078613,-1.020508
IMU,3226326908,8.375000,4.625000,-0.250000,0.061279,0.078613,-1.020020
IMU,3226331910,9.062500,5.062500,-0.562500,0.062500,0.075684,-1.018799
IMU,3226335909,8.562500,4.562500,-0.062500,0.062744,0.077393,-1.018311
IMU,3226340910,8.750000,4.687500,0.062500,0.062988,0.077393,-1.018311
IMU,3226344908,9.187500,4.562500,0.250000,0.062500,0.077881,-1.019531
IMU,3226349911,8.875000,4.562500,0.125000,0.062256,0.078125,-1.019531
IMU,3226353908,8.625000,4.437500,0.062500,0.063477,0.077881,-1.020264
IMU,3226358910,7.687500,4.187500,0.187500,0.063477,0.078125,-1.020996
IMU,3226363909,8.500000,4.125000,0.187500,0.063477,0.077637,-1.021973
IMU,3226367910,8.875000,3.562500,-0.812500,0.063477,0.078125,-1.019775
IMU,3226372908,8.625000,4.187500,-0.312500,0.063232,0.078125,-1.018555
IMU,3226376911,8.250000,4.000000,1.062500,0.062256,0.077148,-1.018799
IMU,3226381908,9.062500,3.750000,0.750000,0.060791,0.077148,-1.018799
IMU,3226385910,8.437500,3.812500,1.000000,0.061768,0.076660,-1.018066
IMU,3226390909,7.562500,3.625000,0.812500,0.063232,0.077148,-1.018311
IMU,3226395910,8.625000,3.812500,0.437500,0.062256,0.077637,-1.019775
IMU,3226399908,8.437500,4.500000,-0.187500,0.060303,0.077637,-1.020020
IMU,3226404911,8.187500,3.562500,0.000000,0.061279,0.076660,-1.020020
IMU,3226408908,8.187500,3.562500,0.625000,0.062012,0.076904,-1.019043
IMU,3226413910,8.375000,3.812500,-0.125000,0.062012,0.078125,-1.019043
IMU,3226417909,8.625000,4.125000,-0.375000,0.061279,0.076172,-1.019531
IMU,3226422910,8.250000,3.500000,-0.187500,0.061035,0.076416,-1.019043
IMU,3226426908,8.937500,3.500000,-0.375000,0.061523,0.077148,-1.020020
IMU,3226431911,9.125000,3.937500,-0.375000,0.061768,0.078857,-1.020264
IMU,3226436908,8.625000,4.437500,0.250000,0.061768,0.079590,-1.020752
IMU,3226440910,8.125000,4.937500,0.000000,0.062256,0.078857,-1.020752
IMU,3226445909,8.687500,4.500000,-0.187500,0.062500,0.078125,-1.021973
IMU,3226449910,8.562500,4.312500,0.062500,0.062744,0.077881,-1.020264
IMU,3226454908,8.312500,3.812500,0.000000,0.061523,0.078369,-1.019531
IMU,3226458911,7.937500,3.937500,0.062500,0.062012,0.079102,-1.018066
IMU,3226463908,7.937500,4.000000,0.000000,0.061768,0.078613,-1.019287
IMU,3226468910,7.937500,4.062500,-0.250000,0.062256,0.078369,-1.019043
IMU,3226472909,8.437500,4.000000,0.312500,0.062988,0.078369,-1.017578
IMU,3226477910,7.875000,3.937500,0.687500,0.063477,0.078369,-1.018799
IMU,3226481908,8.062500,3.812500,0.625000,0.063477,0.079590,-1.020020
IMU,3226486911,8.187500,4.125000,0.375000,0.063721,0.078369,-1.020020
IMU,3226490908,8.250000,4.000000,0.375000,0.061768,0.077637,-1.020508
IMU,3226495910,8.687500,4.437500,-0.062500,0.061768,0.077881,-1.019287
IMU,3226500909,8.312500,4.000000,0.125000,0.062256,0.078369,-1.024658
IMU,3226504910,7.812500,3.687500,0.812500,0.063232,0.077637,-1.018066
IMU,3226509908,7.312500,4.125000,0.125000,0.063232,0.077881,-1.012695
IMU,3226513911,8.125000,3.437500,0.562500,0.063721,0.078125,-1.013184
IMU,3226518908,8.000000,3.625000,0.000000,0.062012,0.077637,-1.011963
IMU,3226522910,7.562500,4.500000,-0.437500,0.061523,0.078125,-1.018555
IMU,3226527909,6.812500,4.250000,-0.687500,0.062256,0.078613,-1.020020
IMU,3226531910,7.312500,4.187500,-0.187500,0.062256,0.076904,-1.026367
IMU,3226536908,8.000000,4.312500,0.000000,0.062012,0.076904,-1.023193
IMU,3226541911,8.000000,4.125000,0.812500,0.060791,0.078857,-1.020752
IMU,3226545908,7.562500,3.812500,0.312500,0.061523,0.078125,-1.020996
IMU,3226550910,7.625000,3.625000,-0.312500,0.061279,0.078125,-1.015625
IMU,3226554909,7.937500,4.187500,-0.187500,0.061523,0.076172,-1.015381
IMU,3226559910,7.937500,4.312500,0.187500,0.062988,0.075195,-1.016357
IMU,3226563908,7.687500,4.812500,0.687500,0.063477,0.076660,-1.018555
IMU,3226568911,6.687500,4.562500,0.062500,0.063965,0.078369,-1.022217
IMU,3226573908,7.625000,4.437500,0.625000,0.062744,0.076660,-1.022949
IMU,3226577910,7.937500,4.187500,0.750000,0.062012,0.076904,-1.022949
IMU,3226582909,8.437500,4.062500,0.875000,0.062012,0.077393,-1.021484
IMU,3226586910,8.500000,5.250000,0.125000,0.062744,0.076416,-1.019775
IMU,3226591908,7.687500,4.750000,-0.812500,0.061768,0.076660,-1.018066
IMU,3226595911,7.625000,4.625000,-0.437500,0.062744,0.077637,-1.017334
IMU,3226600908,7.687500,3.937500,0.437500,0.062988,0.078125,-1.016846
IMU,3226604910,8.750000,4.000000,1.000000,0.062012,0.077637,-1.016357
IMU,3226609909,9.000000,4.437500,0.562500,0.061279,0.077881,-1.019531
IMU,3226614910,8.437500,4.125000,0.500000,0.060303,0.075928,-1.022461
IMU,3226618908,7.625000,3.625000,0.062500,0.061279,0.075928,-1.023926
IMU,3226623911,7.625000,3.687500,-0.187500,0.063232,0.077393,-1.023438
IMU,3226627908,7.750000,3.750000,0.062500,0.063477,0.077637,-1.021484
IMU,3226632910,7.500000,4.312500,-0.125000,0.063965,0.076904,-1.018311
IMU,3226636909,7.062500,4.750000,0.875000,0.061768,0.076416,-1.017334
IMU,3226641910,7.312500,4.437500,0.687500,0.062256,0.078125,-1.016357
IMU,3226646908,7.562500,3.687500,0.187500,0.063477,0.077393,-1.018066
IMU,3226650911,7.500000,4.250000,0.062500,0.062012,0.076904,-1.019775
IMU,3226655908,8.062500,4.375000,-0.250000,0.062012,0.077637,-1.020508
IMU,3226659910,7.812500,4.687500,0.562500,0.062500,0.076416,-1.021484
IMU,3226664909,8.062500,4.812500,0.812500,0.062012,0.077637,-1.022461
IMU,3226668910,8.062500,4.625000,0.875000,0.062256,0.077393,-1.020752
IMU,3226673908,8.437500,3.562500,0.625000,0.061768,0.077393,-1.018311
IMU,3226677911,9.062500,4.125000,0.125000,0.061768,0.076660,-1.018066
IMU,3226682908,8.187500,4.062500,-0.375000,0.062012,0.076904,-1.016357
CFG,gyro_range_dps=2048,accel_range_g=8,odr_hz=250
IMU,3226687910,7.875000,3.937500,-0.250000,0.062500,0.079590,-1.017578
IMU,3226691909,7.500000,3.687500,-0.250000,0.062256,0.079590,-1.018311
IMU,3226696910,7.937500,3.875000,-0.375000,0.062012,0.078125,-1.019043
IMU,3226700908,7.500000,3.687500,1.000000,0.062500,0.077637,-1.020264
IMU,3226705911,7.875000,4.625000,1.000000,0.062256,0.079346,-1.020996
IMU,3226709908,8.000000,4.937500,1.062500,0.061523,0.078613,-1.020752
IMU,3226714910,7.312500,4.250000,0.437500,0.062744,0.077637,-1.020752
IMU,3226719909,7.625000,3.687500,0.812500,0.062500,0.078125,-1.020752
IMU,3226723910,8.000000,4.562500,1.500000,0.062744,0.078125,-1.020264
IMU,3226728908,7.937500,3.875000,0.687500,0.061768,0.077393,-1.019043
IMU,3226732911,8.250000,3.375000,0.937500,0.062988,0.078857,-1.018555
IMU,3226737908,8.312500,4.125000,-0.187500,0.061035,0.077393,-1.019287
IMU,3226741910,7.875000,4.875000,-0.312500,0.061768,0.077148,-1.020752
IMU,3226746909,7.062500,4.312500,0.250000,0.061279,0.079102,-1.019043
IMU,3226751910,7.500000,3.312500,0.812500,0.061523,0.078613,-1.018799
IMU,3226755908,7.625000,3.312500,0.500000,0.061523,0.077393,-1.018555
IMU,3226760911,7.187500,3.937500,-0.437500,0.062744,0.077637,-1.019775
IMU,3226764908,7.500000,4.125000,-0.062500,0.062744,0.079102,-1.020996
IMU,3226769910,7.625000,4.062500,0.000000,0.062256,0.078369,-1.019775
IMU,3226773909,8.062500,3.937500,0.000000,0.062012,0.076904,-1.018799
IMU,3226778910,8.062500,3.625000,-0.875000,0.062012,0.076172,-1.017822
IMU,3226782908,7.250000,3.375000,0.187500,0.061035,0.076172,-1.019287
IMU,3226787911,7.437500,3.562500,1.000000,0.062256,0.076172,-1.019531
IMU,3226792908,8.062500,4.562500,0.625000,0.062988,0.076416,-1.018799
IMU,3226796910,8.437500,4.250000,0.062500,0.062012,0.076660,-1.018799
IMU,3226801909,8.750000,3.812500,-0.375000,0.061768,0.077637,-1.020508
IMU,3226805910,7.812500,3.875000,-0.812500,0.062256,0.078125,-1.020508
IMU,3226810908,7.687500,4.000000,-0.187500,0.063477,0.077881,-1.018311
IMU,3226814911,7.687500,3.937500,0.312500,0.062500,0.077393,-1.017578
IMU,3226819908,8.062500,3.875000,0.437500,0.062744,0.077637,-1.019043
IMU,3226824910,7.750000,3.937500,1.062500,0.061279,0.077148,-1.019531
IMU,3226828909,7.312500,4.062500,0.750000,0.062500,0.077148,-1.019043
IMU,3226833910,6.812500,5.187500,0.875000,0.062256,0.077637,-1.019043
IMU,3226837908,7.625000,4.250000,0.250000,0.062012,0.077393,-1.019531
IMU,3226842911,7.562500,4.250000,0.562500,0.062744,0.076904,-1.018555
IMU,3226846908,8.125000,3.937500,1.062500,0.062500,0.076904,-1.019043
IMU,3226851910,7.750000,3.125000,1.125000,0.062012,0.076416,-1.018555
IMU,3226855909,7.812500,3.312500,0.500000,0.062500,0.076416,-1.019531
IMU,3226860910,8.562500,4.125000,0.812500,0.062256,0.076904,-1.019287
IMU,3226865908,8.250000,4.437500,0.875000,0.062500,0.076660,-1.018799
IMU,3226869911,7.562500,4.250000,0.687500,0.062012,0.076660,-1.018311
IMU,3226874908,8.062500,4.000000,0.312500,0.061523,0.076660,-1.018555
IMU,3226878910,8.187500,3.937500,0.187500,0.061523,0.076904,-1.019287
IMU,3226883909,7.937500,4.062500,0.000000,0.062012,0.077148,-1.018799
IMU,3226887910,7.687500,3.687500,0.562500,0.062012,0.077637,-1.021484
IMU,3226892908,8.062500,4.000000,0.562500,0.061523,0.077148,-1.021729
IMU,3226897911,7.812500,4.187500,0.250000,0.062500,0.077637,-1.020508
IMU,3226901908,7.250000,4.000000,-0.062500,0.062012,0.077393,-1.020264
IMU,3226906910,7.812500,4.062500,-0.062500,0.061768,0.076172,-1.018555
IMU,3226910909,8.562500,4.125000,-0.625000,0.062256,0.077393,-1.016846
IMU,3226915910,7.812500,4.000000,-0.125000,0.062988,0.079590,-1.017090
IMU,3226919908,7.812500,4.562500,0.375000,0.062256,0.077881,-1.017822
IMU,3226924911,8.187500,4.250000,0.375000,0.062012,0.078369,-1.017822
IMU,3226929908,8.000000,5.062500,0.812500,0.063477,0.078857,-1.019043
IMU,3226933910,8.625000,4.500000,0.875000,0.062500,0.078125,-1.021973
IMU,3226938909,7.937500,4.750000,1.375000,0.062256,0.078613,-1.020752
IMU,3226942910,7.500000,4.250000,1.000000,0.062988,0.078125,-1.018311
IMU,3226947908,7.125000,3.000000,0.125000,0.062012,0.077393,-1.018066
IMU,3226951911,7.750000,4.187500,0.750000,0.060791,0.077637,-1.017822
IMU,3226956908,8.000000,4.937500,0.625000,0.062012,0.077393,-1.018555
IMU,3226960910,8.437500,4.562500,0.562500,0.061279,0.076904,-1.018066
IMU,3226965909,7.750000,4.750000,0.687500,0.060791,0.078125,-1.018066
IMU,3226970910,7.812500,4.750000,0.625000,0.063477,0.078857,-1.018799
IMU,3226974908,7.937500,3.812500,0.250000,0.062988,0.077393,-1.019043
IMU,3226979911,8.187500,4.187500,-0.187500,0.062988,0.077148,-1.020264
IMU,3226983908,8.000000,4.187500,0.187500,0.061279,0.077637,-1.019043
IMU,3226988910,7.312500,4.000000,0.500000,0.062500,0.076904,-1.019775
IMU,3226992909,8.687500,4.187500,0.750000,0.063965,0.076416,-1.020264
IMU,3226997910,8.312500,4.625000,0.437500,0.062500,0.076904,-1.018799
IMU,3227002908,8.000000,4.937500,-0.187500,0.062256,0.078125,-1.016602
IMU,3227006911,7.125000,4.500000,-0.437500,0.062012,0.078125,-1.017090
IMU,3227011908,7.187500,4.125000,-0.625000,0.062256,0.079102,-1.018799
IMU,3227015910,7.125000,4.500000,-0.437500,0.061279,0.078125,-1.019531
IMU,3227020909,7.812500,4.312500,0.687500,0.062256,0.077148,-1.018799
IMU,3227024910,8.500000,4.187500,0.875000,0.062012,0.076416,-1.018799
IMU,3227029908,7.375000,3.562500,0.812500,0.062012,0.077148,-1.017578
IMU,3227033911,7.750000,3.437500,0.062500,0.062012,0.077148,-1.017578
IMU,3227038908,7.562500,4.000000,-0.250000,0.062256,0.076660,-1.019287
IMU,3227043910,8.000000,4.312500,0.062500,0.061523,0.078369,-1.019775
IMU,3227047909,7.750000,4.562500,0.125000,0.061523,0.078125,-1.020508
IMU,3227052910,7.625000,4.125000,0.500000,0.062256,0.077393,-1.023193
IMU,3227056908,7.437500,4.500000,0.187500,0.061279,0.077637,-1.021729
IMU,3227061911,7.687500,4.437500,-0.625000,0.061523,0.077637,-1.020508
IMU,3227065908,8.562500,4.000000,-0.062500,0.062012,0.077148,-1.018799
IMU,3227070910,8.125000,4.187500,0.312500,0.063232,0.078125,-1.017578
IMU,3227075909,8.437500,3.687500,0.500000,0.063232,0.079102,-1.018066
IMU,3227079910,7.625000,3.750000,0.875000,0.062988,0.077393,-1.019043
IMU,3227084908,8.500000,4.500000,0.500000,0.062500,0.077881,-1.018311
IMU,3227088911,8.562500,4.375000,0.250000,0.060791,0.078857,-1.019531
IMU,3227093908,7.750000,4.500000,0.437500,0.061279,0.078613,-1.019043
IMU,3227097910,7.500000,4.687500,-0.562500,0.060791,0.078613,-1.019287
IMU,3227102909,7.125000,4.000000,-0.250000,0.061279,0.077393,-1.019531
IMU,3227107910,7.687500,3.812500,-0.375000,0.061768,0.077637,-1.020020
IMU,3227111908,9.312500,4.062500,-0.312500,0.062256,0.077881,-1.018799
IMU,3227116911,8.250000,4.437500,-0.187500,0.062500,0.078369,-1.017578
IMU,3227120908,7.250000,3.375000,0.187500,0.063965,0.078613,-1.018066
IMU,3227125910,7.812500,3.500000,0.125000,0.062500,0.079590,-1.017822
IMU,3227129909,8.062500,4.562500,-0.500000,0.063721,0.079834,-1.017822
IMU,3227134910,7.562500,4.250000,0.187500,0.062744,0.078369,-1.019287
IMU,3227138908,7.562500,4.062500,1.062500,0.062012,0.077881,-1.019531
IMU,3227143911,7.500000,4.312500,0.000000,0.062500,0.078857,-1.019043
IMU,3227148908,7.625000,4.625000,-0.500000,0.062744,0.077637,-1.018799
IMU,3227152910,7.750000,4.500000,-0.437500,0.062744,0.079590,-1.017334
IMU,3227157909,7.875000,4.750000,0.312500,0.062988,0.079834,-1.017822
IMU,3227161910,8.375000,4.500000,0.000000,0.062988,0.078613,-1.018311
IMU,3227166908,7.687500,3.625000,-0.312500,0.062012,0.078369,-1.018311
IMU,3227170911,7.750000,4.250000,0.375000,0.062256,0.077637,-1.019287
IMU,3227175908,7.375000,4.312500,-0.375000,0.061035,0.077881,-1.019287
IMU,3227180910,7.062500,5.000000,-0.125000,0.062256,0.077637,-1.020996
IMU,3227184909,8.187500,4.687500,0.687500,0.062988,0.076416,-1.021240
IMU,3227189910,7.625000,4.312500,1.000000,0.062744,0.076904,-1.019287
IMU,3227193908,7.312500,4.062500,1.375000,0.061768,0.077148,-1.018799
IMU,3227198911,8.000000,4.625000,0.625000,0.062500,0.075195,-1.019043
IMU,3227202908,8.250000,4.500000,1.062500,0.062500,0.076416,-1.019043
IMU,3227207910,8.375000,4.187500,1.312500,0.063232,0.076172,-1.020752
IMU,3227211909,7.875000,4.500000,1.125000,0.063232,0.076904,-1.020996
IMU,3227216910,7.937500,4.437500,1.250000,0.061768,0.075684,-1.020508
IMU,3227221908,7.875000,4.437500,0.250000,0.062012,0.075928,-1.020508
IMU,3227225911,6.750000,3.875000,-0.250000,0.061523,0.076660,-1.020752
IMU,3227230908,6.937500,3.125000,0.312500,0.061279,0.076660,-1.019775
IMU,3227234910,7.687500,3.250000,0.187500,0.061279,0.075928,-1.018799
IMU,3227239909,7.750000,3.750000,0.750000,0.061035,0.075928,-1.019287
IMU,3227243910,8.312500,4.250000,0.500000,0.061768,0.076172,-1.017334
IMU,3227248908,6.937500,4.562500,-0.062500,0.062012,0.075439,-1.017822
IMU,3227253911,7.000000,4.375000,0.500000,0.061523,0.075195,-1.019287
IMU,3227257908,7.500000,3.687500,0.125000,0.061523,0.076416,-1.018799
IMU,3227262910,7.875000,3.250000,-0.250000,0.062500,0.076416,-1.018555
IMU,3227266909,8.000000,3.625000,-0.125000,0.061279,0.076660,-1.017822
IMU,3227271910,7.750000,4.125000,0.250000,0.062988,0.077148,-1.019287
IMU,3227275908,7.687500,4.375000,0.375000,0.063232,0.076416,-1.021484
IMU,3227280911,8.375000,5.125000,0.500000,0.062256,0.076172,-1.020264
IMU,3227284908,8.062500,4.187500,0.750000,0.062256,0.077393,-1.018555
IMU,3227289910,7.125000,3.687500,0.937500,0.062500,0.077148,-1.018799
IMU,3227294909,7.312500,3.625000,0.312500,0.063477,0.078369,-1.018555
IMU,3227298910,6.937500,4.125000,-0.500000,0.063232,0.079346,-1.018555
IMU,3227303908,7.312500,4.500000,0.062500,0.064209,0.077881,-1.020752
IMU,3227307911,7.437500,3.812500,0.875000,0.063965,0.078125,-1.019775
IMU,3227312908,7.562500,4.312500,0.062500,0.063721,0.078613,-1.018311
IMU,3227316910,8.125000,4.125000,-0.125000,0.062256,0.080078,-1.019775
IMU,3227321909,8.000000,4.250000,-0.250000,0.061768,0.080566,-1.020264
IMU,3227326910,8.625000,4.437500,0.437500,0.062256,0.079834,-1.019043
IMU,3227330908,8.312500,4.437500,1.125000,0.060791,0.079102,-1.018311
IMU,3227335911,7.375000,4.625000,0.750000,0.061279,0.079346,-1.018066
IMU,3227339908,6.937500,4.250000,1.187500,0.062012,0.079590,-1.017090
IMU,3227344910,6.937500,3.750000,-0.375000,0.061523,0.079590,-1.017334
IMU,3227348909,7.500000,3.687500,0.062500,0.062012,0.079590,-1.016846
IMU,3227353910,7.750000,3.625000,1.625000,0.062012,0.079102,-1.018066
IMU,3227358908,7.812500,4.562500,1.187500,0.061279,0.078613,-1.018311
IMU,3227362911,7.937500,4.437500,1.062500,0.062500,0.079102,-1.019531
IMU,3227367908,8.375000,4.250000,1.125000,0.062988,0.077148,-1.017578
IMU,3227371910,8.312500,3.937500,0.875000,0.062012,0.077393,-1.017578
IMU,3227376909,7.937500,3.812500,1.125000,0.061768,0.077637,-1.018555
IMU,3227380910,7.812500,4.000000,0.875000,0.062256,0.076660,-1.020752
IMU,3227385908,8.062500,3.437500,0.687500,0.063232,0.077148,-1.021240
IMU,3227389911,7.875000,3.687500,0.000000,0.064209,0.076172,-1.021729
IMU,3227394908,7.375000,3.812500,0.125000,0.062744,0.075928,-1.020752
IMU,3227399910,6.750000,3.812500,0.000000,0.062500,0.075928,-1.020264
IMU,3227403909,8.437500,4.062500,0.687500,0.063232,0.075684,-1.020020
IMU,3227408910,8.250000,4.125000,0.687500,0.062988,0.075195,-1.020020
IMU,3227412908,7.000000,4.500000,0.187500,0.063721,0.075684,-1.019775
IMU,3227417911,7.000000,4.875000,-0.750000,0.062500,0.075195,-1.018311
IMU,3227421908,7.875000,4.375000,-0.562500,0.063232,0.075928,-1.017578
IMU,3227426910,7.312500,3.875000,-0.125000,0.061768,0.075439,-1.018799
IMU,3227431909,7.500000,3.562500,-0.187500,0.061768,0.074707,-1.020020
IMU,3227435910,8.250000,4.625000,-0.062500,0.063232,0.074951,-1.020996
IMU,3227440908,7.750000,4.062500,0.187500,0.061768,0.075439,-1.020996
IMU,3227444911,7.812500,3.562500,-0.312500,0.062988,0.075195,-1.019287
IMU,3227449908,6.750000,4.125000,-0.750000,0.062012,0.075439,-1.018555
IMU,3227453910,7.062500,4.250000,-0.500000,0.060791,0.074951,-1.019287
IMU,3227458909,7.375000,3.500000,-0.750000,0.058838,0.074951,-1.019775
IMU,3227462910,7.875000,3.437500,-0.250000,0.058838,0.076904,-1.020020
IMU,3227467908,8.750000,3.562500,-0.500000,0.062256,0.077393,-1.019287
IMU,3227472911,7.500000,4.750000,0.562500,0.064697,0.077393,-1.019287
IMU,3227476908,7.250000,4.125000,0.062500,0.064697,0.077881,-1.018799
IMU,3227481910,8.625000,3.875000,-0.125000,0.065186,0.079102,-1.019043
IMU,3227485909,7.937500,3.750000,0.187500,0.064453,0.080078,-1.018555
IMU,3227490910,8.125000,4.500000,1.375000,0.063477,0.079102,-1.018555
IMU,3227494908,8.375000,4.375000,1.000000,0.062744,0.079346,-1.018066
IMU,3227499911,8.250000,3.937500,0.062500,0.062744,0.080322,-1.017822
IMU,3227504908,8.000000,4.000000,0.687500,0.062744,0.081055,-1.018311
IMU,3227508910,7.312500,4.250000,0.875000,0.061279,0.080566,-1.019043
IMU,3227513909,7.437500,4.562500,0.937500,0.061523,0.079834,-1.018311
IMU,3227517910,7.625000,3.437500,1.250000,0.063721,0.079102,-1.018311
IMU,3227522908,8.062500,4.000000,0.875000,0.063232,0.079102,-1.017090
IMU,3227526911,8.000000,4.750000,0.875000,0.061768,0.081299,-1.017578
IMU,3227531908,8.187500,4.187500,1.375000,0.061523,0.080566,-1.019287
IMU,3227536910,7.750000,4.250000,1.125000,0.062012,0.079590,-1.017822
IMU,3227540909,7.312500,4.562500,0.750000,0.061279,0.080322,-1.017090
IMU,3227545910,8.687500,4.812500,0.812500,0.061523,0.081055,-1.017578
IMU,3227549908,8.562500,4.125000,0.312500,0.062012,0.080811,-1.018066
IMU,3227554911,7.500000,4.250000,0.000000,0.061768,0.080322,-1.018555
IMU,3227558908,7.312500,4.312500,0.562500,0.061523,0.079102,-1.017822
IMU,3227563910,7.500000,4.000000,0.875000,0.062500,0.079102,-1.018066
IMU,3227567909,8.000000,3.750000,0.125000,0.062500,0.079346,-1.018066
IMU,3227572910,7.875000,4.562500,0.250000,0.062500,0.079102,-1.019043
IMU,3227577908,7.875000,3.937500,0.875000,0.062500,0.078125,-1.018555
IMU,3227581911,7.812500,4.375000,-0.062500,0.061768,0.079590,-1.016846
IMU,3227586908,7.437500,4.812500,1.187500,0.061768,0.079834,-1.017578
IMU,3227590910,8.125000,4.562500,0.937500,0.060791,0.076904,-1.020020
IMU,3227595909,8.250000,4.312500,0.375000,0.061523,0.076172,-1.020752
IMU,3227599910,8.187500,4.500000,-0.375000,0.060547,0.076660,-1.021484
IMU,3227604908,7.687500,4.500000,-0.187500,0.060791,0.075684,-1.022217
IMU,3227609911,7.812500,3.500000,0.000000,0.061035,0.076172,-1.021240
IMU,3227613908,8.062500,3.625000,-0.562500,0.061768,0.075439,-1.019287
IMU,3227618910,7.750000,4.375000,0.250000,0.061279,0.074951,-1.017578
IMU,3227622909,7.687500,4.187500,1.000000,0.062256,0.075928,-1.018311
IMU,3227627910,7.625000,4.500000,0.125000,0.062744,0.074707,-1.019287
IMU,3227631908,7.812500,4.500000,-0.125000,0.061768,0.074219,-1.018066
IMU,3227636911,7.750000,4.312500,0.125000,0.062012,0.075928,-1.018311
IMU,3227640908,8.062500,4.375000,-0.500000,0.063965,0.076172,-1.020020
IMU,3227645910,7.812500,4.375000,0.062500,0.063477,0.075195,-1.020996
IMU,3227650909,7.500000,4.375000,-0.187500,0.063232,0.075439,-1.021973
IMU,3227654910,7.750000,4.250000,0.000000,0.062012,0.077637,-1.022461
IMU,3227659908,7.875000,4.250000,0.062500,0.061523,0.075928,-1.022217
IMU,3227663911,8.000000,3.937500,0.125000,0.062256,0.076660,-1.020508
IMU,3227668908,8.500000,3.375000,0.250000,0.061523,0.077148,-1.019043
IMU,3227672910,7.875000,4.062500,0.000000,0.061523,0.077637,-1.018799
IMU,3227677909,7.937500,3.875000,0.312500,0.061523,0.078125,-1.016602
IMU,3227682910,7.500000,3.750000,1.187500,0.061279,0.078125,-1.016113
IMU,3227686908,7.437500,4.250000,0.687500,0.061768,0.077393,-1.017578
IMU,3227691911,8.000000,4.562500,0.687500,0.061279,0.076416,-1.019531
IMU,3227695908,8.125000,4.437500,0.625000,0.060547,0.076660,-1.018799
IMU,3227700910,7.687500,3.562500,0.062500,0.061523,0.077881,-1.019043
IMU,3227704909,7.812500,4.375000,-0.375000,0.062744,0.078125,-1.018555
IMU,3227709910,7.750000,4.312500,-0.250000,0.062500,0.078369,-1.019531
IMU,3227713908,8.000000,4.000000,-0.562500,0.062256,0.077637,-1.019043
IMU,3227718911,7.812500,5.125000,0.500000,0.062500,0.077881,-1.019775
IMU,3227723908,7.437500,4.562500,0.875000,0.062744,0.077637,-1.020264
IMU,3227727910,7.937500,4.187500,0.250000,0.063477,0.077637,-1.020996
IMU,3227732909,7.562500,3.562500,-0.937500,0.064453,0.078613,-1.020752
IMU,3227736910,7.812500,3.750000,-0.312500,0.064209,0.077881,-1.020996
IMU,3227741908,8.312500,4.375000,-0.250000,0.064453,0.077881,-1.019531
IMU,3227745911,7.812500,4.062500,0.250000,0.064453,0.078613,-1.018311
IMU,3227750908,7.625000,4.312500,1.000000,0.062744,0.078369,-1.016602
IMU,3227755910,7.312500,4.250000,0.375000,0.061279,0.077881,-1.018799
IMU,3227759909,8.062500,4.562500,-0.437500,0.060547,0.077637,-1.020508
IMU,3227764910,8.000000,4.062500,-0.125000,0.060791,0.077393,-1.020508
IMU,3227768908,8.125000,4.062500,0.062500,0.061035,0.077637,-1.020264
IMU,3227773911,8.000000,4.125000,-0.125000,0.060547,0.077393,-1.020264
IMU,3227777908,7.750000,4.687500,-0.125000,0.061523,0.077148,-1.018311
IMU,3227782910,7.812500,3.875000,1.187500,0.062256,0.077148,-1.019287
IMU,3227787909,6.687500,3.750000,1.187500,0.061523,0.077148,-1.018311
IMU,3227791910,7.687500,4.125000,1.125000,0.060547,0.077393,-1.017578
IMU,3227796908,7.812500,4.437500,0.687500,0.060791,0.078125,-1.020020
IMU,3227800911,8.250000,4.062500,0.500000,0.060059,0.077393,-1.020020
IMU,3227805908,7.875000,4.125000,0.312500,0.060791,0.077393,-1.020020
IMU,3227809910,8.000000,3.500000,0.937500,0.061523,0.077148,-1.017578
IMU,3227814909,8.250000,3.625000,0.625000,0.062256,0.077637,-1.017090
IMU,3227818910,8.062500,4.312500,0.812500,0.063477,0.078369,-1.016357
IMU,3227823908,8.062500,4.125000,0.562500,0.062744,0.079590,-1.018066
IMU,3227828911,8.312500,4.375000,0.562500,0.062012,0.078613,-1.020752
IMU,3227832908,7.625000,4.437500,-0.062500,0.062012,0.079346,-1.020264
IMU,3227837910,6.500000,4.125000,0.812500,0.064697,0.078613,-1.020264
IMU,3227841909,7.062500,4.125000,1.000000,0.064209,0.077881,-1.019043
IMU,3227846910,7.625000,4.125000,0.062500,0.062500,0.078125,-1.020020
IMU,3227850908,7.375000,3.750000,-0.687500,0.062744,0.078369,-1.020508
IMU,3227855911,7.750000,3.812500,-0.062500,0.062744,0.077637,-1.020508
IMU,3227860908,8.000000,4.000000,-0.500000,0.063477,0.077148,-1.020508
IMU,3227864910,8.250000,3.500000,-0.312500,0.063477,0.076660,-1.020264
IMU,3227869909,8.000000,4.312500,0.437500,0.064697,0.076660,-1.019287
IMU,3227873910,7.437500,4.312500,0.562500,0.065674,0.076660,-1.019043
IMU,3227878908,7.875000,4.937500,0.500000,0.063477,0.077148,-1.019775
IMU,3227882911,7.875000,4.625000,-0.250000,0.063477,0.075195,-1.021973
IMU,3227887908,7.687500,3.937500,-0.250000,0.063721,0.075439,-1.021973
IMU,3227891910,7.312500,4.125000,-0.125000,0.062500,0.075195,-1.022949
IMU,3227896909,7.250000,4.062500,-0.125000,0.062012,0.075195,-1.020508
IMU,3227901910,7.312500,4.312500,0.062500,0.061523,0.074219,-1.019043
IMU,3227905908,7.937500,4.062500,0.812500,0.061035,0.076660,-1.017578
IMU,3227910911,7.750000,4.125000,0.875000,0.060303,0.077148,-1.018311
IMU,3227914908,7.312500,3.937500,0.250000,0.061523,0.077637,-1.019531
IMU,3227919910,6.687500,3.625000,-0.625000,0.062500,0.077393,-1.019775
IMU,3227923909,7.562500,3.875000,0.062500,0.062256,0.078613,-1.019775
IMU,3227928910,7.750000,3.187500,-0.250000,0.060791,0.076172,-1.020508
IMU,3227933908,8.250000,3.812500,0.562500,0.062012,0.076416,-1.016846
IMU,3227937911,8.062500,4.062500,1.500000,0.062012,0.077637,-1.016846
IMU,3227942908,7.250000,4.312500,1.000000,0.062012,0.078125,-1.016602
IMU,3227946910,7.437500,4.000000,0.375000,0.061035,0.078125,-1.016846
IMU,3227951909,7.750000,4.000000,0.375000,0.061768,0.077393,-1.018066
IMU,3227955910,7.687500,3.812500,0.937500,0.063477,0.078857,-1.018555
IMU,3227960908,8.000000,4.062500,0.937500,0.063477,0.080811,-1.019531
IMU,3227965911,7.500000,4.375000,0.437500,0.062256,0.079346,-1.019287
IMU,3227969908,7.500000,5.062500,0.500000,0.062256,0.077881,-1.018555
IMU,3227974910,7.375000,4.062500,-0.062500,0.062256,0.077881,-1.019531
IMU,3227978909,7.875000,4.562500,-0.500000,0.062012,0.078613,-1.019287
IMU,3227983910,7.187500,4.562500,0.437500,0.062256,0.076904,-1.018799
IMU,3227987908,7.687500,4.125000,0.125000,0.062012,0.079102,-1.021973
IMU,3227992911,7.812500,3.687500,0.312500,0.061768,0.078369,-1.021240
IMU,3227996908,8.187500,3.250000,0.437500,0.062256,0.078857,-1.021240
IMU,3228001910,8.750000,3.562500,1.125000,0.062012,0.079590,-1.020996
IMU,3228006909,7.937500,3.312500,0.375000,0.061523,0.079346,-1.016846
IMU,3228010910,7.187500,3.500000,-0.562500,0.061523,0.079590,-1.016113
IMU,3228015908,7.375000,3.937500,0.125000,0.062500,0.080078,-1.016602
IMU,3228019911,7.375000,4.250000,0.000000,0.062988,0.080078,-1.019531
IMU,3228024908,7.000000,4.250000,0.187500,0.062988,0.080811,-1.018311
IMU,3228028910,7.562500,3.937500,0.000000,0.063477,0.078369,-1.016113
IMU,3228033909,7.875000,3.875000,0.125000,0.062744,0.078369,-1.017334
IMU,3228038910,8.500000,4.187500,-0.062500,0.062500,0.078369,-1.017822
IMU,3228042908,7.250000,4.000000,0.250000,0.062744,0.078857,-1.015869
IMU,3228047911,7.062500,4.062500,0.312500,0.062012,0.079346,-1.016602
IMU,3228051908,7.187500,4.312500,1.250000,0.062744,0.080078,-1.020020
IMU,3228056910,7.312500,4.875000,1.187500,0.062500,0.079834,-1.020996
IMU,3228060909,8.187500,5.125000,0.937500,0.062012,0.079346,-1.020508
IMU,3228065910,7.937500,4.750000,0.312500,0.060791,0.078369,-1.019531
IMU,3228069908,7.687500,3.687500,-0.375000,0.061279,0.076904,-1.018311
IMU,3228074911,7.500000,3.750000,-0.562500,0.063232,0.078613,-1.018799
IMU,3228079908,8.000000,4.750000,0.062500,0.063232,0.077393,-1.019043
IMU,3228083910,7.187500,4.500000,0.250000,0.062256,0.076660,-1.019775
IMU,3228088909,7.562500,4.625000,0.375000,0.062256,0.075195,-1.019287
IMU,3228092910,7.812500,3.750000,0.937500,0.062256,0.075439,-1.020996
IMU,3228097908,7.750000,4.062500,0.875000,0.063721,0.076172,-1.020752
IMU,3228101911,7.437500,3.375000,-0.750000,0.063965,0.074707,-1.020264
IMU,3228106908,7.812500,3.937500,-0.250000,0.062988,0.073242,-1.020264
IMU,3228111910,7.687500,3.687500,-0.375000,0.062012,0.074707,-1.021729
IMU,3228115909,7.500000,4.000000,1.250000,0.062500,0.073730,-1.021973
IMU,3228120910,7.312500,4.125000,1.187500,0.062256,0.074951,-1.020508
IMU,3228124908,7.562500,4.500000,1.250000,0.062988,0.074707,-1.019043
IMU,3228129911,7.437500,4.437500,1.125000,0.063477,0.075684,-1.017822
IMU,3228133908,8.250000,4.125000,0.500000,0.062988,0.074463,-1.017090
IMU,3228138910,8.500000,4.250000,0.937500,0.062988,0.074951,-1.019043
IMU,3228142909,8.187500,5.125000,0.687500,0.062012,0.075439,-1.020752
IMU,3228147910,7.875000,3.812500,-0.312500,0.063477,0.074951,-1.021240
IMU,3228152908,7.375000,3.875000,0.000000,0.063477,0.074951,-1.020020
IMU,3228156911,7.937500,4.000000,0.125000,0.064453,0.075928,-1.021973
IMU,3228161908,8.187500,3.625000,-0.375000,0.063477,0.077637,-1.020996
IMU,3228165910,8.562500,4.062500,0.187500,0.061279,0.078369,-1.019775
IMU,3228170909,8.312500,4.437500,0.812500,0.060791,0.077637,-1.020508
IMU,3228174910,8.062500,4.375000,0.500000,0.062256,0.078125,-1.017334
IMU,3228179908,8.687500,4.125000,1.062500,0.063477,0.078857,-1.017822
IMU,3228184911,7.937500,4.125000,0.312500,0.062988,0.079590,-1.017334
IMU,3228188908,7.687500,4.375000,0.187500,0.062256,0.080322,-1.017090
IMU,3228193910,7.562500,4.312500,1.000000,0.061279,0.081055,-1.018799
IMU,3228197909,7.750000,3.625000,0.625000,0.061035,0.080322,-1.020752
IMU,3228202910,7.625000,3.562500,-0.750000,0.061523,0.080566,-1.019043
IMU,3228206908,7.000000,4.125000,0.000000,0.061279,0.081299,-1.016357
IMU,3228211911,8.062500,4.062500,0.062500,0.062256,0.082275,-1.017578
IMU,3228216908,8.000000,4.562500,0.375000,0.063232,0.081299,-1.020508
IMU,3228220910,8.000000,4.562500,0.562500,0.061768,0.081543,-1.019287
IMU,3228225909,7.500000,4.375000,0.625000,0.061035,0.081055,-1.015869
IMU,3228229910,7.125000,4.875000,0.000000,0.062256,0.081055,-1.017578
IMU,3228234908,7.500000,5.062500,0.250000,0.062988,0.081299,-1.020508
IMU,3228238911,7.437500,4.312500,0.062500,0.064453,0.081787,-1.018799
IMU,3228243908,7.250000,3.937500,0.375000,0.062256,0.079590,-1.016357
IMU,3228247910,6.937500,4.062500,0.000000,0.061768,0.079834,-1.015625
IMU,3228252909,7.000000,3.812500,0.562500,0.062500,0.080811,-1.016113
IMU,3228257910,7.875000,3.750000,-0.125000,0.062744,0.079834,-1.015381
IMU,3228261908,8.562500,4.812500,0.312500,0.063232,0.078857,-1.014893
IMU,3228266911,8.187500,4.375000,1.062500,0.063232,0.079590,-1.018066
IMU,3228270908,7.437500,4.437500,-0.750000,0.063965,0.079590,-1.021973
IMU,3228275910,7.875000,4.562500,-0.687500,0.062500,0.080078,-1.021973
IMU,3228279909,8.187500,3.875000,0.125000,0.062256,0.078857,-1.021729
IMU,3228284910,6.625000,3.687500,-0.062500,0.061768,0.076660,-1.019531
IMU,3228289908,7.125000,3.687500,-0.062500,0.062500,0.076660,-1.019043
IMU,3228293911,7.125000,4.000000,0.250000,0.062988,0.076416,-1.021240
IMU,3228298908,6.937500,4.625000,1.062500,0.062012,0.074707,-1.022217
IMU,3228302910,7.187500,4.187500,1.000000,0.061035,0.072998,-1.020508
IMU,3228307909,7.750000,3.812500,0.125000,0.061768,0.072754,-1.019775
IMU,3228311910,7.750000,3.937500,0.187500,0.062500,0.072998,-1.020508
IMU,3228316908,7.812500,4.000000,1.812500,0.062012,0.072998,-1.022461
IMU,3228320911,7.187500,3.312500,0.750000,0.062500,0.072021,-1.022217
IMU,3228325908,7.187500,3.812500,0.187500,0.062744,0.070557,-1.021240
IMU,3228330910,7.562500,4.000000,-0.437500,0.063477,0.070557,-1.024902
IMU,3228334909,7.187500,4.250000,-0.375000,0.064453,0.071777,-1.022461
IMU,3228339910,7.500000,4.312500,0.812500,0.063965,0.072266,-1.018555
IMU,3228343908,7.312500,3.562500,1.250000,0.063477,0.072510,-1.018555
IMU,3228348911,6.687500,4.625000,0.625000,0.064209,0.072266,-1.019287
IMU,3228352908,6.750000,4.000000,0.437500,0.063232,0.072510,-1.019531
IMU,3228357910,7.125000,4.250000,0.312500,0.063477,0.072754,-1.020020
IMU,3228362909,6.875000,3.625000,0.250000,0.063965,0.074463,-1.020264
IMU,3228366910,7.000000,3.937500,-0.562500,0.063721,0.075684,-1.020020
IMU,3228371908,7.750000,4.500000,-0.750000,0.062744,0.075928,-1.020996
IMU,3228375911,8.250000,4.125000,0.625000,0.062256,0.075928,-1.020752
IMU,3228380908,7.937500,3.937500,1.125000,0.061768,0.077393,-1.018555
IMU,3228384910,7.250000,3.875000,0.500000,0.062012,0.079590,-1.016113
IMU,3228389909,7.687500,3.437500,1.000000,0.060791,0.079102,-1.017090
IMU,3228394910,8.500000,3.250000,0.375000,0.060791,0.079102,-1.019287
IMU,3228398908,8.500000,4.250000,-0.437500,0.060059,0.079346,-1.017334
IMU,3228403911,7.937500,4.062500,-0.250000,0.061279,0.080078,-1.017090
IMU,3228407908,7.062500,3.937500,-0.250000,0.060547,0.080566,-1.019043
IMU,3228412910,7.687500,4.812500,0.312500,0.059082,0.081543,-1.017334
IMU,3228416909,7.375000,4.312500,0.812500,0.059814,0.082031,-1.018799
IMU,3228421910,8.250000,4.187500,0.062500,0.061523,0.083008,-1.017578
IMU,3228425908,8.125000,4.562500,-0.125000,0.062012,0.082520,-1.016602
IMU,3228430911,7.812500,4.375000,0.437500,0.062988,0.083252,-1.019531
IMU,3228435908,7.437500,3.750000,0.000000,0.062012,0.081787,-1.018555
IMU,3228439910,6.625000,4.187500,1.000000,0.062012,0.082275,-1.017090
IMU,3228444909,6.687500,4.312500,1.687500,0.061279,0.082275,-1.014893
IMU,3228448910,7.875000,3.625000,-0.250000,0.061768,0.083008,-1.016113
IMU,3228453908,7.937500,3.500000,-0.875000,0.063721,0.082275,-1.014893
IMU,3228457911,7.187500,4.125000,0.500000,0.063477,0.082520,-1.015137
IMU,3228462908,7.562500,4.562500,0.500000,0.064209,0.082764,-1.017334
IMU,3228467910,7.375000,4.250000,0.250000,0.064209,0.082275,-1.016846
IMU,3228471909,6.687500,3.875000,0.562500,0.062744,0.080811,-1.016602
IMU,3228476910,6.937500,3.625000,0.187500,0.062500,0.080811,-1.016357
IMU,3228480908,7.250000,3.562500,0.312500,0.063477,0.081299,-1.016602
IMU,3228485911,7.500000,3.812500,-0.125000,0.064453,0.080078,-1.019043
IMU,3228489908,7.562500,3.375000,0.125000,0.063721,0.078613,-1.021484
IMU,3228494910,7.562500,3.125000,0.500000,0.061523,0.077881,-1.020020
IMU,3228498909,6.875000,3.937500,1.437500,0.061523,0.076660,-1.019775
IMU,3228503910,6.812500,4.562500,0.875000,0.062256,0.075195,-1.020020
IMU,3228508908,7.625000,4.375000,0.312500,0.078613,0.072266,-1.019531
IMU,3228512911,6.937500,4.562500,-3.812500,0.091553,0.065918,-1.020508
IMU,3228517908,6.562500,4.312500,-4.000000,0.046387,0.076416,-1.019043
IMU,3228521910,7.562500,4.312500,-3.562500,0.062500,0.073242,-1.019043
IMU,3228526909,7.875000,3.875000,-3.562500,0.064209,0.073486,-1.020996
IMU,3228530910,7.812500,4.562500,-3.937500,0.069580,0.071533,-1.023438
IMU,3228535908,8.000000,4.875000,-3.875000,0.066162,0.071533,-1.023682
IMU,3228540911,7.875000,4.250000,-3.250000,0.072754,0.070801,-1.021729
IMU,3228544908,8.375000,4.875000,-3.000000,0.070801,0.071777,-1.023193
IMU,3228549910,7.500000,4.437500,-2.437500,0.061035,0.073486,-1.024170
IMU,3228553909,8.125000,4.187500,-2.562500,0.058350,0.072266,-1.022217
IMU,3228558910,7.625000,3.375000,-2.062500,0.060791,0.072266,-1.020752
IMU,3228562908,7.875000,3.687500,-1.375000,0.059082,0.072998,-1.021240
IMU,3228567911,7.875000,4.375000,-0.375000,0.063232,0.072510,-1.020996
IMU,3228572908,7.687500,4.437500,-1.562500,0.067627,0.072021,-1.019531
IMU,3228576910,7.687500,4.500000,-2.500000,0.078125,0.071045,-1.019775
IMU,3228581909,7.500000,4.062500,-4.750000,0.077881,0.070801,-1.020508
IMU,3228585910,8.187500,3.250000,-4.062500,0.062500,0.074951,-1.020752
IMU,3228590908,7.875000,3.875000,-3.812500,0.066406,0.074707,-1.021729
IMU,3228594911,7.500000,4.562500,-4.562500,0.071777,0.074463,-1.020508
IMU,3228599908,7.625000,3.625000,-4.875000,0.073486,0.074707,-1.019043
IMU,3228603910,7.062500,3.687500,-5.125000,0.074707,0.076172,-1.017578
IMU,3228608909,7.000000,4.500000,-6.625000,0.079102,0.074707,-1.017090
IMU,3228613910,7.562500,4.187500,-8.812500,0.083252,0.075439,-1.016113
IMU,3228617908,7.375000,4.000000,-9.875000,0.072266,0.078613,-1.014404
IMU,3228622911,8.000000,3.812500,-11.250000,0.127197,0.052979,-1.018066
IMU,3228626908,8.250000,3.125000,-17.000000,0.207275,0.035645,-1.016602
IMU,3228631910,8.437500,2.562500,-29.625000,0.188232,0.048828,-1.019287
IMU,3228635909,9.250000,2.875000,-30.312500,0.144775,0.100830,-1.020020
IMU,3228640910,9.250000,2.125000,-12.250000,0.296875,0.124756,-1.017822
IMU,3228645908,10.812500,1.687500,25.750000,0.566406,0.159424,-1.017334
IMU,3228649911,9.687500,1.750000,52.000000,0.429688,0.203125,-1.014160
IMU,3228654908,5.687500,4.125000,53.250000,0.109619,0.183594,-1.012939
IMU,3228658910,7.687500,4.625000,40.875000,-0.033691,0.077393,-1.020020
IMU,3228663909,9.062500,4.187500,35.750000,0.132080,0.039307,-1.013184
IMU,3228667910,6.625000,9.375000,32.375000,0.088379,0.028564,-1.008545
IMU,3228672908,6.187500,8.125000,10.812500,-0.011719,-0.007568,-1.025146
IMU,3228676911,9.875000,1.562500,4.062500,0.173096,0.029541,-1.021484
IMU,3228681908,10.375000,3.187500,21.812500,0.313232,0.100830,-1.005371
IMU,3228686910,8.000000,7.625000,20.875000,0.144775,0.127686,-1.017334
IMU,3228690909,9.000000,2.687500,8.875000,0.101562,0.104980,-1.029541
IMU,3228695910,12.687500,0.812500,19.312500,0.186279,0.128418,-1.015869
IMU,3228699908,12.125000,4.437500,33.687500,0.201416,0.130859,-1.004639
IMU,3228704911,9.875000,6.000000,35.812500,0.139160,0.137207,-1.024170
IMU,3228708908,10.375000,2.187500,38.250000,0.098145,0.115967,-1.020508
IMU,3228713910,8.187500,6.375000,41.625000,0.115967,0.088867,-1.012451
IMU,3228718909,5.625000,6.187500,39.937500,0.131104,0.093262,-1.023438
IMU,3228722910,4.562500,3.625000,41.625000,0.141357,0.095947,-1.020508
IMU,3228727908,7.125000,-0.375000,42.937500,0.148193,0.109375,-1.024170
IMU,3228731911,6.875000,1.125000,40.437500,0.134033,0.094238,-1.016846
IMU,3228736908,6.125000,7.187500,39.812500,0.194092,0.118164,-1.017578
IMU,3228740910,8.437500,3.250000,38.125000,0.063965,0.088623,-1.024902
IMU,3228745909,9.000000,2.437500,38.500000,0.127197,0.070557,-1.015381
IMU,3228749910,5.500000,5.312500,47.875000,0.148438,0.099365,-1.019531
IMU,3228754908,9.750000,4.812500,45.750000,0.135742,0.087402,-1.022949
IMU,3228759911,7.000000,4.375000,49.187500,0.146484,0.101074,-1.020508
IMU,3228763908,8.625000,5.687500,48.937500,0.101074,0.069092,-1.022461
IMU,3228768910,10.125000,5.375000,40.937500,0.040283,0.046875,-1.027100
IMU,3228772909,10.687500,1.562500,36.687500,0.102051,0.029053,-1.022461
IMU,3228777910,9.562500,1.500000,40.375000,0.130859,0.069580,-1.016357
IMU,3228781908,6.875000,3.375000,42.187500,0.085693,0.085938,-1.022461
IMU,3228786911,7.625000,2.562500,36.312500,0.093018,0.066895,-1.021240
IMU,3228791908,5.000000,1.812500,38.750000,0.161865,0.082031,-1.017334
IMU,3228795910,5.000000,5.062500,37.875000,0.151123,0.113770,-1.019043
IMU,3228800909,6.312500,4.812500,41.187500,0.124512,0.122070,-1.023438
IMU,3228804910,5.875000,6.500000,38.187500,0.093506,0.091064,-1.019287
IMU,3228809908,5.625000,4.687500,17.562500,0.039551,0.049805,-1.020996
IMU,3228813911,10.062500,4.437500,12.250000,0.072266,0.041260,-1.020264
IMU,3228818908,8.375000,3.625000,18.062500,0.109619,0.074463,-1.018799
IMU,3228823910,6.437500,2.875000,15.437500,0.064453,0.086670,-1.020508
IMU,3228827909,5.687500,4.062500,8.937500,0.030518,0.052979,-1.016357
IMU,3228832910,9.000000,4.375000,2.500000,0.062500,0.042969,-1.017822
IMU,3228836908,4.812500,3.875000,-0.812500,0.165039,0.089355,-1.011719
IMU,3228841911,5.250000,2.812500,1.437500,0.198486,0.155518,-1.018799
IMU,3228845908,4.812500,0.500000,6.500000,0.109863,0.166748,-1.020996
IMU,3228850910,7.062500,1.562500,-3.937500,-0.107422,0.055664,-1.018555
IMU,3228854909,7.437500,0.687500,-8.125000,-0.063965,0.001465,-1.014648
IMU,3228859910,8.062500,2.250000,1.750000,0.026855,0.053711,-1.014404
IMU,3228864908,8.062500,2.875000,13.062500,0.110352,0.103271,-1.012939
IMU,3228868911,8.250000,6.125000,12.375000,-0.017090,0.094727,-1.013916
IMU,3228873908,6.375000,6.375000,0.500000,-0.015381,0.048584,-1.018799
IMU,3228877910,7.062500,5.937500,5.812500,0.087158,0.105957,-1.013672
IMU,3228882909,7.062500,2.812500,7.250000,0.060791,0.122314,-1.020020
IMU,3228886910,11.437500,2.625000,4.875000,-0.112793,0.052002,-1.023682
IMU,3228891908,7.000000,1.375000,10.125000,0.115234,0.085449,-1.017578
IMU,3228896911,5.437500,0.937500,23.125000,0.152100,0.162109,-1.016846
IMU,3228900908,10.875000,3.437500,29.750000,0.014404,0.134521,-1.024658
IMU,3228905910,8.562500,6.000000,36.562500,-0.015381,0.072510,-1.008545
IMU,3228909909,10.500000,5.312500,35.875000,0.054199,0.064453,-1.004883
IMU,3228914910,14.000000,4.562500,28.125000,0.115479,0.091309,-1.013672
IMU,3228918908,14.750000,6.500000,27.250000,0.047363,0.111816,-1.012451
IMU,3228923911,8.437500,4.500000,36.562500,-0.013672,0.079590,-1.012939
IMU,3228927908,7.375000,4.187500,36.437500,0.048340,0.066895,-1.020752
IMU,3228932910,17.812500,7.937500,30.500000,0.097900,0.097168,-1.021484
IMU,3228937909,19.125000,8.687500,18.625000,-0.036621,0.062012,-1.018066
IMU,3228941910,14.562500,9.500000,6.687500,-0.024902,0.026367,-1.025146
IMU,3228946908,7.937500,5.562500,4.750000,0.072754,0.068604,-1.015869
IMU,3228950911,8.500000,5.187500,0.687500,-0.000244,0.061279,-1.017578
IMU,3228955908,10.500000,2.875000,-10.625000,-0.012695,0.044434,-1.018799
IMU,3228959910,10.250000,4.562500,-14.250000,0.099121,0.083008,-1.020020
IMU,3228964909,11.312500,2.750000,-6.687500,0.115234,0.119141,-1.025146
IMU,3228969910,10.812500,4.875000,-3.687500,0.041504,0.088135,-1.025879
IMU,3228973908,7.500000,4.625000,-2.062500,0.005859,0.063232,-1.028564
IMU,3228978911,10.562500,7.125000,-5.937500,0.000000,0.030273,-1.026367
IMU,3228982908,9.375000,6.062500,-1.312500,0.054199,0.060547,-1.014648
IMU,3228987910,8.187500,5.500000,0.750000,0.039062,0.059570,-1.027100
IMU,3228991909,10.062500,4.750000,2.125000,0.004395,0.055420,-1.011719
IMU,3228996910,8.562500,6.000000,-4.625000,-0.032959,0.019043,-1.011475
IMU,3229001908,6.562500,6.000000,-8.625000,-0.023438,-0.001465,-1.016602
IMU,3229005911,7.062500,5.000000,-13.250000,-0.212402,-0.051514,-1.019287
IMU,3229010908,8.000000,6.125000,-31.312500,-0.137207,-0.068115,-1.026611
IMU,3229014910,11.750000,2.812500,-24.625000,0.245605,0.079590,-1.033447
IMU,3229019909,10.875000,2.312500,-12.250000,0.106445,0.103271,-1.030273
IMU,3229023910,10.312500,4.062500,0.562500,0.020508,0.121826,-1.022949
IMU,3229028908,9.125000,3.125000,7.625000,-0.015869,0.072021,-1.017334
IMU,3229032911,6.500000,5.750000,15.062500,0.038330,0.060303,-1.009521
IMU,3229037908,9.625000,6.375000,10.000000,0.028076,0.060059,-1.009521
IMU,3229042910,11.687500,4.000000,7.937500,0.112305,0.077393,-1.014893
IMU,3229046909,9.500000,3.250000,13.562500,0.119629,0.118652,-1.022461
IMU,3229051910,9.812500,3.125000,20.750000,0.076416,0.125977,-1.023682
IMU,3229055908,7.937500,4.937500,24.062500,0.051758,0.101807,-1.026367
IMU,3229060911,6.000000,4.687500,23.875000,0.056885,0.081543,-1.025391
IMU,3229064908,10.750000,3.437500,17.250000,0.050049,0.058838,-1.019775
IMU,3229069910,11.000000,3.312500,14.312500,0.081299,0.052490,-1.015625
IMU,3229074909,11.625000,3.812500,14.250000,0.138184,0.073242,-1.010742
IMU,3229078910,16.562500,5.687500,20.437500,0.066162,0.077393,-1.012451
IMU,3229083908,16.437500,5.375000,18.562500,0.085205,0.057129,-1.015625
IMU,3229087911,10.187500,1.687500,10.750000,0.122559,0.059326,-1.014160
IMU,3229092908,9.750000,3.000000,-0.562500,0.105225,0.066895,-1.021240
IMU,3229096910,9.500000,3.250000,-7.250000,0.038818,0.048584,-1.020508
IMU,3229101909,8.250000,3.500000,-10.562500,0.045654,0.039551,-1.019043
IMU,3229105910,10.562500,3.187500,-6.250000,0.073730,0.078857,-1.017334
IMU,3229110908,5.312500,0.375000,-6.437500,0.064209,0.094727,-1.014160
IMU,3229115911,7.500000,4.187500,-4.875000,0.068115,0.092773,-1.015625
IMU,3229119908,6.812500,3.750000,0.000000,0.096436,0.096436,-1.013672
IMU,3229124910,7.375000,2.937500,-2.375000,0.060791,0.095459,-1.012207
IMU,3229128909,8.875000,2.250000,-0.375000,0.049561,0.092041,-1.016602
IMU,3229133910,8.062500,3.687500,3.000000,0.001465,0.073975,-1.020264
IMU,3229137908,8.750000,4.437500,10.312500,0.005127,0.054688,-1.017578
IMU,3229142911,7.375000,4.750000,11.375000,0.007324,0.043213,-1.018799
IMU,3229147908,8.562500,5.250000,3.000000,0.060059,0.023926,-1.012207
IMU,3229151910,9.812500,3.937500,4.687500,0.113037,0.065674,-1.016846
IMU,3229156909,8.187500,7.062500,6.812500,0.027344,0.081055,-1.014893
IMU,3229160910,7.000000,7.125000,8.000000,0.039062,0.078125,-1.018555
IMU,3229165908,5.062500,6.625000,10.125000,0.098877,0.074463,-1.009033
IMU,3229169911,9.687500,6.562500,9.750000,0.041260,0.091797,-1.020020
IMU,3229174908,13.687500,4.250000,6.500000,0.010254,0.097412,-1.021973
IMU,3229178910,8.250000,3.500000,9.687500,0.009766,0.094238,-1.018311
IMU,3229183909,8.562500,3.812500,8.437500,-0.057373,0.056641,-1.020508
IMU,3229188910,7.812500,2.500000,5.687500,0.008301,0.059814,-1.024902
IMU,3229192908,8.500000,3.875000,6.625000,-0.005127,0.071777,-1.017578
IMU,3229197911,10.125000,3.437500,9.375000,0.047363,0.077637,-1.018066
IMU,3229201908,10.562500,3.625000,10.125000,0.080566,0.086914,-1.024414
IMU,3229206910,10.437500,5.312500,12.062500,0.079590,0.108887,-1.021973
IMU,3229210909,9.625000,4.062500,16.000000,0.096680,0.114502,-1.020020
IMU,3229215910,9.937500,5.250000,15.375000,0.006836,0.103027,-1.024170
IMU,3229220908,11.562500,5.625000,5.375000,0.000244,0.053711,-1.024902
IMU,3229224911,10.562500,4.312500,0.375000,0.056396,0.046631,-1.026367
IMU,3229229908,9.062500,2.812500,7.312500,0.093262,0.069824,-1.021973
IMU,3229233910,8.250000,4.062500,9.875000,0.065186,0.072266,-1.023193
IMU,3229238909,7.625000,2.687500,7.375000,0.072266,0.066162,-1.022705
IMU,3229242910,7.875000,1.750000,5.562500,0.030029,0.058838,-1.019531
IMU,3229247908,7.250000,2.687500,5.062500,0.046875,0.070068,-1.020508
IMU,3229252911,7.000000,4.687500,4.187500,-0.054688,0.047607,-1.024414
IMU,3229256908,11.437500,4.437500,-3.687500,-0.034912,0.013428,-1.023438
IMU,3229261910,10.312500,5.562500,-7.750000,-0.060059,0.019043,-1.024414
IMU,3229265909,5.125000,3.937500,-5.750000,0.022217,0.031494,-1.021729
IMU,3229270910,5.437500,2.562500,4.750000,0.064453,0.053711,-1.019531
IMU,3229274908,10.125000,3.437500,6.375000,-0.008545,0.078857,-1.022705
IMU,3229279911,10.000000,4.562500,0.187500,-0.041748,0.062012,-1.019287
IMU,3229283908,7.812500,5.187500,-3.437500,-0.022461,0.051758,-1.016113
IMU,3229288910,10.500000,5.937500,-3.312500,-0.017578,0.053223,-1.021484
IMU,3229293909,8.625000,5.125000,-6.000000,0.028809,0.062988,-1.015869
IMU,3229297910,7.000000,3.687500,-5.500000,0.064209,0.083984,-1.016846
IMU,3229302908,7.937500,2.250000,-1.187500,0.056396,0.094482,-1.018311
IMU,3229306911,10.000000,4.187500,2.312500,0.059326,0.095459,-1.018555
IMU,3229311908,9.250000,5.687500,4.062500,0.075195,0.097412,-1.015869
IMU,3229315910,10.125000,6.000000,3.312500,0.010498,0.099854,-1.018311
IMU,3229320909,10.312500,4.812500,-0.125000,0.036865,0.067139,-1.016357
IMU,3229325910,10.812500,4.500000,3.375000,0.101807,0.070801,-1.015869
IMU,3229329908,12.187500,5.687500,1.500000,0.071777,0.091553,-1.017578
IMU,3229334911,8.312500,4.187500,2.250000,0.076172,0.084473,-1.011475
IMU,3229338908,7.312500,4.187500,-0.125000,0.059082,0.074219,-1.014648
IMU,3229343910,7.750000,4.312500,-7.000000,0.030518,0.064697,-1.015381
IMU,3229347909,10.812500,5.125000,-11.250000,0.067383,0.055176,-1.011719
IMU,3229352910,10.625000,3.437500,-17.625000,0.091309,0.047607,-1.015137
IMU,3229356908,10.187500,2.687500,-18.937500,0.134033,0.067871,-1.015381
IMU,3229361911,9.437500,3.500000,-14.875000,0.110107,0.075928,-1.016113
IMU,3229366908,9.562500,3.750000,-15.062500,0.102051,0.085938,-1.015381
IMU,3229370910,9.812500,4.562500,-18.312500,0.034912,0.094971,-1.014893
IMU,3229375909,8.125000,7.312500,-19.375000,-0.009277,0.089844,-1.016113
IMU,3229379910,9.125000,6.937500,-25.812500,-0.029297,0.072754,-1.018799
IMU,3229384908,11.375000,4.250000,-28.500000,-0.001465,0.068848,-1.016846
IMU,3229388911,9.625000,2.250000,-21.125000,0.040283,0.078857,-1.017334
IMU,3229393908,7.500000,4.312500,-15.500000,0.022461,0.097412,-1.018555
IMU,3229398910,7.000000,7.437500,-13.562500,-0.009033,0.101562,-1.020508
IMU,3229402909,7.812500,4.875000,-12.562500,0.010498,0.087158,-1.021729
IMU,3229407910,9.562500,5.812500,-8.875000,0.021484,0.092041,-1.023682
IMU,3229411908,9.625000,4.937500,-6.437500,0.031006,0.084961,-1.022461
IMU,3229416911,8.500000,3.875000,-5.187500,-0.003418,0.084473,-1.019043
IMU,3229420908,8.375000,4.125000,-2.562500,0.013428,0.076904,-1.019043
IMU,3229425910,8.000000,4.875000,0.250000,0.026855,0.073242,-1.022949
IMU,3229430909,8.750000,3.000000,4.437500,0.063721,0.074463,-1.019531
IMU,3229434910,9.250000,4.687500,4.750000,0.010010,0.076904,-1.023926
IMU,3229439908,9.062500,4.812500,1.875000,-0.003174,0.087646,-1.021484
IMU,3229443911,9.812500,4.250000,4.250000,-0.003418,0.072754,-1.023926
IMU,3229448908,8.750000,4.250000,6.750000,-0.008057,0.071777,-1.024658
IMU,3229452910,9.875000,3.625000,6.437500,-0.007568,0.075439,-1.020996
IMU,3229457909,9.875000,4.312500,7.000000,-0.002686,0.070068,-1.022217
IMU,3229461910,9.437500,4.937500,9.062500,-0.015381,0.078369,-1.022949
IMU,3229466908,9.875000,5.500000,8.437500,-0.043457,0.084961,-1.020752
IMU,3229471911,9.437500,5.500000,6.875000,-0.019775,0.077393,-1.017822
IMU,3229475908,8.625000,4.750000,8.625000,-0.014648,0.092285,-1.028320
IMU,3229480910,8.937500,5.125000,8.937500,0.008301,0.089355,-1.026367
IMU,3229484909,8.687500,5.687500,7.562500,-0.024902,0.097900,-1.025879
IMU,3229489910,8.437500,6.000000,7.500000,-0.035889,0.107910,-1.027344
IMU,3229493908,7.875000,6.687500,8.125000,-0.023682,0.102295,-1.021729
IMU,3229498911,8.500000,5.437500,6.500000,-0.021973,0.104492,-1.017822
IMU,3229503908,8.750000,5.125000,3.687500,-0.003418,0.100586,-1.014648
IMU,3229507910,8.437500,4.500000,2.000000,0.028076,0.091064,-1.015381
IMU,3229512909,9.125000,4.500000,1.125000,0.053467,0.080811,-1.017822
IMU,3229516910,8.687500,4.375000,0.187500,0.058594,0.079834,-1.018311
IMU,3229521908,8.937500,4.312500,1.312500,0.052734,0.079346,-1.018555
IMU,3229525911,8.812500,4.312500,4.187500,0.044434,0.083740,-1.016602
IMU,3229530908,9.500000,4.750000,5.750000,0.046631,0.089111,-1.016357
IMU,3229534910,8.937500,4.625000,5.437500,0.061035,0.087646,-1.017090
IMU,3229539909,8.750000,4.375000,3.937500,0.061523,0.086426,-1.014893
IMU,3229544910,8.000000,4.500000,2.625000,0.061768,0.086914,-1.014160
IMU,3229548908,8.937500,3.187500,1.937500,0.060547,0.086914,-1.015625
IMU,3229553911,9.687500,2.687500,1.375000,0.062988,0.086426,-1.016113
IMU,3229557908,8.937500,3.187500,0.937500,0.064697,0.085205,-1.016602
IMU,3229562910,8.937500,3.562500,-0.687500,0.063232,0.085693,-1.017822
IMU,3229566909,8.562500,3.187500,-0.250000,0.063232,0.084961,-1.018555
IMU,3229571910,8.437500,3.062500,-0.062500,0.065186,0.084473,-1.019043
IMU,3229576908,8.875000,2.750000,-0.312500,0.066406,0.084717,-1.017578
IMU,3229580911,8.875000,3.187500,-1.000000,0.063232,0.084229,-1.017090
IMU,3229585908,8.375000,3.187500,-0.812500,0.064453,0.082520,-1.017090
IMU,3229589910,8.562500,3.562500,-0.375000,0.065430,0.082031,-1.016602
IMU,3229594909,8.000000,3.687500,-0.687500,0.062500,0.083008,-1.016357
IMU,3229598910,8.562500,3.312500,0.437500,0.057373,0.080078,-1.016113
IMU,3229603908,8.500000,3.687500,0.875000,0.057861,0.080811,-1.015137
IMU,3229608911,8.062500,3.375000,1.250000,0.058350,0.079346,-1.017090
IMU,3229612908,7.937500,3.750000,0.812500,0.055908,0.076660,-1.019287
IMU,3229617910,8.062500,4.875000,1.312500,0.058838,0.076904,-1.020264
IMU,3229621909,8.375000,4.875000,1.250000,0.061035,0.074707,-1.020752
IMU,3229626910,7.687500,4.375000,1.187500,0.059814,0.072266,-1.020752
IMU,3229630908,7.500000,3.812500,1.000000,0.062500,0.071777,-1.020020
IMU,3229635911,7.875000,3.687500,2.000000,0.063721,0.072754,-1.018799
IMU,3229639908,8.250000,4.437500,1.750000,0.064209,0.072021,-1.019531
IMU,3229644910,8.000000,4.312500,1.750000,0.062500,0.070557,-1.020020
IMU,3229649909,7.437500,4.562500,1.312500,0.064941,0.069580,-1.021484
IMU,3229653910,7.187500,4.312500,0.250000,0.065186,0.068848,-1.021973
IMU,3229658908,8.062500,3.875000,0.375000,0.062988,0.068604,-1.022461
IMU,3229662911,7.562500,4.125000,0.375000,0.063721,0.067627,-1.022949
IMU,3229667908,7.875000,3.937500,0.750000,0.064941,0.066895,-1.023682
IMU,3229671910,7.312500,3.500000,0.812500,0.063721,0.067139,-1.022217
IMU,3229676909,7.437500,3.562500,0.375000,0.062500,0.066895,-1.020264
IMU,3229681910,7.687500,4.062500,0.750000,0.062012,0.067383,-1.021484
IMU,3229685908,8.250000,4.500000,0.937500,0.064453,0.065430,-1.023193
IMU,3229690911,8.000000,4.375000,0.750000,0.063232,0.066162,-1.025391
IMU,3229694908,7.750000,4.250000,0.625000,0.060303,0.067139,-1.023438
IMU,3229699910,7.500000,4.250000,0.125000,0.060059,0.068848,-1.023438
IMU,3229703909,7.375000,3.875000,0.500000,0.060059,0.068604,-1.024902
IMU,3229708910,6.750000,4.687500,-0.187500,0.058838,0.067871,-1.023193
IMU,3229712908,7.375000,4.937500,-0.500000,0.055908,0.068115,-1.020508
IMU,3229717911,7.937500,4.062500,-0.562500,0.056396,0.071777,-1.019775
IMU,3229722908,8.000000,3.562500,-0.062500,0.056885,0.073242,-1.019775
IMU,3229726910,6.812500,4.187500,0.500000,0.056885,0.073242,-1.021240
IMU,3229731909,6.625000,4.937500,0.875000,0.056396,0.074219,-1.021484
IMU,3229735910,7.625000,4.937500,1.062500,0.057861,0.075684,-1.021729
IMU,3229740908,7.250000,4.125000,0.562500,0.058594,0.077148,-1.020508
IMU,3229744911,7.500000,4.500000,-0.062500,0.060547,0.079102,-1.019287
IMU,3229749908,7.750000,4.437500,-0.062500,0.061035,0.079346,-1.017822
IMU,3229754910,7.125000,4.000000,0.375000,0.061035,0.080078,-1.016357
IMU,3229758909,6.937500,3.875000,-0.312500,0.061523,0.081299,-1.017090
IMU,3229763910,7.187500,3.500000,0.500000,0.060547,0.082275,-1.016602
IMU,3229767908,7.250000,3.687500,-0.187500,0.061768,0.082520,-1.014893
IMU,3229772911,6.312500,3.625000,-0.187500,0.062744,0.082520,-1.015137
IMU,3229776908,6.437500,4.250000,0.062500,0.062500,0.083740,-1.016113
IMU,3229781910,7.937500,4.375000,-0.125000,0.062988,0.084473,-1.015625
IMU,3229785909,7.875000,4.187500,0.687500,0.063477,0.084229,-1.014648
IMU,3229790910,7.312500,4.375000,0.312500,0.062744,0.084473,-1.015869
IMU,3229795908,7.687500,4.062500,0.250000,0.062500,0.086182,-1.014893
IMU,3229799911,7.437500,3.750000,-0.250000,0.062744,0.085938,-1.016113
IMU,3229804908,7.000000,3.687500,0.062500,0.060791,0.084717,-1.017578
IMU,3229808910,7.187500,4.625000,-0.250000,0.059570,0.083984,-1.018311
IMU,3229813909,7.687500,3.375000,0.187500,0.060059,0.083252,-1.018066
IMU,3229817910,7.375000,4.062500,0.562500,0.058838,0.083740,-1.014160
IMU,3229822908,7.687500,3.812500,1.062500,0.058838,0.083496,-1.013428
IMU,3229827911,7.625000,3.625000,1.625000,0.058594,0.081543,-1.015625
IMU,3229831908,8.000000,4.000000,0.687500,0.058594,0.081543,-1.015869
IMU,3229836910,8.062500,4.437500,-0.125000,0.058350,0.081055,-1.020264
IMU,3229840909,8.062500,3.937500,0.062500,0.058838,0.078613,-1.018311
IMU,3229845910,7.875000,3.875000,0.312500,0.060059,0.076172,-1.017578
IMU,3229849908,7.187500,4.750000,0.562500,0.060059,0.075928,-1.019775
IMU,3229854911,7.812500,4.562500,0.312500,0.060059,0.073975,-1.020752
IMU,3229859908,8.250000,4.062500,0.500000,0.060059,0.073730,-1.021240
IMU,3229863910,7.937500,3.875000,0.125000,0.060547,0.074463,-1.017578
IMU,3229868909,6.562500,4.062500,0.000000,0.061279,0.073975,-1.020264
IMU,3229872910,7.250000,3.875000,-0.250000,0.061035,0.071533,-1.021484
IMU,3229877908,7.250000,3.812500,0.625000,0.060791,0.070557,-1.020508
IMU,3229881911,7.312500,3.750000,0.750000,0.061035,0.069336,-1.023193
IMU,3229886908,7.500000,3.937500,0.250000,0.060303,0.069336,-1.020996
IMU,3229890910,8.062500,4.375000,-0.250000,0.061035,0.069824,-1.023193
IMU,3229895909,7.812500,4.625000,-0.312500,0.060547,0.067383,-1.022461
IMU,3229900910,7.625000,4.750000,0.000000,0.060791,0.067139,-1.021240
IMU,3229904908,7.750000,4.812500,0.437500,0.061523,0.066650,-1.022461
IMU,3229909911,8.312500,4.250000,0.375000,0.061035,0.067627,-1.022705
IMU,3229913908,8.562500,4.375000,0.125000,0.060303,0.067383,-1.023926
IMU,3229918910,7.875000,4.250000,0.937500,0.060059,0.066895,-1.023193
IMU,3229922909,8.187500,3.625000,-0.062500,0.059326,0.066406,-1.020752
IMU,3229927910,8.312500,3.812500,0.625000,0.058594,0.068359,-1.022461
IMU,3229932908,8.187500,4.062500,0.812500,0.058838,0.068359,-1.022949
IMU,3229936911,8.375000,4.062500,-0.062500,0.057861,0.068115,-1.023682
IMU,3229941908,8.125000,3.812500,0.687500,0.059082,0.070068,-1.020508
IMU,3229945910,7.937500,4.687500,1.000000,0.058594,0.072021,-1.018066
IMU,3229950909,8.812500,4.750000,-0.375000,0.058105,0.072266,-1.020508
IMU,3229954910,8.062500,4.750000,-0.437500,0.059570,0.072266,-1.018799
IMU,3229959908,7.062500,5.000000,-0.437500,0.060547,0.073730,-1.020264
IMU,3229963911,8.125000,4.500000,-0.187500,0.059570,0.075195,-1.018799
IMU,3229968908,7.812500,4.375000,0.625000,0.059570,0.076904,-1.018066
IMU,3229973910,7.625000,4.437500,1.312500,0.060547,0.077148,-1.020020
IMU,3229977909,7.875000,4.812500,0.937500,0.061279,0.078613,-1.020996
IMU,3229982910,7.625000,4.000000,0.375000,0.062012,0.080566,-1.019287
IMU,3229986908,7.500000,4.500000,0.437500,0.061523,0.082520,-1.014648
IMU,3229991911,7.812500,4.437500,-0.187500,0.061523,0.081543,-1.013428
IMU,3229995908,7.812500,4.375000,0.125000,0.060303,0.082520,-1.016846
IMU,3230000910,7.937500,3.500000,-0.312500,0.060791,0.083496,-1.018311
IMU,3230005909,8.187500,4.062500,0.625000,0.061279,0.083496,-1.016602
IMU,3230009910,7.937500,4.562500,0.750000,0.059570,0.085449,-1.014648
IMU,3230014908,7.250000,4.000000,0.500000,0.058105,0.084229,-1.016602
IMU,3230018911,7.062500,3.562500,0.125000,0.059082,0.084473,-1.016357
IMU,3230023908,7.562500,4.250000,0.750000,0.060303,0.084473,-1.014893
IMU,3230027910,7.875000,3.937500,0.187500,0.060059,0.084717,-1.015869
IMU,3230032909,7.250000,3.875000,1.000000,0.059814,0.084473,-1.013916
IMU,3230037910,7.062500,3.812500,0.375000,0.059570,0.083740,-1.014893
IMU,3230041908,7.250000,4.750000,-0.187500,0.060547,0.080811,-1.018066
IMU,3230046911,7.437500,4.750000,0.062500,0.059570,0.081299,-1.018799
IMU,3230050908,7.312500,3.625000,-0.312500,0.060059,0.080811,-1.017090
IMU,3230055910,7.812500,4.250000,0.250000,0.060059,0.079590,-1.014404
IMU,3230059909,7.312500,4.875000,0.000000,0.060791,0.079102,-1.017578
IMU,3230064910,7.750000,3.687500,0.875000,0.061523,0.077637,-1.020752
IMU,3230068908,7.812500,3.812500,0.062500,0.061768,0.076416,-1.019531
IMU,3230073911,7.000000,4.125000,-0.562500,0.059570,0.076660,-1.018799
IMU,3230078908,8.250000,4.875000,0.000000,0.059570,0.076172,-1.019531
IMU,3230082910,7.375000,4.187500,-0.312500,0.060059,0.073486,-1.020508
IMU,3230087909,7.250000,3.875000,1.000000,0.061768,0.073242,-1.021240
IMU,3230091910,7.500000,4.687500,0.750000,0.061035,0.070312,-1.020752
IMU,3230096908,7.812500,4.562500,0.125000,0.059570,0.069580,-1.020752
IMU,3230100911,7.375000,4.187500,-0.187500,0.060547,0.070068,-1.020508
IMU,3230105908,7.875000,3.500000,0.437500,0.060547,0.067627,-1.020020
IMU,3230110910,8.562500,3.437500,0.250000,0.060791,0.067627,-1.020996
IMU,3230114909,8.187500,4.187500,0.750000,0.060059,0.070312,-1.021240
IMU,3230119910,8.125000,4.500000,1.000000,0.060059,0.071045,-1.022461
IMU,3230123908,7.187500,4.250000,0.187500,0.060303,0.069092,-1.022949
IMU,3230128911,8.500000,3.625000,0.812500,0.059082,0.068115,-1.023438
IMU,3230132908,8.250000,3.500000,0.937500,0.059570,0.069336,-1.022461
IMU,3230137910,7.625000,3.625000,0.000000,0.061035,0.068604,-1.022217
IMU,3230141909,7.375000,3.250000,-0.312500,0.060303,0.068359,-1.021240
IMU,3230146910,8.250000,3.812500,0.000000,0.060059,0.069336,-1.019775
IMU,3230151908,8.687500,4.375000,0.687500,0.059082,0.069824,-1.018555
IMU,3230155911,7.250000,4.687500,0.625000,0.059326,0.070801,-1.020996
IMU,3230160908,8.000000,4.375000,0.187500,0.060791,0.071777,-1.023438
IMU,3230164910,8.500000,4.625000,-0.437500,0.060303,0.072510,-1.023682
IMU,3230169909,8.250000,4.125000,0.000000,0.060791,0.074951,-1.023193
IMU,3230173910,8.312500,4.062500,-0.250000,0.060303,0.076416,-1.017822
IMU,3230178908,7.812500,4.437500,-0.312500,0.060303,0.075684,-1.015869
IMU,3230183911,7.937500,4.625000,0.562500,0.060791,0.076660,-1.016846
IMU,3230187908,8.562500,4.000000,0.875000,0.060791,0.076904,-1.017578
IMU,3230192910,8.312500,4.000000,0.250000,0.060791,0.078369,-1.018555
IMU,3230196909,8.187500,4.625000,-0.250000,0.062500,0.078613,-1.020264
IMU,3230201910,8.250000,4.562500,0.437500,0.062256,0.078857,-1.019043
IMU,3230205908,8.437500,3.875000,0.375000,0.061279,0.079590,-1.017578
IMU,3230210911,7.937500,4.500000,0.500000,0.062012,0.079834,-1.017822
IMU,3230214908,8.062500,4.062500,1.062500,0.060791,0.080322,-1.018799
IMU,3230219910,7.687500,3.937500,1.125000,0.061768,0.080811,-1.016846
IMU,3230224909,9.187500,3.750000,0.812500,0.061279,0.081055,-1.015869
IMU,3230228910,8.500000,4.312500,0.125000,0.060547,0.082031,-1.015137
IMU,3230233908,7.437500,4.625000,-0.437500,0.060547,0.082764,-1.014893
IMU,3230237911,8.062500,4.062500,1.000000,0.060303,0.082031,-1.014648
IMU,3230242908,8.062500,3.812500,1.062500,0.059570,0.081543,-1.018555
IMU,3230246910,8.312500,3.937500,-0.187500,0.058838,0.081055,-1.019043
IMU,3230251909,9.312500,3.750000,-0.312500,0.059814,0.081787,-1.018311
IMU,3230256910,8.250000,4.250000,-0.125000,0.059814,0.081543,-1.019043
IMU,3230260908,7.312500,4.562500,0.062500,0.059570,0.079590,-1.017578
IMU,3230265911,8.062500,4.562500,-0.250000,0.059814,0.079102,-1.014404
IMU,3230269908,8.562500,4.125000,0.437500,0.060303,0.078369,-1.014893
IMU,3230274910,7.687500,4.312500,0.562500,0.060547,0.078369,-1.015381
IMU,3230278909,7.812500,4.687500,1.187500,0.061523,0.079102,-1.019043
IMU,3230283910,7.500000,4.500000,1.500000,0.060303,0.079590,-1.020996
IMU,3230288908,7.937500,4.125000,-0.187500,0.059326,0.079834,-1.019775
IMU,3230292911,8.687500,4.312500,-0.250000,0.059814,0.078613,-1.022217
IMU,3230297908,8.937500,3.937500,-0.437500,0.060547,0.076904,-1.017822
IMU,3230301910,8.000000,4.312500,-0.375000,0.060303,0.076172,-1.017334
IMU,3230306909,8.250000,4.500000,0.625000,0.060303,0.074707,-1.018066
IMU,3230310910,8.312500,4.500000,1.062500,0.060303,0.074219,-1.019043
IMU,3230315908,8.375000,4.750000,0.687500,0.059570,0.073975,-1.019287
IMU,3230319911,8.500000,4.750000,-0.062500,0.060303,0.074219,-1.017334
IMU,3230324908,9.000000,4.937500,0.312500,0.059814,0.071777,-1.019043
IMU,3230329910,8.625000,4.062500,-0.125000,0.059326,0.072021,-1.021973
IMU,3230333909,8.375000,4.125000,0.562500,0.060059,0.072510,-1.022949
IMU,3230338910,8.562500,4.250000,1.125000,0.059814,0.071777,-1.023193
IMU,3230342908,8.812500,4.062500,0.125000,0.060547,0.071289,-1.024170
IMU,3230347911,9.062500,4.437500,0.125000,0.059326,0.071777,-1.022217
IMU,3230351908,8.562500,3.875000,0.500000,0.059326,0.070801,-1.018555
IMU,3230356910,9.125000,4.125000,-0.625000,0.060791,0.070557,-1.019287
IMU,3230361909,8.187500,4.437500,0.500000,0.060303,0.070068,-1.019775
IMU,3230365910,8.062500,4.687500,0.437500,0.059570,0.072021,-1.019775
IMU,3230370908,8.687500,4.062500,0.625000,0.058594,0.072998,-1.020264
IMU,3230374911,8.687500,4.125000,0.312500,0.059082,0.072998,-1.021729
IMU,3230379908,8.500000,4.125000,-0.250000,0.059326,0.072998,-1.022949
IMU,3230383910,7.937500,4.812500,0.375000,0.058350,0.072998,-1.022217
IMU,3230388909,7.125000,4.437500,-0.375000,0.059570,0.073730,-1.020752
IMU,3230392910,7.625000,4.125000,0.437500,0.059570,0.074707,-1.020264
IMU,3230397908,8.875000,3.625000,0.312500,0.060059,0.074463,-1.020996
IMU,3230402911,8.250000,3.187500,0.000000,0.060547,0.074951,-1.019287
IMU,3230406908,7.187500,3.562500,-0.312500,0.050293,0.073730,-1.019287
IMU,3230411910,8.062500,3.000000,-4.562500,0.018311,0.068848,-1.020752
IMU,3230415909,8.750000,2.500000,-5.750000,0.080078,0.079590,-1.017822
IMU,3230420910,8.687500,3.875000,-4.437500,0.062744,0.077881,-1.019287
IMU,3230424908,8.062500,3.437500,-4.812500,0.054932,0.077393,-1.018555
IMU,3230429911,8.625000,3.687500,-4.312500,0.061035,0.079346,-1.017090
IMU,3230434908,9.062500,3.500000,-3.875000,0.066162,0.080322,-1.017334
IMU,3230438910,8.812500,4.062500,-3.125000,0.061523,0.079346,-1.017822
IMU,3230443909,8.375000,4.187500,-2.875000,0.062256,0.079346,-1.018066
IMU,3230447910,7.625000,3.625000,-2.312500,0.064453,0.079346,-1.018799
IMU,3230452908,8.062500,3.750000,-2.437500,0.066650,0.079834,-1.018799
IMU,3230456911,8.062500,3.687500,-2.000000,0.062256,0.079590,-1.018066
IMU,3230461908,7.750000,4.187500,-1.750000,0.060303,0.079834,-1.015625
IMU,3230466910,7.250000,4.750000,-1.562500,0.061035,0.079102,-1.015869
IMU,3230470909,7.250000,4.000000,-1.562500,0.061279,0.078125,-1.016357
IMU,3230475910,7.812500,3.875000,-1.875000,0.059814,0.078857,-1.017578
IMU,3230479908,8.187500,3.625000,-1.562500,0.059570,0.078613,-1.020508
IMU,3230484911,7.812500,4.375000,-1.375000,0.060791,0.077881,-1.020264
IMU,3230488908,8.437500,4.375000,-1.125000,0.062012,0.078613,-1.019531
IMU,3230493910,8.750000,4.125000,-0.875000,0.061279,0.079346,-1.018799
IMU,3230497909,8.937500,4.312500,-1.062500,0.061523,0.077637,-1.016602
IMU,3230502910,8.687500,4.125000,-1.062500,0.060791,0.077637,-1.015137
IMU,3230507908,7.875000,4.500000,-0.812500,0.060791,0.075928,-1.015869
IMU,3230511911,8.500000,4.125000,-0.312500,0.061523,0.075928,-1.019043
IMU,3230516908,7.562500,4.437500,0.312500,0.060791,0.077148,-1.021973
IMU,3230520910,7.625000,3.875000,0.312500,0.059814,0.075684,-1.022217
IMU,3230525909,7.750000,4.437500,-0.250000,0.059814,0.075439,-1.022217
IMU,3230529910,7.500000,5.000000,0.062500,0.058350,0.074463,-1.020264
IMU,3230534908,8.250000,4.625000,0.500000,0.059814,0.073242,-1.018066
IMU,3230539911,8.125000,3.687500,0.250000,0.058838,0.073242,-1.017822
IMU,3230543908,7.187500,4.250000,0.062500,0.058350,0.074463,-1.018799
IMU,3230548910,7.562500,4.312500,0.187500,0.058838,0.074219,-1.021484
IMU,3230552909,7.812500,4.687500,0.250000,0.060059,0.072998,-1.020264
IMU,3230557910,8.500000,5.000000,0.562500,0.062012,0.072754,-1.017822
IMU,3230561908,7.937500,4.500000,1.125000,0.061768,0.073975,-1.020264
IMU,3230566911,7.625000,4.312500,0.437500,0.061523,0.072754,-1.021973
IMU,3230570908,7.625000,3.625000,-0.125000,0.061768,0.071289,-1.023438
IMU,3230575910,7.312500,4.125000,-0.562500,0.060791,0.072266,-1.020996
IMU,3230580909,7.750000,3.750000,0.062500,0.060059,0.073975,-1.020020
IMU,3230584910,8.375000,4.062500,-0.125000,0.061035,0.072754,-1.020996
IMU,3230589908,7.687500,4.250000,-0.187500,0.060059,0.072754,-1.020508
IMU,3230593911,7.000000,4.250000,0.812500,0.059326,0.072998,-1.021240
IMU,3230598908,6.875000,4.562500,1.187500,0.058350,0.073242,-1.020996
IMU,3230602910,7.750000,4.187500,1.062500,0.057617,0.071777,-1.021729
IMU,3230607909,7.875000,3.812500,0.000000,0.059326,0.072754,-1.022461
IMU,3230612910,7.750000,4.187500,-0.625000,0.060059,0.073242,-1.020752
IMU,3230616908,8.375000,4.000000,0.437500,0.059570,0.074463,-1.020996
IMU,3230621911,7.750000,4.125000,0.562500,0.059570,0.074463,-1.018799
IMU,3230625908,7.562500,4.125000,0.000000,0.060059,0.074463,-1.020508
IMU,3230630910,8.187500,4.812500,0.500000,0.060059,0.074707,-1.021973
IMU,3230634909,8.500000,4.687500,0.437500,0.059570,0.075439,-1.019287
IMU,3230639910,8.687500,4.250000,0.125000,0.059326,0.075195,-1.018555
IMU,3230644908,8.312500,4.000000,-0.250000,0.060303,0.076172,-1.018066
IMU,3230648911,8.812500,4.250000,0.875000,0.061035,0.076416,-1.020020
IMU,3230653908,8.250000,3.312500,0.875000,0.060791,0.077637,-1.018799
IMU,3230657910,8.500000,3.500000,0.500000,0.061035,0.076172,-1.018066
IMU,3230662909,8.125000,4.062500,-0.250000,0.060547,0.077881,-1.016357
IMU,3230666910,8.375000,4.187500,-0.375000,0.061035,0.078857,-1.017334
IMU,3230671908,8.187500,4.750000,0.312500,0.060059,0.079346,-1.017822
IMU,3230675911,7.562500,4.562500,0.312500,0.060547,0.080078,-1.016113
IMU,3230680908,8.312500,4.437500,0.125000,0.061035,0.078125,-1.018799
IMU,3230685910,8.937500,4.437500,1.062500,0.061035,0.078857,-1.021973
IMU,3230689909,9.125000,3.625000,1.312500,0.060791,0.078125,-1.018311
IMU,3230694910,8.375000,4.437500,1.437500,0.061035,0.078613,-1.014893
IMU,3230698908,7.250000,4.375000,0.625000,0.061035,0.078613,-1.014893
IMU,3230703911,7.562500,4.187500,0.000000,0.060303,0.078857,-1.018066
IMU,3230707908,8.062500,4.625000,0.437500,0.060791,0.078613,-1.017334
IMU,3230712910,8.312500,4.437500,0.312500,0.060791,0.078125,-1.018066
IMU,3230717909,7.500000,4.375000,0.562500,0.060303,0.077148,-1.021240
IMU,3230721910,8.125000,3.812500,-0.125000,0.061279,0.076660,-1.021729
IMU,3230726908,8.687500,4.500000,0.000000,0.061523,0.076660,-1.022705
IMU,3230730911,9.187500,4.312500,-0.187500,0.061035,0.076172,-1.018311
IMU,3230735908,9.250000,4.000000,-0.687500,0.061035,0.075195,-1.016846
IMU,3230739910,8.250000,3.625000,-0.375000,0.062012,0.076416,-1.020508
IMU,3230744909,8.062500,4.250000,0.000000,0.060547,0.077393,-1.023438
IMU,3230748910,8.187500,4.000000,0.000000,0.060547,0.075195,-1.020996
IMU,3230753908,7.625000,4.062500,0.625000,0.059814,0.075195,-1.019287
IMU,3230758911,8.000000,4.000000,0.375000,0.059570,0.074463,-1.019531
IMU,3230762908,8.187500,4.750000,0.187500,0.060547,0.073975,-1.019287
IMU,3230767910,9.000000,4.562500,0.250000,0.060547,0.073242,-1.018311
IMU,3230771909,8.250000,4.875000,0.437500,0.060547,0.072998,-1.019043
IMU,3230776910,7.812500,4.250000,0.687500,0.059814,0.073975,-1.019287
IMU,3230780908,7.750000,4.125000,0.500000,0.059570,0.073242,-1.020508
IMU,3230785911,7.687500,4.375000,0.500000,0.059570,0.072266,-1.021240
IMU,3230790908,8.437500,4.312500,0.187500,0.059326,0.073975,-1.019531
IMU,3230794910,7.812500,4.187500,0.812500,0.060059,0.072754,-1.020264
IMU,3230799909,8.375000,4.250000,-0.187500,0.060547,0.070801,-1.021729
IMU,3230803910,8.812500,3.437500,0.625000,0.062012,0.066895,-1.021973
IMU,3230808908,8.500000,4.062500,2.062500,0.067139,0.058350,-1.021729
IMU,3230812911,7.750000,4.812500,2.125000,0.058105,0.079346,-1.018555
IMU,3230817908,7.812500,4.437500,1.062500,0.057617,0.078613,-1.018311
IMU,3230821910,8.000000,4.625000,1.125000,0.059326,0.075684,-1.020996
IMU,3230826909,8.687500,5.000000,1.437500,0.058350,0.075439,-1.021484
IMU,3230831910,8.500000,4.562500,0.062500,0.059814,0.073730,-1.019043
IMU,3230835908,7.750000,5.062500,0.000000,0.059570,0.073975,-1.019043
IMU,3230840911,8.187500,4.562500,-0.250000,0.060303,0.075684,-1.020508
IMU,3230844908,9.250000,4.937500,-0.437500,0.060791,0.076172,-1.019531
IMU,3230849910,8.687500,4.437500,-0.500000,0.060791,0.076172,-1.018799
IMU,3230853909,8.562500,3.875000,1.000000,0.061279,0.075928,-1.019043
IMU,3230858910,9.062500,4.437500,-0.062500,0.059814,0.075684,-1.019287
IMU,3230863908,9.437500,4.562500,0.500000,0.060059,0.076660,-1.016357
IMU,3230867911,8.937500,5.125000,0.812500,0.060547,0.076660,-1.016602
IMU,3230872908,8.625000,4.187500,0.375000,0.059082,0.076172,-1.016846
IMU,3230876910,8.312500,3.500000,0.687500,0.060547,0.076416,-1.018066
IMU,3230881909,7.625000,4.000000,0.500000,0.059082,0.077148,-1.019531
IMU,3230885910,7.125000,4.687500,0.750000,0.058594,0.078613,-1.018799
IMU,3230890908,8.687500,4.750000,0.750000,0.059570,0.078125,-1.018799
IMU,3230895911,8.562500,4.375000,0.750000,0.059082,0.078369,-1.020508
IMU,3230899908,8.437500,4.187500,0.000000,0.059326,0.078857,-1.019775
IMU,3230904910,7.750000,4.500000,-0.312500,0.060059,0.078369,-1.017334
IMU,3230908909,7.750000,5.125000,-0.312500,0.060547,0.077881,-1.017334
IMU,3230913910,7.937500,3.625000,-0.375000,0.060303,0.077637,-1.016357
IMU,3230917908,9.062500,3.375000,0.562500,0.060547,0.078369,-1.016846
IMU,3230922911,8.750000,4.062500,1.062500,0.060303,0.079590,-1.017090
IMU,3230926908,8.000000,4.312500,1.187500,0.061279,0.079102,-1.018799
IMU,3230931910,8.125000,4.437500,1.500000,0.060547,0.078613,-1.019043
IMU,3230936909,8.250000,4.562500,1.250000,0.061035,0.078613,-1.019287
IMU,3230940910,7.937500,4.125000,1.125000,0.061035,0.077881,-1.019531
IMU,3230945908,7.125000,4.500000,0.562500,0.060303,0.077393,-1.017578
IMU,3230949911,8.250000,5.125000,0.000000,0.059814,0.077148,-1.016846
IMU,3230954908,8.562500,5.312500,-0.312500,0.061279,0.077148,-1.016602
IMU,3230958910,8.875000,4.437500,1.375000,0.060059,0.076416,-1.016602
IMU,3230963909,7.687500,4.062500,1.000000,0.059570,0.076416,-1.015869
IMU,3230968910,7.937500,4.062500,1.187500,0.060303,0.075928,-1.017578
IMU,3230972908,7.875000,4.437500,0.625000,0.059326,0.075439,-1.020752
IMU,3230977911,8.312500,4.125000,0.312500,0.060059,0.073975,-1.020752
IMU,3230981908,7.562500,4.250000,1.812500,0.060547,0.071777,-1.020752
IMU,3230986910,7.625000,4.750000,2.125000,0.061035,0.065186,-1.020264
IMU,3230990909,7.437500,5.062500,2.625000,0.061523,0.072510,-1.019775
IMU,3230995910,8.250000,4.437500,2.312500,0.061035,0.079102,-1.018799
IMU,3230999908,8.062500,4.375000,1.812500,0.060547,0.076660,-1.019043
IMU,3231004911,8.250000,4.125000,1.000000,0.059326,0.074707,-1.019287
IMU,3231009908,8.375000,4.187500,1.062500,0.060303,0.073975,-1.016846
IMU,3231013910,7.875000,3.937500,1.000000,0.060059,0.073975,-1.018311
IMU,3231018909,8.062500,4.187500,0.000000,0.060791,0.073242,-1.018555
IMU,3231022910,8.687500,4.375000,0.562500,0.059326,0.073242,-1.020264
IMU,3231027908,9.000000,4.125000,0.312500,0.057861,0.073486,-1.020508
IMU,3231031911,8.375000,3.812500,0.625000,0.059082,0.073730,-1.020020
IMU,3231036908,8.375000,4.000000,0.625000,0.059326,0.073486,-1.019775
IMU,3231041910,8.250000,3.687500,0.500000,0.058350,0.074951,-1.021484
IMU,3231045909,8.000000,3.875000,0.625000,0.059326,0.074219,-1.020752
IMU,3231050910,7.437500,3.812500,0.687500,0.059570,0.074219,-1.017822
IMU,3231054908,7.812500,4.000000,0.000000,0.060059,0.073486,-1.017090
IMU,3231059911,8.000000,4.125000,-0.062500,0.060059,0.073242,-1.019287
IMU,3231063908,8.375000,3.750000,0.250000,0.056641,0.071045,-1.020264
IMU,3231068910,8.625000,4.187500,1.187500,0.040771,0.064453,-1.020508
IMU,3231073909,8.937500,3.125000,-0.625000,0.037842,0.065674,-1.018555
IMU,3231077910,9.062500,3.125000,-1.187500,0.068848,0.080811,-1.017334
IMU,3231082908,9.062500,2.875000,0.000000,0.055420,0.075195,-1.019287
IMU,3231086911,9.187500,3.187500,0.437500,0.052246,0.075195,-1.019043
IMU,3231091908,9.750000,3.375000,0.312500,0.053467,0.076416,-1.018555
IMU,3231095910,9.312500,3.875000,-0.437500,0.055420,0.078369,-1.016846
IMU,3231100909,8.812500,3.812500,-1.250000,0.051758,0.075928,-1.020264
IMU,3231104910,8.875000,4.062500,-1.437500,0.064209,0.080078,-1.020996
IMU,3231109908,8.875000,3.625000,-1.437500,0.052246,0.075684,-1.020996
IMU,3231114911,8.875000,4.375000,-0.562500,0.044922,0.073242,-1.020508
IMU,3231118908,8.875000,4.500000,-0.312500,0.048584,0.075195,-1.020752
IMU,3231123910,8.250000,4.187500,-0.625000,0.052246,0.076904,-1.018066
IMU,3231127909,8.062500,4.437500,-0.687500,0.048096,0.074463,-1.016602
IMU,3231132910,8.125000,4.500000,-0.375000,0.046387,0.074707,-1.015625
IMU,3231136908,8.437500,3.750000,-0.437500,0.031738,0.074219,-1.016602
IMU,3231141911,8.625000,2.687500,-2.437500,0.027344,0.075684,-1.018311
IMU,3231146908,8.062500,4.312500,-5.250000,-0.046143,0.079834,-1.019287
IMU,3231150910,8.250000,4.375000,-10.000000,0.039062,0.081299,-1.021484
IMU,3231155909,8.875000,3.687500,-9.062500,0.030518,0.080078,-1.019043
IMU,3231159910,9.187500,3.500000,-9.562500,0.003418,0.074463,-1.019775
IMU,3231164908,8.937500,2.500000,-13.062500,-0.023682,0.071533,-1.020508
IMU,3231168911,8.687500,1.687500,-12.875000,0.087891,0.077637,-1.018799
IMU,3231173908,8.687500,4.687500,-11.125000,0.042725,0.079834,-1.016602
IMU,3231177910,7.437500,5.375000,-14.812500,-0.070312,0.072510,-1.015869
IMU,3231182909,7.500000,4.750000,-19.062500,-0.052979,0.060303,-1.019531
IMU,3231187910,8.437500,3.125000,-19.562500,-0.023926,0.057861,-1.021973
IMU,3231191908,8.500000,2.125000,-22.187500,-0.017578,0.044922,-1.017822
IMU,3231196911,7.750000,3.187500,-25.937500,-0.009277,0.050781,-1.020020
IMU,3231200908,8.562500,3.750000,-25.562500,0.006592,0.062500,-1.021484
IMU,3231205910,9.812500,4.562500,-26.937500,-0.006836,0.063477,-1.019287
IMU,3231209909,8.937500,5.625000,-26.937500,0.010254,0.068848,-1.020020
IMU,3231214910,7.562500,4.500000,-24.437500,0.013184,0.075195,-1.018311
IMU,3231219908,6.687500,6.062500,-24.062500,0.030273,0.082275,-1.017090
IMU,3231223911,5.375000,9.312500,-24.187500,0.034424,0.085449,-1.020752
IMU,3231228908,7.062500,6.562500,-19.687500,0.055176,0.100342,-1.023193
IMU,3231232910,8.312500,3.187500,-13.750000,0.052002,0.096436,-1.020508
IMU,3231237909,5.562500,4.937500,-12.625000,0.009766,0.089600,-1.017822
IMU,3231241910,6.437500,5.687500,-13.625000,0.008545,0.084717,-1.017334
IMU,3231246908,6.875000,6.437500,-14.500000,0.015137,0.083496,-1.017334
IMU,3231250911,8.750000,5.187500,-17.687500,-0.000244,0.075928,-1.022217
IMU,3231255908,8.812500,4.125000,-18.687500,0.021729,0.073975,-1.019531
IMU,3231260910,8.625000,2.625000,-17.500000,-0.026123,0.066895,-1.016602
IMU,3231264909,8.312500,4.250000,-18.312500,0.022217,0.064453,-1.019775
IMU,3231269910,6.812500,4.750000,-15.437500,0.029053,0.080078,-1.016602
IMU,3231273908,6.562500,2.937500,-9.562500,0.004883,0.081055,-1.022461
IMU,3231278911,7.187500,1.625000,-7.187500,0.023926,0.078857,-1.016846
IMU,3231282908,8.562500,1.625000,-9.250000,-0.016846,0.070557,-1.019287
IMU,3231287910,7.500000,4.937500,-9.437500,0.062988,0.090088,-1.012939
IMU,3231292909,6.250000,3.812500,-10.187500,-0.014404,0.098145,-1.018311
IMU,3231296910,6.687500,5.250000,-10.000000,0.121582,0.092529,-1.024414
IMU,3231301908,9.062500,2.687500,-3.437500,0.020508,0.118896,-1.023926
IMU,3231305911,11.000000,1.250000,1.812500,0.046875,0.103760,-1.021484
IMU,3231310908,12.875000,1.562500,-2.375000,-0.039795,0.083008,-1.012695
IMU,3231314910,7.375000,5.125000,-0.625000,0.070068,0.085693,-1.013916
IMU,3231319909,9.125000,4.375000,6.312500,0.093018,0.125000,-1.031250
IMU,3231324910,11.875000,0.625000,5.000000,0.051025,0.103271,-1.014648
IMU,3231328908,11.000000,4.437500,-3.750000,0.025391,0.077393,-1.008057
IMU,3231333911,8.687500,6.062500,-0.375000,0.151855,0.096191,-1.023926
IMU,3231337908,8.187500,4.562500,0.125000,0.030518,0.103516,-1.022461
IMU,3231342910,9.187500,6.500000,1.875000,0.071533,0.089111,-1.013916
IMU,3231346909,8.437500,7.250000,1.250000,0.023682,0.085938,-1.015137
IMU,3231351910,8.125000,5.812500,4.437500,0.106689,0.066406,-1.019287
IMU,3231355908,7.687500,6.750000,2.750000,0.053467,0.076904,-1.022705
IMU,3231360911,6.625000,9.875000,4.687500,0.064453,0.068115,-1.015869
IMU,3231365908,5.375000,4.187500,2.250000,0.013428,0.054688,-1.019287
IMU,3231369910,5.125000,1.312500,-3.312500,0.028564,0.032715,-1.018311
IMU,3231374909,9.750000,2.437500,-3.312500,0.128906,0.041260,-1.025635
IMU,3231378910,11.562500,-0.375000,-1.125000,-0.037109,0.070312,-1.026611
IMU,3231383908,11.562500,1.687500,-8.875000,-0.014893,0.018066,-1.007080
IMU,3231387911,10.375000,4.437500,-9.375000,0.014893,0.010254,-1.010742
IMU,3231392908,9.687500,5.000000,-4.125000,0.057861,0.038574,-1.020020
IMU,3231397910,9.750000,6.187500,-3.187500,0.068115,0.063721,-1.017822
IMU,3231401909,8.125000,5.750000,-9.812500,-0.017090,0.048340,-1.019043
IMU,3231406910,8.062500,6.000000,-17.937500,0.001709,0.037598,-1.019531
IMU,3231410908,8.500000,3.750000,-19.125000,0.025391,0.040283,-1.025391
IMU,3231415911,11.500000,2.000000,-16.187500,0.111816,0.082275,-1.024414
IMU,3231419908,13.250000,2.125000,-15.437500,0.049561,0.090088,-1.018799
IMU,3231424910,10.812500,4.375000,-15.687500,0.068115,0.079834,-1.016602
IMU,3231428909,9.687500,5.937500,-10.125000,0.072510,0.083984,-1.016602
IMU,3231433910,9.812500,6.250000,-7.687500,0.069580,0.078125,-1.021484
IMU,3231438908,9.312500,5.250000,-5.562500,0.107422,0.092529,-1.019043
IMU,3231442911,7.750000,5.937500,-3.125000,0.086670,0.097656,-1.020020
IMU,3231447908,7.000000,7.187500,-4.187500,0.057373,0.076416,-1.014893
IMU,3231451910,6.875000,7.375000,-2.687500,0.121338,0.078369,-1.020508
IMU,3231456909,6.937500,6.062500,1.750000,0.106689,0.086670,-1.025146
IMU,3231460910,8.750000,5.062500,0.375000,0.058105,0.070312,-1.023682
IMU,3231465908,12.250000,4.187500,-1.937500,0.120605,0.078125,-1.021973
IMU,3231470911,11.437500,4.750000,0.062500,0.031006,0.078613,-1.012451
IMU,3231474908,6.062500,7.750000,-3.500000,0.085938,0.067627,-1.015381
IMU,3231479910,5.562500,5.750000,-0.062500,0.069824,0.069092,-1.020996
IMU,3231483909,6.937500,2.312500,1.375000,0.092041,0.079102,-1.018555
IMU,3231488910,8.875000,2.187500,-6.312500,-0.023438,0.056152,-1.019775
IMU,3231492908,7.937500,2.750000,-11.750000,0.052002,0.046875,-1.020020
IMU,3231497911,10.000000,3.062500,-11.875000,0.032715,0.064453,-1.021729
IMU,3231502908,10.937500,2.812500,-14.062500,0.018799,0.056396,-1.020020
IMU,3231506910,10.937500,3.312500,-17.375000,0.018066,0.051025,-1.022461
IMU,3231511909,10.500000,3.000000,-17.062500,0.034180,0.061035,-1.019531
IMU,3231515910,10.250000,4.750000,-17.500000,0.052002,0.076416,-1.018311
IMU,3231520908,9.812500,4.187500,-18.687500,0.052734,0.086670,-1.021484
IMU,3231524911,9.187500,2.875000,-17.375000,-0.020020,0.055420,-1.016846
IMU,3231529908,9.125000,4.125000,-14.750000,0.041748,0.064209,-1.017090
IMU,3231533910,8.875000,6.125000,-13.250000,0.088135,0.083252,-1.019287
IMU,3231538909,7.625000,4.500000,-4.562500,0.114014,0.111572,-1.020752
IMU,3231543910,12.687500,2.000000,-5.625000,0.049805,0.107666,-1.022705
IMU,3231547908,13.062500,0.812500,-11.750000,-0.017578,0.071777,-1.018799
IMU,3231552911,9.812500,3.312500,-16.562500,0.037109,0.073975,-1.019531
IMU,3231556908,10.500000,3.562500,-17.500000,0.139404,0.101074,-1.021484
IMU,3231561910,11.437500,3.250000,-13.750000,0.148193,0.124268,-1.020752
IMU,3231565909,11.125000,5.250000,-14.375000,0.057861,0.119385,-1.020264
IMU,3231570910,11.312500,7.125000,-16.625000,0.062500,0.112549,-1.017822
IMU,3231575908,10.437500,3.812500,-17.187500,0.104004,0.074951,-1.030762
IMU,3231579911,11.625000,2.562500,-12.250000,0.035156,0.081543,-1.015625
IMU,3231584908,10.375000,3.312500,-8.750000,0.065674,0.078613,-1.014648
IMU,3231588910,10.812500,4.750000,-8.062500,0.011475,0.076416,-1.009521
IMU,3231593909,8.750000,5.000000,-7.750000,0.043945,0.068604,-1.007080
IMU,3231597910,9.750000,5.687500,-1.750000,0.040527,0.070068,-1.013916
IMU,3231602908,10.812500,5.750000,1.250000,0.090088,0.078613,-1.019775
IMU,3231606911,10.687500,6.375000,3.000000,0.078857,0.091553,-1.025635
IMU,3231611908,10.687500,5.312500,-0.312500,-0.000488,0.072021,-1.028564
IMU,3231616910,9.750000,5.062500,-2.875000,0.061035,0.067383,-1.021973
IMU,3231620909,9.125000,5.250000,-1.562500,0.038818,0.071533,-1.022949
IMU,3231625910,11.312500,4.750000,0.625000,0.016602,0.064941,-1.016113
IMU,3231629908,11.125000,6.687500,3.875000,0.059814,0.073730,-1.006348
IMU,3231634911,8.937500,8.625000,7.375000,0.106445,0.102295,-1.014648
IMU,3231638908,9.500000,3.000000,5.562500,-0.009033,0.090576,-1.017578
IMU,3231643910,9.375000,4.687500,0.937500,-0.000488,0.069336,-1.014648
IMU,3231648909,7.375000,8.125000,4.250000,0.097412,0.093506,-1.017822
IMU,3231652910,9.125000,5.937500,10.062500,0.031982,0.110352,-1.037598
IMU,3231657908,11.625000,2.875000,6.937500,0.015869,0.077393,-1.033203
IMU,3231661911,11.625000,4.125000,6.312500,-0.038330,0.061768,-1.013672
IMU,3231666908,10.437500,8.250000,5.812500,0.022461,0.049316,-1.017822
IMU,3231670910,9.250000,7.750000,10.187500,0.074219,0.072998,-1.018799
IMU,3231675909,9.687500,4.187500,11.375000,-0.020752,0.073975,-1.015869
IMU,3231680910,10.937500,4.125000,15.500000,0.092285,0.059326,-1.015137
IMU,3231684908,9.687500,3.187500,14.000000,-0.078369,0.049561,-1.026123
CFG,gyro_range_dps=2048,accel_range_g=8,odr_hz=250
IMU,3231689911,9.750000,4.687500,3.437500,-0.087402,0.005859,-1.014404
IMU,3231693908,8.562500,6.750000,-1.000000,0.031006,0.031982,-1.028809
IMU,3231698910,9.562500,3.500000,2.125000,0.003662,0.052002,-1.027832
IMU,3231702909,7.187500,3.562500,3.750000,-0.031494,0.045898,-1.016846
IMU,3231707910,7.562500,4.062500,11.375000,0.089844,0.075195,-1.024414
IMU,3231711908,9.125000,1.875000,24.500000,0.014160,0.091064,-1.015381
IMU,3231716911,9.375000,-0.250000,20.375000,-0.050537,0.060791,-1.017578
IMU,3231721908,9.937500,1.875000,18.437500,-0.027832,0.054688,-1.019287
IMU,3231725910,11.062500,3.750000,7.375000,-0.141113,-0.004150,-1.015381
IMU,3231730909,12.437500,5.750000,0.937500,-0.041504,0.003906,-1.018311
IMU,3231734910,9.437500,6.562500,6.625000,0.096436,0.090576,-1.021484
IMU,3231739908,5.000000,2.000000,14.312500,0.023438,0.117920,-1.028320
IMU,3231743911,7.562500,-0.125000,5.875000,-0.133057,0.037598,-1.020752
IMU,3231748908,11.000000,6.000000,-1.562500,-0.063965,0.013184,-1.009033
IMU,3231753910,9.125000,8.812500,-1.500000,-0.014648,0.049072,-1.020020
IMU,3231757909,10.437500,6.875000,-1.125000,-0.031738,0.046143,-1.016113
IMU,3231762910,6.812500,7.250000,8.937500,0.041748,0.086914,-1.017822
IMU,3231766908,11.375000,3.250000,14.562500,-0.018066,0.065186,-1.022705
IMU,3231771911,10.625000,4.500000,12.500000,0.060059,0.062988,-1.016113
IMU,3231775908,11.875000,6.312500,18.437500,0.090332,0.095947,-1.018799
IMU,3231780910,10.562500,6.750000,15.687500,0.004883,0.093506,-1.014648
IMU,3231784909,9.000000,6.687500,5.562500,0.042725,0.080811,-1.018311
IMU,3231789910,6.937500,7.500000,2.625000,0.063232,0.075684,-1.022705
IMU,3231794908,7.125000,1.437500,4.000000,-0.003174,0.077148,-1.022949
IMU,3231798911,5.625000,-0.062500,-0.312500,-0.010010,0.047363,-1.015381
IMU,3231803908,6.375000,9.250000,3.125000,0.094238,0.072754,-1.009766
IMU,3231807910,11.125000,7.875000,5.000000,0.095947,0.131836,-1.029785
IMU,3231812909,12.875000,0.250000,4.187500,0.113037,0.119873,-1.019775
IMU,3231816910,9.562500,4.562500,13.062500,0.092285,0.120605,-1.017578
IMU,3231821908,10.625000,7.687500,12.375000,0.011963,0.122803,-1.019287
IMU,3231826911,10.562500,7.562500,5.562500,0.018066,0.096436,-1.014160
IMU,3231830908,8.750000,2.687500,-3.062500,-0.067627,0.065918,-1.027588
IMU,3231835910,9.062500,2.062500,-21.312500,-0.047852,0.010742,-1.020264
IMU,3231839909,8.562500,7.750000,-17.375000,0.188232,0.090576,-1.013672
IMU,3231844910,6.000000,6.062500,1.500000,0.114990,0.173340,-1.016357
IMU,3231848908,9.062500,10.250000,13.250000,0.157715,0.191895,-1.014160
IMU,3231853911,7.625000,12.500000,14.687500,0.193115,0.185791,-1.042480
IMU,3231857908,14.625000,7.187500,25.250000,0.150391,0.168213,-1.020996
IMU,3231862910,7.562500,2.937500,20.750000,-0.054199,0.142090,-0.981201
IMU,3231867909,2.250000,-1.875000,16.937500,0.006836,0.090576,-1.022705
IMU,3231871910,10.125000,-1.562500,8.187500,0.030029,0.052734,-1.029785
IMU,3231876908,11.312500,2.437500,13.437500,0.177979,0.086670,-1.022217
IMU,3231880911,9.937500,1.875000,3.625000,-0.013916,0.102051,-1.021484
IMU,3231885908,7.750000,1.437500,-0.062500,0.223877,0.091309,-1.025879
IMU,3231889910,7.750000,3.687500,7.250000,0.201904,0.138672,-1.029541
IMU,3231894909,6.562500,2.562500,-0.687500,0.128174,0.125977,-1.014648
IMU,3231899910,5.687500,4.562500,-9.812500,0.115234,0.089355,-1.014648
IMU,3231903908,7.000000,6.875000,-18.625000,0.050537,0.079590,-1.016602
IMU,3231908911,9.625000,4.312500,-9.437500,0.076660,0.047363,-1.016113
IMU,3231912908,4.937500,9.687500,-10.125000,0.146973,0.046143,-1.016113
IMU,3231917910,6.312500,5.875000,-20.937500,0.103516,0.080811,-1.021240
IMU,3231921909,10.625000,5.812500,-18.687500,0.189453,0.088623,-1.021729
IMU,3231926910,12.312500,2.750000,-5.125000,0.167725,0.098145,-1.022705
IMU,3231931908,11.437500,4.187500,-4.500000,0.141602,0.095703,-1.026367
IMU,3231935911,7.125000,6.125000,-17.375000,0.091553,0.088623,-1.023926
IMU,3231940908,10.750000,3.250000,-19.062500,0.158691,0.083984,-1.029053
IMU,3231944910,12.937500,2.250000,-0.375000,0.207275,0.109131,-1.015381
IMU,3231949909,9.500000,7.562500,7.937500,0.127441,0.127930,-1.012695
IMU,3231953910,7.875000,6.375000,0.562500,0.123779,0.096680,-1.012939
IMU,3231958908,6.500000,5.312500,-6.250000,0.122314,0.078125,-1.014893
IMU,3231962911,8.250000,6.562500,-7.375000,0.149414,0.082764,-1.012695
IMU,3231967908,8.000000,7.062500,-1.750000,0.148682,0.093750,-1.021729
IMU,3231972910,7.062500,5.562500,-3.500000,0.145508,0.077881,-1.021240
IMU,3231976909,7.250000,4.812500,-6.500000,0.148193,0.074951,-1.024414
IMU,3231981910,11.062500,4.125000,-7.687500,0.152344,0.073730,-1.023438
IMU,3231985908,12.062500,2.562500,-7.250000,0.150146,0.070068,-1.019775
IMU,3231990911,8.875000,4.687500,-10.000000,0.108398,0.059570,-1.012939
IMU,3231994908,8.000000,3.500000,-12.812500,0.136230,0.045654,-1.014893
IMU,3231999910,8.000000,3.562500,-10.937500,0.162109,0.048584,-1.014160
IMU,3232004909,7.250000,3.062500,-12.312500,0.165283,0.064697,-1.016113
IMU,3232008910,8.062500,3.625000,-14.000000,0.165039,0.065430,-1.020508
IMU,3232013908,9.250000,3.437500,-15.687500,0.216797,0.064697,-1.019287
IMU,3232017911,10.000000,2.875000,-17.437500,0.220215,0.060791,-1.020752
IMU,3232022908,8.625000,3.937500,-19.875000,0.226562,0.066650,-1.022461
IMU,3232026910,9.187500,2.687500,-15.437500,0.249512,0.070312,-1.018066
IMU,3232031909,9.250000,3.312500,-12.125000,0.250732,0.070068,-1.011230
IMU,3232035910,8.250000,1.250000,-11.812500,0.248779,0.064209,-1.014893
IMU,3232040908,8.562500,2.125000,-10.250000,0.259521,0.057617,-1.012451
IMU,3232045911,9.812500,2.687500,-7.750000,0.249756,0.049316,-1.021484
IMU,3232049908,9.750000,1.562500,-5.375000,0.249512,0.029785,-1.022217
IMU,3232054910,10.250000,1.125000,-3.500000,0.201660,0.029541,-1.021484
IMU,3232058909,10.750000,1.500000,-1.187500,0.142090,0.042725,-1.015381
IMU,3232063910,9.937500,2.500000,-0.437500,0.073975,0.071045,-1.018311
IMU,3232067908,9.312500,2.125000,-0.437500,0.067871,0.078857,-1.016846
IMU,3232072911,8.500000,2.937500,-3.375000,0.080566,0.088867,-1.011475
IMU,3232077908,7.187500,6.250000,-5.375000,0.120605,0.072998,-1.005127
IMU,3232081910,6.500000,10.625000,-0.250000,0.098389,0.067871,-1.017090
IMU,3232086909,5.375000,10.937500,1.875000,0.074219,0.071777,-1.025879
IMU,3232090910,6.375000,9.437500,0.937500,0.071533,0.074951,-1.027588
IMU,3232095908,7.312500,7.562500,0.625000,0.064697,0.072266,-1.029785
IMU,3232099911,7.812500,6.187500,1.375000,0.070312,0.070068,-1.026367
IMU,3232104908,7.750000,5.125000,1.125000,0.065430,0.071045,-1.022705
IMU,3232109910,8.187500,4.312500,0.187500,0.066162,0.071045,-1.019775
IMU,3232113909,8.375000,4.187500,0.500000,0.061523,0.070068,-1.018799
IMU,3232118910,8.500000,4.687500,0.687500,0.064453,0.069824,-1.020752
IMU,3232122908,8.375000,5.000000,1.125000,0.055176,0.070557,-1.021484
IMU,3232127911,8.500000,5.062500,1.500000,0.063477,0.070312,-1.022217
IMU,3232131908,8.750000,4.625000,0.062500,0.061768,0.069336,-1.022705
IMU,3232136910,8.187500,4.437500,0.937500,0.063965,0.064697,-1.023682
IMU,3232140909,8.312500,4.187500,3.000000,0.038818,0.070801,-1.021973
IMU,3232145910,8.125000,3.875000,3.687500,0.032959,0.074219,-1.021484
IMU,3232150908,8.625000,4.375000,3.125000,0.041748,0.075684,-1.021240
IMU,3232154911,8.562500,3.625000,2.875000,0.041016,0.076660,-1.019043
IMU,3232159908,7.812500,3.500000,2.750000,0.038818,0.078857,-1.021973
IMU,3232163910,8.062500,3.437500,2.125000,0.044189,0.080566,-1.021729
IMU,3232168909,7.687500,3.062500,1.625000,0.052002,0.080811,-1.018799
IMU,3232172910,7.937500,3.125000,1.062500,0.056396,0.080566,-1.016602
IMU,3232177908,8.375000,3.750000,0.250000,0.059814,0.078613,-1.015381
IMU,3232182911,8.625000,3.625000,0.562500,0.059814,0.077148,-1.017334
IMU,3232186908,8.562500,3.125000,0.375000,0.060303,0.078125,-1.015625
IMU,3232191910,8.562500,3.062500,0.250000,0.061523,0.078613,-1.023926
IMU,3232195909,7.687500,3.437500,0.437500,0.062256,0.079834,-1.020508
IMU,3232200910,7.812500,3.312500,0.000000,0.062744,0.081055,-1.020020
IMU,3232204908,8.875000,3.375000,0.187500,0.062256,0.082031,-1.016113
IMU,3232209911,8.562500,3.562500,0.062500,0.062744,0.081787,-1.011475
IMU,3232213908,9.125000,3.375000,0.062500,0.064941,0.083008,-1.019287
IMU,3232218910,8.687500,3.812500,0.375000,0.063965,0.082031,-1.014893
IMU,3232223909,8.500000,3.750000,0.625000,0.062744,0.082275,-1.016113
IMU,3232227910,7.687500,3.437500,0.437500,0.062744,0.083252,-1.018555
IMU,3232232908,7.500000,3.437500,0.187500,0.062744,0.083252,-1.016602
IMU,3232236911,7.562500,3.250000,0.187500,0.062500,0.082031,-1.018311
IMU,3232241908,7.937500,3.625000,0.625000,0.062256,0.082031,-1.017090
IMU,3232245910,8.187500,3.250000,-0.250000,0.061523,0.083496,-1.015625
IMU,3232250909,8.312500,3.187500,0.000000,0.060547,0.084961,-1.015381
IMU,3232255910,7.562500,3.000000,1.312500,0.060547,0.084229,-1.016602
IMU,3232259908,7.812500,3.375000,1.062500,0.060547,0.083008,-1.016113
IMU,3232264911,8.250000,3.687500,0.000000,0.061035,0.082520,-1.015137
IMU,3232268908,8.187500,3.000000,-0.750000,0.062500,0.082031,-1.016846
IMU,3232273910,7.812500,3.062500,-0.562500,0.061523,0.081055,-1.019043
IMU,3232277909,7.375000,3.562500,-0.500000,0.062256,0.079590,-1.020264
IMU,3232282910,7.750000,3.562500,0.750000,0.063721,0.078857,-1.020996
IMU,3232286908,8.500000,3.375000,0.875000,0.063232,0.079102,-1.019531
IMU,3232291911,8.125000,2.937500,0.187500,0.063721,0.078125,-1.019775
IMU,3232296908,7.125000,3.750000,0.250000,0.063232,0.076172,-1.017578
IMU,3232300910,7.125000,3.937500,-0.750000,0.062256,0.075195,-1.016357
IMU,3232305909,8.375000,4.000000,0.187500,0.061768,0.074951,-1.018066
IMU,3232309910,8.750000,3.625000,0.062500,0.062744,0.075195,-1.018555
IMU,3232314908,8.437500,3.812500,1.375000,0.061768,0.074219,-1.021729
IMU,3232318911,8.125000,3.937500,1.000000,0.060059,0.072754,-1.022705
IMU,3232323908,7.812500,4.125000,-0.250000,0.060303,0.072266,-1.022461
IMU,3232328910,8.750000,3.687500,-0.687500,0.060547,0.071777,-1.023193
IMU,3232332909,9.125000,3.375000,-1.062500,0.058838,0.072266,-1.021973
IMU,3232337910,8.750000,3.250000,-1.250000,0.057129,0.071777,-1.019531
IMU,3232341908,8.062500,4.375000,-1.750000,0.056885,0.073486,-1.018311
IMU,3232346911,8.500000,4.125000,-2.437500,0.054932,0.073730,-1.018799
IMU,3232350908,9.000000,3.687500,-1.625000,0.058350,0.072754,-1.022949
IMU,3232355910,8.687500,3.875000,-1.687500,0.064209,0.072998,-1.022217
IMU,3232360909,8.812500,4.625000,-2.562500,0.065430,0.072754,-1.021484
IMU,3232364910,9.375000,4.562500,-1.812500,0.065186,0.071533,-1.022705
IMU,3232369908,9.062500,4.750000,-1.312500,0.063965,0.072998,-1.023193
IMU,3232373911,8.500000,4.250000,-1.187500,0.064453,0.072998,-1.021729
IMU,3232378908,8.687500,4.125000,-1.625000,0.065186,0.072510,-1.021484
IMU,3232382910,8.000000,4.437500,-1.562500,0.066162,0.073730,-1.020508
IMU,3232387909,8.187500,4.000000,-1.312500,0.066162,0.073486,-1.020020
IMU,3232391910,9.312500,3.875000,-0.187500,0.064209,0.073975,-1.020264
IMU,3232396908,9.062500,4.250000,-0.812500,0.061523,0.075195,-1.020264
IMU,3232401911,8.125000,4.750000,-1.125000,0.063232,0.076660,-1.019043
IMU,3232405908,8.562500,4.500000,-1.125000,0.063477,0.077148,-1.020752
IMU,3232410910,9.125000,4.812500,-1.437500,0.062988,0.078125,-1.021484
IMU,3232414909,9.312500,3.937500,-1.125000,0.064453,0.078613,-1.020264
IMU,3232419910,8.312500,4.000000,-0.562500,0.062988,0.078613,-1.018555
IMU,3232423908,8.187500,4.687500,0.562500,0.061768,0.079346,-1.017334
IMU,3232428911,8.937500,4.812500,0.500000,0.061523,0.079834,-1.015869
IMU,3232433908,9.125000,4.875000,0.687500,0.061279,0.081787,-1.016357
IMU,3232437910,8.937500,4.687500,0.312500,0.062012,0.082031,-1.015869
IMU,3232442909,9.187500,5.000000,0.125000,0.062744,0.083252,-1.016602
IMU,3232446910,7.750000,5.000000,0.000000,0.062256,0.081787,-1.019287
IMU,3232451908,8.625000,5.062500,0.187500,0.061768,0.081543,-1.017578
IMU,3232455911,9.250000,4.187500,-0.187500,0.062988,0.082275,-1.016113
IMU,3232460908,8.312500,4.437500,-0.875000,0.062988,0.082520,-1.015381
IMU,3232464910,8.375000,4.812500,0.000000,0.062256,0.083008,-1.016113
IMU,3232469909,8.312500,4.250000,0.125000,0.061279,0.081787,-1.018066
IMU,3232474910,8.062500,4.500000,0.000000,0.062500,0.082520,-1.019043
IMU,3232478908,8.750000,5.125000,0.375000,0.062744,0.082520,-1.019043
IMU,3232483911,8.562500,5.125000,0.437500,0.061279,0.082275,-1.018799
IMU,3232487908,8.500000,4.437500,-0.125000,0.062256,0.080322,-1.019775
IMU,3232492910,8.875000,4.562500,-0.375000,0.062988,0.078857,-1.019531
IMU,3232496909,8.875000,4.500000,1.125000,0.061768,0.079102,-1.017822
IMU,3232501910,8.750000,3.875000,1.312500,0.063721,0.078369,-1.018311
IMU,3232506908,8.687500,4.500000,1.562500,0.063232,0.077393,-1.017334
IMU,3232510911,9.000000,4.187500,-0.125000,0.063721,0.077148,-1.015869
IMU,3232515908,8.750000,4.312500,-0.125000,0.063965,0.077637,-1.017334
IMU,3232519910,8.250000,5.250000,0.187500,0.063965,0.078125,-1.019531
IMU,3232524909,8.250000,5.375000,0.812500,0.062988,0.076416,-1.020508
IMU,3232528910,8.875000,5.312500,1.000000,0.063232,0.075195,-1.020264
IMU,3232533908,8.812500,4.437500,0.875000,0.062012,0.074707,-1.021973
IMU,3232538911,9.375000,3.875000,0.250000,0.061035,0.075195,-1.020508
IMU,3232542908,9.625000,4.250000,-0.125000,0.061035,0.074707,-1.020508
IMU,3232547910,9.000000,4.562500,-0.062500,0.061523,0.074463,-1.019775
IMU,3232551909,8.687500,3.812500,0.437500,0.060303,0.072998,-1.017578
IMU,3232556910,9.500000,4.562500,0.312500,0.060547,0.073730,-1.019043
IMU,3232560908,8.687500,3.250000,1.000000,0.061035,0.073242,-1.017578
IMU,3232565911,10.125000,3.812500,0.625000,0.061279,0.073242,-1.018311
IMU,3232569908,9.687500,4.562500,-0.437500,0.061768,0.073730,-1.018799
IMU,3232574910,9.375000,3.750000,-0.062500,0.062500,0.074951,-1.019531
IMU,3232579909,10.250000,4.750000,0.312500,0.061768,0.073242,-1.020996
IMU,3232583910,9.937500,4.750000,0.187500,0.061279,0.072998,-1.019531
IMU,3232588908,10.062500,4.250000,0.437500,0.061768,0.072754,-1.014648
IMU,3232592911,9.937500,4.437500,0.000000,0.061523,0.073730,-1.016113
IMU,3232597908,9.750000,4.000000,-0.062500,0.062012,0.072754,-1.021973
IMU,3232601910,9.437500,4.312500,-0.562500,0.061523,0.075684,-1.029053
IMU,3232606909,9.125000,3.812500,-1.062500,0.061768,0.076172,-1.037354
IMU,3232611910,8.875000,2.812500,-1.562500,0.062744,0.077148,-1.033203
IMU,3232615908,9.375000,2.625000,-1.937500,0.062500,0.078125,-1.026855
IMU,3232620911,9.437500,2.937500,-2.812500,0.062988,0.078125,-1.022217
IMU,3232624908,9.125000,2.812500,-2.625000,0.062744,0.076172,-1.012451
IMU,3232629910,9.500000,3.312500,-2.187500,0.062744,0.076904,-1.008789
IMU,3232633909,9.625000,3.750000,-1.625000,0.062744,0.078613,-1.010498
IMU,3232638910,10.187500,3.687500,-1.750000,0.061035,0.078369,-1.010986
IMU,3232642908,9.937500,3.500000,-1.437500,0.061279,0.078369,-1.013428
IMU,3232647911,9.375000,2.937500,-1.437500,0.063721,0.079102,-1.018799
IMU,3232652908,9.187500,3.187500,-0.937500,0.064941,0.077148,-1.023682
IMU,3232656910,9.125000,3.812500,-1.562500,0.063965,0.077881,-1.025391
IMU,3232661909,9.625000,3.250000,-1.812500,0.063965,0.077881,-1.022949
IMU,3232665910,9.187500,2.875000,-1.312500,0.064209,0.078125,-1.018311
IMU,3232670908,9.062500,3.250000,-0.500000,0.063232,0.078857,-1.014648
IMU,3232674911,9.375000,3.812500,-0.375000,0.062744,0.078857,-1.012207
IMU,3232679908,9.562500,4.312500,-0.250000,0.062988,0.078369,-1.013672
IMU,3232684910,9.000000,4.750000,-0.250000,0.063477,0.077637,-1.015869
IMU,3232688909,9.375000,4.187500,-1.437500,0.062500,0.078613,-1.019287
IMU,3232693910,9.562500,4.187500,-1.625000,0.062500,0.078369,-1.021484
IMU,3232697908,9.750000,4.750000,-1.000000,0.061523,0.078613,-1.018799
IMU,3232702911,9.750000,4.375000,-0.437500,0.063232,0.078125,-1.019287
IMU,3232706908,10.000000,3.437500,0.125000,0.062256,0.078613,-1.020508
IMU,3232711910,10.000000,3.500000,0.375000,0.061768,0.078857,-1.018311
IMU,3232716909,9.562500,3.812500,0.062500,0.061768,0.078369,-1.014160
IMU,3232720910,9.812500,4.250000,-0.062500,0.063232,0.078857,-1.014160
IMU,3232725908,9.500000,3.750000,0.250000,0.063232,0.078613,-1.018555
IMU,3232729911,9.750000,4.000000,-0.625000,0.062988,0.077393,-1.022705
IMU,3232734908,10.062500,3.875000,-0.375000,0.063721,0.077393,-1.024170
IMU,3232738910,9.500000,3.687500,0.687500,0.062012,0.077881,-1.024658
IMU,3232743909,10.187500,3.187500,-0.125000,0.062012,0.077148,-1.022949
IMU,3232747910,9.625000,3.312500,-0.375000,0.062744,0.076660,-1.019775
IMU,3232752908,9.687500,3.125000,0.812500,0.062012,0.077881,-1.016113
IMU,3232757911,9.125000,3.500000,0.875000,0.061768,0.078125,-1.015137
IMU,3232761908,9.562500,3.812500,1.125000,0.061768,0.076416,-1.015381
IMU,3232766910,9.750000,3.875000,-0.437500,0.062744,0.076416,-1.018066
IMU,3232770909,9.625000,3.625000,-0.187500,0.062012,0.076172,-1.018799
IMU,3232775910,10.062500,3.437500,0.937500,0.061768,0.076416,-1.020508
IMU,3232779908,10.187500,3.562500,1.062500,0.062500,0.077393,-1.023193
IMU,3232784911,9.562500,4.125000,0.437500,0.062988,0.077393,-1.023438
IMU,3232789908,9.937500,4.125000,-0.187500,0.062500,0.077637,-1.020264
IMU,3232793910,9.375000,3.312500,-0.250000,0.062500,0.075928,-1.017578
IMU,3232798909,9.375000,3.562500,0.250000,0.063232,0.074219,-1.017090
IMU,3232802910,10.625000,3.875000,0.062500,0.063965,0.074951,-1.017578
IMU,3232807908,9.375000,2.875000,-0.125000,0.064209,0.074463,-1.017090
IMU,3232811911,9.750000,3.437500,-0.312500,0.062744,0.074951,-1.018799
IMU,3232816908,9.562500,3.687500,0.375000,0.063477,0.075439,-1.022949
IMU,3232820910,10.187500,3.750000,-0.062500,0.063477,0.075195,-1.023682
IMU,3232825909,9.625000,3.687500,0.500000,0.062744,0.076172,-1.021973
IMU,3232830910,9.500000,4.125000,-0.500000,0.062744,0.076904,-1.022705
IMU,3232834908,9.750000,2.937500,-0.625000,0.062988,0.075684,-1.021973
IMU,3232839911,9.750000,3.062500,-0.812500,0.061279,0.077393,-1.014404
IMU,3232843908,8.687500,3.500000,-0.562500,0.058105,0.076416,-1.017334
IMU,3232848910,9.062500,3.375000,-0.312500,0.062012,0.076660,-1.016357
IMU,3232852909,9.812500,3.250000,0.062500,0.064209,0.076660,-1.018311
IMU,3232857910,9.250000,3.062500,-0.375000,0.064209,0.076416,-1.024414
IMU,3232862908,9.937500,3.625000,-0.187500,0.064209,0.076660,-1.017578
IMU,3232866911,9.437500,4.000000,0.750000,0.062988,0.076904,-1.018799
IMU,3232871908,9.500000,3.437500,-0.250000,0.062500,0.076660,-1.020996
IMU,3232875910,9.937500,3.500000,-0.312500,0.062744,0.077637,-1.017822
IMU,3232880909,9.250000,3.000000,0.125000,0.062012,0.078125,-1.018066
IMU,3232884910,9.812500,4.062500,0.937500,0.062500,0.077393,-1.016113
IMU,3232889908,10.625000,4.312500,0.187500,0.062988,0.077637,-1.018311
IMU,3232893911,10.000000,3.625000,-0.437500,0.061768,0.078125,-1.020264
IMU,3232898908,9.750000,3.312500,0.875000,0.061279,0.078125,-1.022461
IMU,3232903910,9.750000,3.437500,0.687500,0.063232,0.078369,-1.019287
IMU,3232907909,10.250000,3.875000,0.312500,0.063232,0.077881,-1.015381
IMU,3232912910,10.312500,3.687500,0.562500,0.062500,0.078369,-1.018555
IMU,3232916908,9.937500,3.312500,0.312500,0.062012,0.078125,-1.014160
IMU,3232921911,9.375000,3.187500,0.062500,0.063477,0.079590,-1.018066
IMU,3232925908,8.875000,4.375000,1.125000,0.062500,0.078613,-1.022461
IMU,3232930910,9.062500,4.187500,1.187500,0.062988,0.077393,-1.018799
IMU,3232935909,9.875000,3.500000,-0.125000,0.063477,0.076904,-1.023438
IMU,3232939910,9.125000,3.375000,-0.125000,0.063232,0.077393,-1.020508
IMU,3232944908,9.937500,3.875000,0.937500,0.063721,0.077148,-1.020264
IMU,3232948911,9.187500,4.000000,0.562500,0.064453,0.076416,-1.021973
IMU,3232953908,8.937500,3.000000,0.375000,0.061768,0.076172,-1.017822
IMU,3232957910,9.687500,3.312500,-0.500000,0.061279,0.076904,-1.020508
IMU,3232962909,10.375000,4.500000,-0.500000,0.062988,0.075439,-1.017090
IMU,3232967910,10.375000,4.187500,-0.875000,0.062012,0.075195,-1.015137
IMU,3232971908,10.312500,5.062500,-1.250000,0.061035,0.075439,-1.018799
IMU,3232976911,9.562500,4.312500,-0.687500,0.061523,0.076172,-1.019043
IMU,3232980908,9.562500,4.312500,-0.187500,0.062744,0.076660,-1.022949
IMU,3232985910,8.937500,4.687500,0.187500,0.062744,0.076660,-1.022461
IMU,3232989909,10.312500,4.250000,0.562500,0.061768,0.077393,-1.020264
IMU,3232994910,10.187500,4.250000,0.812500,0.062256,0.077393,-1.020020
IMU,3232998908,9.812500,4.312500,0.562500,0.063721,0.076904,-1.020508
IMU,3233003911,9.937500,4.000000,0.000000,0.063477,0.077148,-1.023438
IMU,3233008908,9.250000,3.812500,-0.312500,0.062012,0.077637,-1.018311
IMU,3233012910,9.375000,3.812500,-0.062500,0.062988,0.078369,-1.018066
IMU,3233017909,9.812500,4.000000,0.375000,0.062500,0.078613,-1.016602
IMU,3233021910,9.375000,4.125000,0.812500,0.060547,0.077637,-1.015137
IMU,3233026908,9.562500,4.125000,0.125000,0.061279,0.077881,-1.018799
IMU,3233030911,9.000000,4.062500,0.312500,0.062500,0.077393,-1.019287
IMU,3233035908,9.250000,3.937500,0.812500,0.061768,0.077393,-1.021729
IMU,3233040910,9.250000,3.812500,0.750000,0.063232,0.077637,-1.021973
IMU,3233044909,9.000000,4.187500,0.937500,0.062012,0.077637,-1.020020
IMU,3233049910,9.375000,4.062500,0.937500,0.062500,0.078613,-1.019287
IMU,3233053908,9.812500,3.875000,1.062500,0.063965,0.078613,-1.019043
IMU,3233058911,9.250000,4.250000,0.250000,0.062744,0.078369,-1.017578
IMU,3233062908,9.625000,4.000000,-0.062500,0.062012,0.078613,-1.015137
IMU,3233067910,10.062500,3.937500,0.750000,0.063477,0.078125,-1.015869
IMU,3233071909,9.375000,4.250000,0.500000,0.062988,0.077881,-1.018311
IMU,3233076910,9.250000,4.750000,0.125000,0.063721,0.077393,-1.019043
IMU,3233081908,10.125000,4.062500,1.187500,0.063965,0.076172,-1.018799
IMU,3233085911,9.875000,3.500000,1.062500,0.064209,0.077881,-1.020996
IMU,3233090908,9.250000,3.750000,1.187500,0.064697,0.077148,-1.022705
IMU,3233094910,10.125000,3.750000,1.062500,0.063721,0.076660,-1.021973
IMU,3233099909,10.125000,3.812500,0.437500,0.063965,0.075928,-1.020264
IMU,3233103910,10.062500,3.187500,0.937500,0.066650,0.074219,-1.017578
IMU,3233108908,9.937500,3.375000,0.250000,0.087402,0.058594,-1.018799
IMU,3233113911,10.125000,4.437500,-1.625000,0.071777,0.065674,-1.019043
IMU,3233117908,9.250000,4.437500,-4.250000,0.060303,0.061279,-1.019043
IMU,3233122910,9.375000,4.062500,-7.250000,0.050049,0.088379,-1.021240
IMU,3233126909,9.812500,3.437500,-4.375000,0.058838,0.083496,-1.022217
IMU,3233131910,9.375000,3.125000,-3.062500,0.064209,0.073975,-1.022217
IMU,3233135908,9.625000,3.500000,-3.000000,0.064697,0.072998,-1.018799
IMU,3233140911,9.625000,4.062500,-2.500000,0.058105,0.083496,-1.017822
IMU,3233145908,9.125000,4.062500,-1.062500,0.061523,0.081055,-1.017822
IMU,3233149910,9.375000,4.875000,-1.562500,0.062988,0.078613,-1.017578
IMU,3233154909,9.000000,4.875000,-1.312500,0.063232,0.076660,-1.019775
IMU,3233158910,9.437500,3.937500,0.000000,0.062012,0.077881,-1.021240
IMU,3233163908,9.500000,4.750000,-0.562500,0.062256,0.078369,-1.021729
IMU,3233167911,10.500000,4.750000,0.375000,0.063477,0.078613,-1.023926
IMU,3233172908,10.000000,4.437500,1.437500,0.060303,0.079590,-1.020752
IMU,3233176910,10.312500,4.812500,0.187500,0.063965,0.076660,-1.018799
IMU,3233181909,10.625000,4.875000,-0.687500,0.061523,0.078369,-1.018799
IMU,3233186910,10.250000,4.562500,-0.187500,0.055664,0.083008,-1.017090
IMU,3233190908,9.187500,4.250000,0.937500,0.058594,0.081055,-1.016846
IMU,3233195911,9.687500,4.375000,0.750000,0.062988,0.076904,-1.017822
IMU,3233199908,10.250000,4.375000,-0.625000,0.063721,0.077148,-1.018066
IMU,3233204910,9.187500,4.437500,-1.125000,0.062256,0.079102,-1.019287
IMU,3233208909,9.125000,5.500000,0.312500,0.062500,0.078369,-1.019531
IMU,3233213910,9.562500,4.562500,0.187500,0.061279,0.079834,-1.020508
IMU,3233218908,9.312500,4.562500,0.750000,0.062744,0.079834,-1.019775
IMU,3233222911,10.000000,4.687500,0.125000,0.062988,0.077881,-1.020020
IMU,3233227908,9.562500,4.000000,0.250000,0.062744,0.077148,-1.019287
IMU,3233231910,9.187500,4.812500,0.812500,0.061768,0.078369,-1.017578
IMU,3233236909,9.437500,4.500000,0.687500,0.062500,0.078369,-1.018066
IMU,3233240910,9.312500,4.250000,0.750000,0.060791,0.079102,-1.018311
IMU,3233245908,9.687500,4.250000,0.687500,0.060791,0.078857,-1.017334
IMU,3233249911,10.562500,4.750000,0.625000,0.061523,0.077393,-1.018799
IMU,3233254908,10.062500,4.500000,0.500000,0.062500,0.076904,-1.019287
IMU,3233259910,9.562500,4.125000,0.375000,0.062988,0.078125,-1.018555
IMU,3233263909,9.375000,4.625000,0.125000,0.062500,0.078125,-1.019043
IMU,3233268910,9.750000,4.250000,0.375000,0.063477,0.077393,-1.018799
IMU,3233272908,10.437500,4.687500,0.687500,0.062500,0.077393,-1.019531
IMU,3233277911,9.625000,4.375000,-0.187500,0.063477,0.077393,-1.020752
IMU,3233281908,9.562500,3.812500,-0.375000,0.063232,0.075439,-1.020020
IMU,3233286910,9.250000,4.625000,-0.187500,0.062744,0.076172,-1.020752
IMU,3233291909,9.625000,4.937500,-0.187500,0.063477,0.075439,-1.020020
IMU,3233295910,9.187500,4.562500,0.437500,0.062988,0.076416,-1.020996
IMU,3233300908,9.437500,4.562500,0.937500,0.062256,0.075195,-1.021240
IMU,3233304911,9.687500,4.312500,0.562500,0.063232,0.075439,-1.020020
IMU,3233309908,9.625000,4.312500,0.312500,0.063232,0.076416,-1.020020
IMU,3233313910,9.562500,4.750000,-0.062500,0.062500,0.077637,-1.021240
IMU,3233318909,10.000000,4.687500,0.625000,0.061279,0.078125,-1.019531
IMU,3233322910,9.437500,4.625000,0.562500,0.062744,0.077637,-1.018799
IMU,3233327908,9.625000,4.562500,0.750000,0.063965,0.076904,-1.017578
IMU,3233332911,10.062500,4.062500,1.375000,0.062012,0.077881,-1.016357
IMU,3233336908,9.937500,4.437500,0.312500,0.061523,0.077148,-1.016602
IMU,3233341910,9.312500,4.875000,0.562500,0.063721,0.077148,-1.018066
IMU,3233345909,9.562500,4.375000,0.437500,0.063721,0.075195,-1.020752
IMU,3233350910,9.812500,3.937500,0.437500,0.063965,0.075928,-1.022949
IMU,3233354908,10.000000,4.062500,0.687500,0.063232,0.076172,-1.021484
IMU,3233359911,9.250000,4.437500,0.687500,0.062744,0.075439,-1.020508
IMU,3233364908,9.125000,4.625000,1.000000,0.062988,0.075928,-1.019043
IMU,3233368910,9.687500,4.500000,0.375000,0.062988,0.075684,-1.016113
IMU,3233373909,9.312500,4.250000,-0.125000,0.063721,0.075928,-1.017578
IMU,3233377910,9.437500,4.000000,0.062500,0.063477,0.075439,-1.019775
IMU,3233382908,10.125000,4.312500,0.562500,0.063477,0.076416,-1.020508
IMU,3233386911,9.562500,4.375000,0.562500,0.062500,0.075439,-1.020264
IMU,3233391908,9.625000,3.812500,0.687500,0.062988,0.076416,-1.019531
IMU,3233396910,9.625000,3.437500,-0.187500,0.063477,0.076904,-1.019043
IMU,3233400909,9.375000,3.625000,-0.437500,0.061768,0.075928,-1.020020
IMU,3233405910,9.687500,3.312500,-0.625000,0.061279,0.076416,-1.020508
IMU,3233409908,9.687500,3.500000,-0.562500,0.062256,0.075928,-1.019531
IMU,3233414911,9.250000,3.375000,-0.062500,0.089844,0.066650,-1.019531
IMU,3233418908,9.687500,3.875000,-2.000000,0.100830,0.061523,-1.020020
IMU,3233423910,9.625000,3.875000,-2.250000,0.069824,0.074951,-1.018799
IMU,3233427909,9.562500,4.000000,-1.437500,0.064941,0.075684,-1.018555
IMU,3233432910,9.812500,3.937500,-0.125000,0.069824,0.064941,-1.019531
IMU,3233437908,9.000000,3.500000,-4.187500,0.118652,-0.008545,-1.021973
IMU,3233441911,9.000000,3.500000,-4.750000,0.082031,0.047363,-1.017578
IMU,3233446908,9.437500,3.812500,-3.500000,0.040527,0.103271,-1.017334
IMU,3233450910,10.312500,3.500000,-5.750000,0.076172,0.059814,-1.016602
IMU,3233455909,10.687500,3.125000,-7.187500,0.082520,0.056885,-1.015625
IMU,3233459910,9.312500,3.187500,-7.937500,0.073975,0.062012,-1.016357
IMU,3233464908,8.625000,3.312500,-9.437500,0.070068,0.071289,-1.019043
IMU,3233469911,9.687500,4.000000,-9.937500,0.072510,0.067139,-1.019531
IMU,3233473908,8.875000,3.812500,-7.750000,0.074463,0.070801,-1.021484
IMU,3233478910,9.812500,3.250000,-6.062500,0.093506,0.054443,-1.020264
IMU,3233482909,9.437500,3.437500,-4.125000,0.088379,0.059326,-1.019287
IMU,3233487910,8.812500,3.937500,-2.875000,0.078613,0.070557,-1.020020
IMU,3233491908,8.437500,3.500000,-2.062500,0.078369,0.066895,-1.018555
IMU,3233496911,9.500000,3.875000,-2.687500,0.093018,0.058594,-1.018066
IMU,3233500908,9.625000,3.562500,-2.312500,0.086182,0.063477,-1.017578
IMU,3233505910,9.062500,3.437500,-3.000000,0.089355,0.064453,-1.019287
IMU,3233510909,9.375000,3.250000,-3.062500,0.102295,0.050781,-1.019043
IMU,3233514910,9.937500,3.250000,-3.812500,0.101318,0.044922,-1.018066
IMU,3233519908,10.000000,3.062500,-3.500000,0.086670,0.062500,-1.017334
IMU,3233523911,8.750000,3.437500,-1.000000,0.075439,0.074707,-1.018555
IMU,3233528908,8.312500,4.000000,2.062500,0.099365,0.057373,-1.015869
IMU,3233532910,9.312500,3.625000,3.250000,0.097168,0.060791,-1.018066
IMU,3233537909,9.625000,3.437500,4.250000,0.094238,0.069580,-1.021484
IMU,3233542910,10.250000,3.812500,5.375000,0.119873,0.041992,-1.019775
IMU,3233546908,10.125000,3.687500,7.250000,0.112549,0.050537,-1.018066
IMU,3233551911,8.937500,3.062500,5.562500,0.099365,0.073242,-1.017334
IMU,3233555908,10.000000,4.562500,-0.625000,0.103027,0.069580,-1.020508
IMU,3233560910,10.187500,4.062500,-4.750000,0.115479,0.054199,-1.020752
IMU,3233564909,10.687500,3.500000,-5.687500,0.133789,0.040283,-1.020996
IMU,3233569910,10.625000,3.312500,-2.875000,0.088867,0.079834,-1.023193
IMU,3233574908,9.312500,4.437500,6.000000,0.102051,0.078125,-1.011719
IMU,3233578911,7.562500,4.937500,10.937500,0.066406,0.098877,-1.015625
IMU,3233583908,7.375000,5.812500,9.125000,0.106201,0.071533,-1.017578
IMU,3233587910,8.875000,4.312500,5.312500,0.149170,0.034912,-1.022461
IMU,3233592909,8.250000,2.062500,1.937500,0.142334,0.048096,-1.025391
IMU,3233596910,8.812500,2.437500,3.687500,0.106689,0.083252,-1.024170
IMU,3233601908,11.750000,2.062500,11.687500,0.164551,0.046875,-1.023682
IMU,3233605911,11.375000,1.250000,17.062500,0.165527,0.057129,-1.019531
IMU,3233610908,10.687500,3.500000,13.937500,0.081299,0.102051,-1.016846
IMU,3233615910,10.625000,2.812500,16.312500,0.125732,0.070557,-1.014160
IMU,3233619909,10.250000,3.500000,29.062500,0.166504,0.070312,-1.011230
IMU,3233624910,6.875000,8.062500,30.437500,0.183594,0.078613,-1.007324
IMU,3233628908,4.937500,7.687500,16.125000,0.129395,0.091064,-1.031738
IMU,3233633911,7.812500,4.062500,16.875000,0.187744,0.083008,-1.024414
IMU,3233637908,11.625000,3.437500,25.312500,0.177246,0.099121,-1.038330
IMU,3233642910,16.187500,-4.687500,34.562500,0.300537,0.087402,-1.021240
IMU,3233647909,9.687500,3.875000,35.812500,0.128906,0.143555,-1.000488
IMU,3233651910,8.500000,1.875000,33.062500,0.133545,0.133301,-1.037842
IMU,3233656908,11.937500,-5.750000,33.625000,0.210205,0.098389,-1.018066
IMU,3233660911,9.562500,0.312500,31.750000,0.168213,0.119141,-1.009277
IMU,3233665908,4.125000,6.562500,38.125000,0.290039,0.129639,-0.995605
IMU,3233669910,6.125000,10.125000,42.750000,0.212891,0.140869,-1.034668
IMU,3233674909,12.875000,-0.375000,28.687500,0.076904,0.132812,-1.027832
IMU,3233678910,9.562500,-2.375000,19.250000,0.137451,0.095459,-1.015137
IMU,3233683908,5.937500,5.500000,20.625000,0.210205,0.102539,-1.014648
IMU,3233688911,6.750000,10.437500,23.000000,0.107422,0.128174,-1.026855
IMU,3233692908,10.375000,0.937500,23.312500,0.131104,0.109131,-1.016357
IMU,3233697910,10.187500,3.562500,31.000000,0.183594,0.127930,-1.011963
IMU,3233701909,5.125000,4.062500,29.562500,0.070801,0.122803,-1.018799
IMU,3233706910,6.937500,5.812500,30.187500,0.163330,0.106445,-1.013916
IMU,3233710908,4.375000,8.375000,32.625000,0.215332,0.148438,-1.016846
IMU,3233715911,5.500000,5.062500,32.562500,0.137451,0.148193,-1.028564
IMU,3233720908,10.937500,4.625000,30.062500,0.050293,0.131104,-1.022705
IMU,3233724910,4.000000,8.312500,27.687500,0.065918,0.082031,-1.016602
IMU,3233729909,7.187500,2.937500,13.812500,-0.006836,0.049072,-1.026367
IMU,3233733910,10.687500,-2.437500,14.437500,0.180420,0.101074,-1.016846
IMU,3233738908,7.687500,1.250000,29.312500,0.219727,0.203613,-1.012451
IMU,3233742911,8.937500,5.250000,28.875000,0.096924,0.160889,-1.030762
IMU,3233747908,15.250000,3.625000,30.500000,0.091797,0.137451,-1.025879
IMU,3233752910,16.187500,-0.125000,32.437500,0.091797,0.145508,-1.022949
IMU,3233756909,15.375000,-1.437500,41.437500,0.218506,0.192627,-1.000488
IMU,3233761910,4.062500,2.500000,52.250000,0.194580,0.231445,-1.009033
IMU,3233765908,10.250000,4.187500,49.000000,0.048340,0.155273,-1.079590
IMU,3233770911,20.437500,2.000000,44.000000,0.097900,0.142822,-1.021240
IMU,3233774908,12.875000,3.937500,52.000000,0.173096,0.175537,-0.961670
IMU,3233779910,-1.437500,9.437500,54.750000,-0.031006,0.134521,-1.039795
IMU,3233783909,9.500000,5.062500,59.937500,0.042725,0.084961,-1.017822
IMU,3233788910,4.187500,1.875000,71.750000,0.108887,0.143555,-0.989502
IMU,3233793908,-8.125000,-0.125000,68.937500,0.101807,0.202637,-0.989502
IMU,3233797911,-6.187500,6.062500,47.875000,-0.186279,-0.018066,-1.072754
IMU,3233802908,6.687500,6.562500,48.750000,0.034912,0.026367,-1.024658
IMU,3233806910,11.000000,7.375000,54.750000,0.062744,0.111328,-1.032959
IMU,3233811909,11.812500,5.250000,58.062500,0.106445,0.187744,-1.016113
IMU,3233815910,10.937500,3.312500,64.187500,0.042236,0.153564,-1.016113
IMU,3233820908,9.562500,4.750000,61.937500,-0.018066,0.085449,-1.019531
IMU,3233825911,12.000000,5.687500,61.312500,0.050537,0.099854,-1.026367
IMU,3233829908,10.937500,1.000000,60.312500,0.114258,0.152588,-1.005127
IMU,3233834910,10.437500,-6.125000,61.812500,0.141846,0.212158,-1.011230
IMU,3233838909,2.812500,-3.375000,68.062500,0.066895,0.225342,-1.004395
IMU,3233843910,2.500000,2.312500,57.187500,-0.038574,0.109863,-1.038330
IMU,3233847908,7.812500,1.000000,47.812500,0.034668,0.079834,-1.032959
IMU,3233852911,8.062500,4.375000,63.000000,-0.006592,0.115967,-1.007568
IMU,3233856908,2.500000,7.437500,64.875000,0.047119,0.145752,-1.009521
IMU,3233861910,0.500000,7.937500,62.437500,0.106445,0.209717,-1.042969
IMU,3233866909,7.500000,8.750000,66.562500,0.150146,0.237549,-1.016602
IMU,3233870910,11.500000,3.625000,70.312500,0.096191,0.221436,-1.012695
IMU,3233875908,7.187500,3.937500,68.187500,0.057129,0.185791,-1.025391
IMU,3233879911,3.625000,6.812500,57.125000,-0.019043,0.096924,-1.020996
IMU,3233884908,5.750000,11.125000,61.500000,-0.012207,0.085938,-1.017090
IMU,3233888910,4.437500,8.812500,67.000000,0.063232,0.197266,-1.009521
IMU,3233893909,4.562500,1.875000,78.000000,0.134521,0.289307,-1.032227
IMU,3233898910,8.625000,-0.375000,83.687500,0.115967,0.288330,-1.018555
IMU,3233902908,8.375000,10.625000,69.250000,-0.074463,0.098877,-1.022705
IMU,3233907911,9.937500,4.375000,56.250000,-0.170898,-0.071045,-1.034668
IMU,3233911908,11.187500,1.000000,66.812500,-0.081543,0.031738,-1.005127
IMU,3233916910,6.375000,-0.937500,74.312500,0.021973,0.175781,-1.010742
IMU,3233920909,4.500000,3.687500,76.625000,0.098877,0.237549,-1.027588
IMU,3233925910,7.187500,1.937500,67.937500,-0.004883,0.155518,-1.028564
IMU,3233929908,5.750000,3.187500,57.750000,-0.048584,0.058838,-1.009766
IMU,3233934911,8.250000,5.437500,74.625000,0.020020,0.140137,-1.017090
IMU,3233939908,10.625000,1.562500,79.750000,-0.033936,0.126221,-1.029541
IMU,3233943910,10.500000,1.375000,66.812500,-0.022705,0.100342,-1.013672
IMU,3233948909,5.875000,3.000000,58.500000,-0.019043,0.111084,-1.006836
IMU,3233952910,6.562500,5.687500,62.000000,-0.000732,0.141846,-1.022461
IMU,3233957908,7.312500,4.250000,59.062500,-0.062256,0.077393,-1.023438
IMU,3233961911,9.437500,0.125000,51.250000,-0.019043,0.084229,-1.014893
IMU,3233966908,3.812500,11.437500,57.562500,0.011719,0.156738,-0.999756
IMU,3233971910,2.125000,15.500000,61.750000,0.014160,0.191895,-1.038330
IMU,3233975909,7.125000,4.125000,58.437500,0.019287,0.129639,-1.020996
IMU,3233980910,15.187500,-10.000000,52.750000,-0.003906,0.126709,-1.047607
IMU,3233984908,17.062500,-15.312500,30.000000,-0.090088,-0.007080,-0.995361
IMU,3233989911,8.250000,6.937500,24.312500,-0.033936,0.040771,-0.989258
IMU,3233993908,4.062500,18.437500,39.125000,0.014404,0.176758,-1.014404
IMU,3233998910,3.625000,13.625000,40.375000,0.013184,0.164551,-1.038086
IMU,3234003909,7.125000,0.125000,41.562500,0.017334,0.119141,-1.041992
IMU,3234007910,12.375000,-8.937500,55.187500,0.043213,0.211426,-1.026611
IMU,3234012908,12.375000,-1.875000,40.375000,-0.113281,0.017334,-1.009766
IMU,3234016911,12.875000,1.000000,30.500000,-0.120605,-0.044434,-1.011475
IMU,3234021908,13.062500,4.625000,37.187500,-0.125977,-0.021484,-1.025879
IMU,3234025910,14.187500,-0.500000,40.500000,-0.086182,0.034668,-1.012695
IMU,3234030909,10.375000,6.625000,39.812500,-0.037598,0.103760,-1.005371
IMU,3234034910,6.937500,7.125000,41.562500,0.008057,0.127441,-1.031982
IMU,3234039908,7.812500,4.187500,45.562500,0.005127,0.149414,-1.019775
IMU,3234044911,8.562500,2.125000,41.312500,-0.058594,0.037842,-1.031982
IMU,3234048908,11.062500,-0.750000,23.687500,-0.103271,-0.086914,-1.011475
IMU,3234053910,13.562500,1.500000,20.250000,-0.042480,0.031982,-1.022949
IMU,3234057909,12.937500,-1.500000,30.437500,0.025391,0.170654,-1.023193
IMU,3234062910,8.875000,-1.312500,41.750000,0.087158,0.219482,-1.020752
IMU,3234066908,11.750000,-4.062500,45.500000,0.036865,0.145752,-1.024170
IMU,3234071911,8.312500,-0.625000,33.250000,-0.060059,-0.071533,-0.998047
IMU,3234076908,6.375000,5.562500,22.250000,-0.129395,-0.156738,-1.017334
IMU,3234080910,4.812500,3.750000,12.062500,-0.104492,-0.081543,-1.023682
IMU,3234085909,8.812500,-0.187500,17.625000,0.026123,0.164307,-1.027100
IMU,3234089910,9.937500,2.250000,28.250000,0.097168,0.260010,-1.002441
IMU,3234094908,9.062500,7.250000,38.812500,0.106689,0.232666,-1.015625
IMU,3234098911,7.687500,7.875000,43.937500,0.025879,0.089600,-1.024902
IMU,3234103908,7.000000,6.562500,52.187500,0.005615,0.060303,-1.015869
IMU,3234107910,8.812500,3.687500,55.875000,-0.046875,-0.007324,-1.026855
IMU,3234112909,6.687500,-2.187500,40.625000,-0.106934,-0.159912,-1.022949
IMU,3234117910,6.562500,-4.875000,35.000000,-0.079102,-0.053467,-1.022705
IMU,3234121908,8.187500,-0.687500,34.875000,-0.027832,0.085205,-1.018555
IMU,3234126911,8.875000,1.812500,34.562500,0.031738,0.107178,-1.014404
IMU,3234130908,7.687500,2.312500,35.187500,0.025391,0.080566,-1.017822
IMU,3234135910,9.125000,0.750000,36.000000,0.004395,0.050781,-1.020508
IMU,3234139909,7.062500,1.937500,36.125000,-0.002197,0.077881,-1.020264
IMU,3234144910,5.250000,3.375000,35.500000,0.035156,0.098877,-1.017334
IMU,3234149908,7.437500,5.750000,34.875000,0.042236,0.105469,-1.021240
IMU,3234153911,15.312500,3.312500,32.312500,0.040039,0.085205,-1.026367
IMU,3234158908,14.250000,1.500000,28.562500,0.030762,0.044434,-1.017578
IMU,3234162910,11.250000,0.000000,23.312500,0.031738,0.059570,-1.017090
IMU,3234167909,12.312500,0.250000,21.250000,0.051270,0.098877,-1.016846
IMU,3234171910,15.812500,0.000000,15.500000,0.043213,0.024902,-1.012939
IMU,3234176908,11.437500,0.625000,7.062500,0.021973,-0.002686,-1.023193
IMU,3234181911,9.875000,-6.500000,6.375000,0.058838,0.162354,-1.020020
IMU,3234185908,5.062500,-1.562500,10.875000,0.104492,0.205811,-1.019287
IMU,3234190910,5.750000,1.812500,17.062500,0.115723,0.156738,-1.016846
IMU,3234194909,6.625000,2.437500,21.812500,0.079102,0.112061,-1.017334
IMU,3234199910,6.687500,3.625000,19.875000,0.066895,0.074463,-1.014404
IMU,3234203908,8.375000,4.812500,17.437500,0.049316,0.049316,-1.020752
IMU,3234208911,6.750000,4.937500,19.812500,0.059570,0.125488,-1.017090
IMU,3234212908,6.562500,4.125000,22.375000,0.055908,0.112305,-1.021240
IMU,3234217910,8.062500,4.812500,24.812500,0.060303,0.121582,-1.019531
IMU,3234222909,9.187500,5.500000,25.437500,0.012939,-0.018066,-1.023438
IMU,3234226910,10.875000,0.375000,17.687500,-0.037354,-0.083496,-1.022705
IMU,3234231908,11.000000,-0.062500,16.187500,-0.020508,0.010010,-1.011963
IMU,3234235911,10.562500,1.250000,27.562500,-0.026123,-0.060547,-1.022461
IMU,3234240908,8.937500,1.000000,34.000000,-0.012939,0.017578,-1.013916
IMU,3234244910,7.875000,1.562500,22.937500,0.051270,0.157715,-1.012939
IMU,3234249909,9.875000,3.812500,29.062500,0.107910,0.161133,-1.014648
IMU,3234254910,11.687500,7.062500,35.625000,0.101807,0.130371,-1.020508
IMU,3234258908,11.312500,6.000000,35.375000,0.073975,0.103760,-1.023438
IMU,3234263911,9.875000,2.750000,31.562500,0.059814,0.100098,-1.023682
IMU,3234267908,11.000000,2.250000,27.812500,0.066406,0.104980,-1.018311
IMU,3234272910,11.500000,3.875000,25.500000,0.077881,0.155029,-1.020020
IMU,3234276909,9.750000,2.937500,23.812500,0.076416,0.110596,-1.021729
IMU,3234281910,12.875000,2.625000,22.375000,0.076904,0.095215,-1.011719
IMU,3234285908,8.875000,3.562500,23.000000,0.082031,0.155029,-1.018066
IMU,3234290911,3.375000,4.062500,24.625000,0.111328,0.178223,-1.024414
IMU,3234295908,6.625000,3.812500,28.187500,0.126221,0.200439,-1.018555
IMU,3234299910,4.000000,2.625000,31.500000,0.089600,0.182129,-1.021484
IMU,3234304909,2.312500,0.500000,32.437500,0.052002,0.113770,-1.021729
IMU,3234308910,4.437500,2.562500,36.937500,0.078369,0.137695,-1.017578
IMU,3234313908,3.625000,4.812500,40.187500,0.077148,0.131836,-1.016846
IMU,3234317911,1.062500,3.812500,42.062500,0.062500,0.103760,-1.022217
IMU,3234322908,7.500000,3.750000,42.562500,0.047607,0.076904,-1.019531
IMU,3234327910,5.750000,2.750000,41.375000,0.035156,0.055420,-1.016113
IMU,3234331909,7.625000,4.875000,38.562500,0.039307,0.069824,-1.020020
IMU,3234336910,10.687500,5.437500,40.187500,0.052979,0.094971,-1.018799
IMU,3234340908,9.312500,5.000000,40.437500,0.050781,0.104248,-1.015625
IMU,3234345911,7.062500,3.437500,41.250000,0.041748,0.076172,-1.020508
IMU,3234349908,8.187500,4.125000,39.750000,0.033691,0.071533,-1.021729
IMU,3234354910,8.187500,5.750000,39.812500,0.022217,0.063232,-1.012451
IMU,3234358909,9.062500,5.687500,38.875000,0.022461,0.067383,-1.022217
IMU,3234363910,7.875000,6.187500,36.187500,0.004883,0.049072,-1.018311
IMU,3234368908,8.937500,5.500000,34.687500,-0.005859,0.050049,-1.020508
IMU,3234372911,21.500000,3.875000,33.875000,-0.001953,0.015869,-1.030029
IMU,3234377908,19.000000,2.187500,28.187500,-0.013672,0.024170,-1.009521
IMU,3234381910,8.000000,3.187500,24.125000,-0.011230,0.031006,-1.013916
IMU,3234386909,7.375000,3.375000,23.375000,-0.011230,0.011230,-1.021484
IMU,3234390910,6.812500,2.437500,21.062500,-0.012695,0.012451,-1.021240
IMU,3234395908,9.125000,3.750000,17.312500,-0.004883,0.044434,-1.013916
IMU,3234400911,8.937500,4.000000,16.500000,0.004883,0.016602,-1.015869
IMU,3234404908,7.562500,2.375000,16.500000,0.003174,0.019775,-1.020020
IMU,3234409910,5.937500,2.000000,15.937500,0.023682,0.092041,-1.021484
IMU,3234413909,7.937500,2.562500,20.562500,0.031006,0.094238,-1.018555
IMU,3234418910,7.687500,4.187500,20.625000,0.025635,0.056885,-1.017578
IMU,3234422908,6.625000,3.000000,21.437500,0.020752,0.049316,-1.028320
IMU,3234427911,6.250000,1.937500,21.937500,0.022461,0.055908,-1.009033
IMU,3234432908,7.500000,5.687500,18.750000,0.033936,0.065186,-1.011475
IMU,3234436910,5.375000,6.812500,19.687500,0.037598,0.081299,-1.024658
IMU,3234441909,9.437500,5.312500,17.875000,0.037109,0.067139,-1.020996
IMU,3234445910,11.312500,5.937500,11.000000,0.027344,0.061035,-1.022217
IMU,3234450908,5.687500,5.062500,8.750000,0.019287,0.070068,-1.012695
IMU,3234454911,5.437500,6.875000,5.875000,0.006836,0.015869,-1.014404
IMU,3234459908,6.750000,5.937500,9.250000,0.012939,0.082764,-1.027832
IMU,3234463910,6.312500,4.687500,12.812500,0.003906,0.037598,-1.025146
IMU,3234468909,4.875000,3.875000,10.937500,-0.001953,0.025635,-1.020264
IMU,3234473910,10.937500,2.812500,7.562500,-0.001465,0.028076,-1.013428
IMU,3234477908,6.437500,5.000000,1.937500,-0.008057,-0.012695,-1.017090
IMU,3234482911,5.312500,5.250000,1.062500,-0.015869,0.015869,-1.014160
IMU,3234486908,3.375000,7.437500,3.375000,-0.009521,0.085205,-1.016357
IMU,3234491910,8.375000,7.125000,7.687500,0.008057,0.038086,-1.026123
IMU,3234495909,8.062500,5.625000,9.875000,0.001709,-0.038818,-1.024170
IMU,3234500910,4.125000,5.062500,7.875000,-0.033203,0.046875,-1.018555
IMU,3234505908,2.750000,4.750000,7.125000,-0.009521,0.005615,-1.027588
IMU,3234509911,7.375000,3.375000,12.062500,-0.013184,0.011719,-1.013428
IMU,3234514908,9.187500,3.687500,9.625000,-0.010254,0.018799,-1.012207
IMU,3234518910,13.312500,5.250000,6.500000,0.011475,-0.020020,-1.009033
IMU,3234523909,11.562500,8.062500,1.125000,-0.034668,0.076172,-1.020996
IMU,3234527910,8.625000,10.312500,7.937500,0.001465,0.104980,-1.010010
IMU,3234532908,6.187500,7.875000,12.062500,0.026611,-0.008545,-1.037842
IMU,3234536911,8.062500,1.250000,18.937500,0.004639,0.071777,-1.034668
IMU,3234541908,9.687500,1.812500,21.500000,0.014893,0.090576,-1.009277
IMU,3234546910,10.500000,4.125000,19.812500,0.006104,0.097656,-1.011963
IMU,3234550909,9.437500,7.000000,17.375000,0.003418,0.087891,-1.019043
IMU,3234555910,7.875000,6.500000,16.000000,0.010498,0.038574,-1.015869
IMU,3234559908,7.750000,5.812500,15.062500,-0.015137,0.072998,-1.020020
IMU,3234564911,9.062500,1.812500,20.187500,0.005127,0.082520,-1.029053
IMU,3234568908,5.562500,0.250000,28.125000,0.000732,0.068604,-1.029785
IMU,3234573910,11.500000,0.562500,31.687500,-0.002686,0.113037,-1.003418
IMU,3234578909,13.625000,3.875000,31.937500,0.044922,0.042969,-1.010010
IMU,3234582910,15.062500,4.250000,26.312500,-0.008057,0.062988,-1.019043
IMU,3234587908,11.437500,7.562500,23.187500,0.004150,0.085938,-1.024170
IMU,3234591911,5.875000,8.312500,31.812500,0.005859,0.063721,-1.016602
IMU,3234596908,8.125000,6.500000,37.812500,0.014160,0.025146,-1.020264
IMU,3234600910,6.062500,8.062500,35.250000,0.002441,0.039307,-1.004395
IMU,3234605909,7.687500,8.500000,32.000000,0.000977,0.072754,-1.021973
IMU,3234610910,5.062500,5.625000,34.812500,0.006836,0.056396,-1.036377
IMU,3234614908,5.062500,8.437500,37.812500,0.024170,0.075195,-0.990234
IMU,3234619911,12.250000,8.375000,40.562500,0.023438,0.098877,-1.024170
IMU,3234623908,12.562500,4.812500,43.062500,0.045166,0.055420,-1.039551
IMU,3234628910,15.062500,4.625000,41.812500,0.012207,0.109375,-1.001465
IMU,3234632909,10.625000,5.812500,37.437500,0.038086,0.089111,-1.020752
IMU,3234637910,6.375000,7.500000,32.312500,0.055176,0.036377,-1.028320
IMU,3234641908,6.062500,4.500000,25.375000,-0.014893,0.099121,-1.014648
IMU,3234646911,4.687500,7.375000,24.562500,0.020020,0.083496,-1.004883
IMU,3234651908,10.625000,2.812500,25.500000,0.019531,0.043213,-1.036865
IMU,3234655910,9.687500,1.187500,25.062500,0.007080,0.059814,-1.013428
IMU,3234660909,9.062500,5.312500,25.375000,-0.012695,0.102051,-1.016113
IMU,3234664910,8.875000,7.250000,25.812500,-0.008057,0.090088,-1.009766
IMU,3234669908,4.125000,8.687500,24.375000,0.004639,0.046631,-1.016113
IMU,3234673911,3.125000,7.000000,24.750000,-0.023926,0.083008,-1.020020
IMU,3234678908,6.437500,2.375000,31.062500,-0.025635,0.032471,-1.038818
IMU,3234683910,13.125000,1.937500,29.750000,-0.060303,0.042969,-1.008545
IMU,3234687909,11.937500,8.062500,30.562500,-0.066650,0.051270,-1.029053
IMU,3234692910,8.062500,1.687500,37.062500,-0.078369,0.027344,-1.009033
IMU,3234696908,5.750000,4.625000,34.000000,-0.051025,0.029785,-1.025391
IMU,3234701911,5.375000,5.250000,35.875000,-0.040771,0.053223,-1.020264
IMU,3234705908,5.500000,2.187500,43.062500,-0.054199,0.068359,-1.018311
IMU,3234710910,10.312500,5.750000,42.687500,0.003418,0.043945,-1.022461
IMU,3234714909,10.750000,5.250000,47.437500,0.081299,-0.025146,-1.016602
IMU,3234719910,3.500000,9.125000,45.250000,-0.054688,0.095215,-1.006348
IMU,3234724908,6.562500,2.125000,40.750000,-0.000977,0.050537,-1.041748
IMU,3234728911,6.562500,1.750000,38.812500,0.018066,0.012451,-1.019531
IMU,3234733908,13.187500,0.875000,41.187500,0.011230,0.041992,-1.029297
IMU,3234737910,8.625000,6.187500,39.062500,0.095703,0.005127,-0.991455
IMU,3234742909,8.375000,5.437500,46.312500,0.059570,0.048340,-1.025391
IMU,3234746910,6.125000,7.187500,49.062500,0.036133,0.095703,-1.011230
IMU,3234751908,5.312500,6.937500,41.750000,0.063721,0.075439,-1.035889
IMU,3234756911,8.312500,4.750000,43.937500,0.092529,0.055664,-1.021240
IMU,3234760908,10.000000,5.312500,42.375000,0.027344,0.104492,-1.009766
IMU,3234765910,4.875000,8.875000,40.750000,0.126709,0.014404,-1.012207
IMU,3234769909,7.062500,6.562500,37.437500,0.036133,0.112549,-1.029053
IMU,3234774910,12.375000,2.562500,37.000000,-0.001709,0.131592,-1.029053
IMU,3234778908,13.500000,0.437500,32.937500,0.066406,0.083496,-1.018066
IMU,3234783911,10.312500,5.437500,30.750000,0.074707,0.068848,-1.014404
IMU,3234788908,10.000000,3.437500,35.687500,0.088867,0.068115,-1.018799
IMU,3234792910,9.750000,6.687500,38.500000,0.084717,0.119141,-1.015625
IMU,3234797909,10.687500,3.875000,42.750000,0.061768,0.107422,-1.023193
IMU,3234801910,14.687500,1.375000,45.312500,0.073975,0.069580,-1.028564
IMU,3234806908,10.625000,5.812500,43.125000,0.085693,0.071533,-0.994873
IMU,3234810911,6.062500,11.562500,42.812500,0.082520,0.064941,-1.026367
IMU,3234815908,5.062500,6.375000,42.937500,0.001465,0.106934,-1.019287
IMU,3234819910,7.250000,-1.312500,36.312500,0.018311,0.057861,-1.028564
IMU,3234824909,10.562500,0.750000,32.125000,0.063232,-0.006104,-1.014648
IMU,3234829910,9.500000,3.125000,27.000000,0.036377,0.020020,-1.019287
IMU,3234833908,5.437500,5.687500,27.375000,0.083252,-0.013428,-1.011719
IMU,3234838911,2.437500,2.875000,26.625000,-0.008301,0.073486,-1.018066
IMU,3234842908,-0.062500,1.437500,19.250000,0.061768,0.016357,-1.021729
IMU,3234847910,9.125000,1.437500,18.000000,0.073730,-0.006104,-1.014893
IMU,3234851909,7.875000,7.250000,15.937500,0.012695,0.048828,-1.018066
IMU,3234856910,7.875000,7.062500,13.250000,0.103027,0.003906,-1.022217
IMU,3234861908,7.750000,5.500000,11.062500,0.037354,0.036377,-1.018311
IMU,3234865911,8.062500,4.187500,7.562500,0.064697,0.038574,-1.018799
IMU,3234870908,15.750000,0.687500,8.312500,0.115479,0.014893,-1.024902
IMU,3234874910,11.250000,-0.812500,9.312500,0.079834,0.059326,-1.013672
IMU,3234879909,4.937500,4.250000,4.750000,0.016602,0.111084,-1.010254
IMU,3234883910,5.937500,3.062500,2.500000,0.092041,0.043701,-1.025391
IMU,3234888908,7.875000,3.937500,7.812500,0.100342,0.014893,-1.010742
IMU,3234892911,4.437500,2.500000,12.562500,0.019775,0.067871,-1.030029
IMU,3234897908,9.937500,-0.062500,16.500000,-0.006592,0.029785,-1.015137
IMU,3234902910,8.500000,4.250000,9.812500,0.028809,-0.025635,-1.014160
IMU,3234906909,8.250000,5.000000,6.375000,0.027588,0.010986,-1.014404
IMU,3234911910,6.687500,5.187500,4.250000,0.041016,0.018799,-1.011719
IMU,3234915908,10.562500,2.000000,-1.125000,-0.030029,0.029541,-1.036865
IMU,3234920911,9.812500,4.937500,-4.062500,0.016846,-0.034668,-1.015869
IMU,3234924908,8.875000,5.062500,-5.875000,-0.009766,-0.012939,-1.016357
IMU,3234929910,8.187500,7.937500,-6.500000,0.063232,0.003174,-1.015137
IMU,3234934909,4.312500,9.187500,-1.500000,0.020020,0.027344,-1.017334
IMU,3234938910,2.000000,4.625000,-2.687500,0.006592,0.038086,-1.024414
IMU,3234943908,6.437500,1.312500,-1.937500,0.012939,0.002930,-1.018555
IMU,3234947911,4.937500,3.625000,-1.312500,0.024902,-0.033691,-1.013916
IMU,3234952908,6.875000,6.062500,-3.062500,0.010986,-0.036621,-1.022949
IMU,3234956910,9.937500,6.625000,-3.250000,0.037598,-0.018311,-1.010986
IMU,3234961909,6.437500,1.875000,-6.250000,-0.010010,0.001709,-1.025879
IMU,3234965910,7.437500,3.875000,-8.312500,-0.002441,-0.018066,-1.011963
IMU,3234970908,10.250000,4.562500,-14.437500,0.043457,-0.000977,-1.018799
IMU,3234975911,9.625000,2.437500,-11.312500,0.069336,0.020020,-1.029785
IMU,3234979908,9.000000,2.750000,-9.562500,0.003418,0.037354,-1.020752
IMU,3234984910,13.812500,2.937500,-7.437500,0.044189,0.039795,-1.023682
IMU,3234988909,9.187500,0.625000,-5.875000,0.040283,0.023438,-1.005859
IMU,3234993910,6.750000,3.812500,-8.375000,0.040527,-0.009766,-1.010742
IMU,3234997908,9.625000,4.312500,-3.625000,0.066895,-0.002686,-1.027832
IMU,3235002911,11.250000,-0.812500,15.312500,0.158691,0.020752,-1.029541
IMU,3235007908,10.562500,-0.750000,17.125000,0.015625,0.069336,-1.016357
IMU,3235011910,6.875000,6.625000,12.812500,0.061768,0.028320,-1.004883
IMU,3235016909,8.687500,7.937500,10.625000,0.068848,0.012939,-1.018311
IMU,3235020910,9.625000,0.750000,7.375000,0.032959,-0.006104,-1.039551
IMU,3235025908,9.812500,1.187500,12.812500,0.198975,-0.006348,-1.003418
IMU,3235029911,8.812500,6.875000,13.625000,0.036865,0.011963,-1.023682
IMU,3235034908,11.062500,4.000000,3.750000,-0.027344,0.000977,-1.007568
IMU,3235039910,11.187500,2.875000,-0.687500,0.052734,-0.052246,-1.018555
IMU,3235043909,12.500000,1.187500,7.187500,0.088867,-0.049072,-1.022705
IMU,3235048910,5.000000,3.937500,3.062500,0.006348,-0.030273,-0.997559
IMU,3235052908,5.625000,4.187500,-5.500000,-0.018555,-0.049561,-1.039062
IMU,3235057911,12.062500,-0.062500,-13.875000,-0.011719,-0.051270,-1.021484
IMU,3235061908,13.125000,2.437500,-11.437500,0.065186,-0.055176,-1.011230
IMU,3235066910,11.437500,4.562500,-9.125000,0.031738,-0.018066,-1.019775
IMU,3235070909,8.562500,3.250000,-4.312500,0.038574,0.020020,-1.012695
IMU,3235075910,7.250000,5.625000,-11.125000,0.024658,-0.003418,-1.020752
IMU,3235080908,7.750000,5.750000,-21.625000,0.106689,0.019287,-1.022217
IMU,3235084911,7.375000,4.937500,-23.812500,0.127686,0.101807,-1.010986
IMU,3235089908,6.875000,4.562500,-20.937500,0.067871,0.057617,-1.018799
IMU,3235093910,9.375000,5.687500,-29.875000,0.061523,-0.013184,-1.016357
IMU,3235098909,7.750000,8.875000,-31.750000,0.144287,0.009033,-1.014160
IMU,3235102910,7.812500,3.750000,-31.750000,0.102295,0.034424,-1.032227
IMU,3235107908,10.375000,3.375000,-41.750000,0.029785,0.000732,-1.014160
IMU,3235112911,13.250000,0.687500,-37.312500,0.143799,0.020508,-1.027344
IMU,3235116908,11.500000,1.625000,-25.250000,0.065430,0.017578,-1.003662
IMU,3235121910,7.750000,7.812500,-35.687500,-0.003174,-0.058838,-1.005127
IMU,3235125909,1.312500,11.937500,-42.750000,0.127441,-0.017822,-1.008789
IMU,3235130910,3.375000,11.687500,-33.937500,0.126465,0.043213,-1.032959
IMU,3235134908,7.875000,4.062500,-35.437500,0.040527,-0.022217,-1.034668
IMU,3235139911,11.500000,-0.062500,-34.812500,0.078125,-0.022949,-1.015869
IMU,3235143908,6.250000,3.375000,-27.312500,0.168945,0.070557,-1.015381
IMU,3235148910,3.375000,5.000000,-31.000000,0.062500,0.032959,-1.011719
IMU,3235153909,7.750000,1.312500,-48.625000,0.031006,-0.061523,-1.020020
IMU,3235157910,11.687500,-2.812500,-42.687500,0.136719,0.021973,-1.023926
IMU,3235162908,10.500000,1.625000,-43.375000,0.073730,0.023926,-1.016357
IMU,3235166911,12.875000,4.625000,-42.000000,0.193359,0.071777,-1.018799
IMU,3235171908,12.687500,4.062500,-37.750000,0.087402,0.020020,-1.021973
IMU,3235175910,13.187500,3.500000,-47.562500,0.089844,-0.030518,-1.008057
IMU,3235180909,13.500000,-0.375000,-47.375000,0.159912,0.068359,-1.023926
IMU,3235185910,9.375000,-1.750000,-60.250000,-0.039307,-0.117188,-1.015625
IMU,3235189908,10.812500,-1.437500,-63.562500,0.048340,-0.103516,-1.019043
IMU,3235194911,13.562500,-1.562500,-70.500000,0.062988,-0.046387,-1.024902
IMU,3235198908,16.625000,-2.812500,-70.125000,0.114502,0.022461,-1.025146
IMU,3235203910,14.000000,-1.500000,-69.750000,0.094971,-0.001221,-1.013672
IMU,3235207909,11.687500,0.125000,-77.562500,0.069336,-0.040039,-1.010254
IMU,3235212910,12.437500,0.875000,-85.250000,0.104248,-0.001709,-1.021973
IMU,3235217908,14.375000,-1.687500,-87.750000,0.067871,-0.054199,-1.022217
IMU,3235221911,14.562500,-0.937500,-77.062500,0.038818,-0.074219,-1.013184
IMU,3235226908,11.875000,2.250000,-75.375000,0.041992,-0.074707,-1.015381
IMU,3235230910,8.125000,1.187500,-83.062500,0.107422,-0.030029,-1.016846
IMU,3235235909,9.000000,3.250000,-79.312500,0.182617,0.108154,-1.015869
IMU,3235239910,10.187500,5.625000,-71.687500,0.134277,0.066406,-1.018066
IMU,3235244908,13.437500,2.875000,-67.937500,0.104980,-0.031250,-1.030029
IMU,3235248911,14.250000,-3.125000,-75.187500,0.169189,0.016846,-1.029785
IMU,3235253908,11.875000,-4.312500,-68.812500,0.163574,0.054199,-1.005127
IMU,3235258910,9.250000,0.250000,-63.687500,0.180420,0.100098,-1.006836
IMU,3235262909,7.937500,0.250000,-59.687500,0.190430,0.076660,-1.021973
IMU,3235267910,8.375000,3.687500,-67.625000,0.135742,-0.013916,-1.018311
IMU,3235271908,9.062500,5.375000,-72.375000,0.099365,-0.033447,-1.014893
IMU,3235276911,9.375000,2.000000,-69.562500,0.097900,-0.057861,-1.020264
IMU,3235280908,7.375000,4.187500,-64.812500,0.083008,-0.067383,-1.006592
IMU,3235285910,5.437500,7.625000,-64.000000,0.039062,-0.112305,-1.018799
IMU,3235290909,7.187500,1.812500,-64.312500,0.046143,-0.091797,-1.027832
IMU,3235294910,13.312500,1.562500,-65.812500,0.070557,-0.000488,-1.017822
IMU,3235299908,8.937500,1.062500,-62.062500,0.096436,-0.009033,-1.021240
IMU,3235303911,10.625000,0.125000,-70.687500,0.053223,-0.097412,-1.020264
IMU,3235308908,13.187500,0.187500,-76.250000,0.114014,0.051025,-1.012695
IMU,3235312910,6.125000,1.500000,-73.375000,0.093018,0.046631,-1.019531
IMU,3235317909,7.687500,2.375000,-77.875000,0.041260,-0.040039,-1.013916
IMU,3235321910,10.062500,5.562500,-78.187500,0.082275,0.029541,-1.015869
IMU,3235326908,8.187500,5.000000,-84.687500,0.015381,-0.115479,-1.011719
IMU,3235331911,6.062500,5.187500,-97.937500,0.051514,-0.063477,-1.020996
IMU,3235335908,12.500000,2.187500,-101.125000,0.070801,-0.003662,-1.019775
IMU,3235340910,16.875000,-1.250000,-102.187500,0.093018,0.051025,-1.021973
IMU,3235344909,11.875000,1.250000,-109.625000,0.085205,0.029053,-1.021729
IMU,3235349910,3.562500,4.625000,-104.000000,0.189209,0.229004,-1.019043
IMU,3235353908,6.687500,-0.937500,-85.812500,0.165039,0.113525,-1.025146
IMU,3235358911,8.750000,-1.750000,-78.437500,0.176758,0.109863,-1.010986
IMU,3235363908,16.312500,1.187500,-75.437500,0.147217,0.114990,-1.019287
IMU,3235367910,13.875000,3.437500,-80.437500,0.154541,0.040771,-1.017090
IMU,3235372909,9.875000,3.000000,-77.687500,0.166016,0.123779,-1.020996
IMU,3235376910,3.625000,2.250000,-82.500000,0.203369,0.147705,-1.012695
IMU,3235381908,6.000000,0.812500,-78.687500,0.253662,0.248535,-1.026123
IMU,3235385911,10.437500,3.125000,-68.375000,0.209717,0.112793,-1.021729
IMU,3235390908,11.750000,3.250000,-68.062500,0.180420,-0.002930,-1.017334
IMU,3235394910,7.000000,1.250000,-67.875000,0.156250,0.008545,-1.016357
IMU,3235399909,12.562500,-0.937500,-69.875000,0.142334,0.092529,-1.018311
IMU,3235404910,8.187500,-1.625000,-81.500000,0.155518,0.047852,-1.011230
IMU,3235408908,10.187500,3.125000,-84.062500,0.179199,0.201904,-1.025146
IMU,3235413911,11.625000,3.125000,-77.625000,0.209229,0.205078,-1.016846
IMU,3235417908,8.812500,1.000000,-72.375000,0.179688,0.042969,-1.015381
IMU,3235422910,10.125000,1.625000,-68.562500,0.112793,-0.061279,-1.015625
IMU,3235426909,8.062500,0.187500,-73.687500,0.093750,-0.047119,-1.015869
IMU,3235431910,7.750000,2.750000,-84.812500,0.084473,0.067871,-1.015869
IMU,3235436908,16.437500,-0.312500,-87.750000,0.112549,0.142090,-1.023682
IMU,3235440911,8.625000,-0.750000,-83.312500,0.164551,0.109375,-1.023438
IMU,3235445908,6.062500,1.312500,-84.687500,0.161621,0.043945,-1.019287
IMU,3235449910,6.000000,1.312500,-81.500000,0.137207,-0.015381,-1.017090
IMU,3235454909,12.062500,0.062500,-79.000000,0.111084,0.031006,-1.021729
IMU,3235458910,9.312500,-1.250000,-67.562500,0.109375,0.176514,-1.017090
IMU,3235463908,6.312500,3.187500,-62.562500,0.142822,0.133057,-1.017334
IMU,3235468911,6.937500,5.875000,-66.500000,0.161377,0.071289,-1.017334
IMU,3235472908,7.000000,3.562500,-60.375000,0.150635,0.129639,-1.018311
IMU,3235477910,7.750000,7.312500,-55.750000,0.157715,0.166748,-1.021240
IMU,3235481909,5.625000,6.750000,-47.812500,0.141602,0.100586,-1.021240
IMU,3235486910,3.937500,5.812500,-48.312500,0.125977,0.131592,-1.014648
IMU,3235490908,4.312500,5.750000,-42.187500,0.132812,0.230469,-1.020020
IMU,3235495911,8.000000,1.062500,-45.937500,0.181641,0.206299,-1.017090
IMU,3235499908,11.125000,-0.187500,-51.312500,0.179443,-0.007812,-1.024902
IMU,3235504910,14.312500,0.812500,-41.375000,0.108887,0.072510,-1.018799
IMU,3235509909,18.812500,-7.125000,-35.500000,0.106689,0.100098,-1.024414
IMU,3235513910,10.312500,0.687500,-41.750000,0.111328,0.320801,-1.014893
IMU,3235518908,11.062500,5.312500,-34.875000,0.167236,0.319580,-1.020996
IMU,3235522911,11.437500,13.875000,-38.250000,0.167236,0.204346,-1.021240
IMU,3235527908,8.812500,11.062500,-45.187500,0.128906,0.241211,-1.020264
IMU,3235531910,9.312500,7.687500,-41.750000,0.115479,0.388672,-1.026367
IMU,3235536909,10.187500,8.437500,-30.500000,0.228027,0.147705,-1.014893
IMU,3235541910,11.312500,7.312500,-39.750000,0.204102,-0.083984,-1.026367
IMU,3235545908,17.437500,7.500000,-48.812500,0.084717,0.011963,-1.035889
IMU,3235550911,15.437500,4.375000,-47.812500,0.033447,0.390381,-1.031006
IMU,3235554908,17.812500,14.750000,-49.312500,0.107666,0.150879,-1.049561
IMU,3235559910,15.312500,20.250000,-44.937500,0.272461,-0.096680,-1.023193
IMU,3235563909,16.625000,9.937500,-27.812500,0.140869,0.202148,-0.987549
IMU,3235568910,22.437500,-2.562500,-26.125000,0.061523,0.402588,-0.991699
IMU,3235572908,8.875000,9.500000,-24.312500,0.113525,0.361572,-1.027832
IMU,3235577911,10.812500,5.812500,-22.250000,0.348633,-0.038574,-0.960693
IMU,3235582908,3.187500,-11.750000,-19.750000,0.152344,-0.014404,-0.983154
IMU,3235586910,-10.187500,-3.062500,-40.312500,-0.165039,0.538330,-1.076172
IMU,3235591909,3.750000,-0.687500,-70.562500,0.228027,0.205322,-1.046387
IMU,3235595910,11.000000,1.562500,-51.687500,0.280029,-0.071289,-1.020996
IMU,3235600908,7.812500,1.125000,-29.562500,0.113281,0.147949,-1.000244
IMU,3235604911,3.437500,-8.562500,-12.875000,0.136963,0.193115,-1.005859
IMU,3235609908,11.937500,-7.687500,-15.812500,0.101807,0.117920,-1.060303
IMU,3235614910,13.750000,-6.312500,-15.125000,0.131592,0.071533,-1.018311
IMU,3235618909,8.562500,-1.000000,-17.250000,0.101562,0.116699,-1.017090
IMU,3235623910,8.687500,-2.187500,-23.312500,0.156250,0.080566,-1.022217
IMU,3235627908,11.750000,-0.187500,-30.312500,0.053467,0.120850,-1.012939
IMU,3235632911,11.062500,3.375000,-32.937500,0.043701,0.155273,-1.011475
IMU,3235636908,9.250000,3.750000,-37.000000,0.144287,0.020020,-1.019775
IMU,3235641910,11.500000,1.250000,-40.437500,0.099365,0.074463,-1.018311
IMU,3235646909,7.187500,2.250000,-49.312500,0.085938,0.104980,-1.026123
IMU,3235650910,13.000000,1.000000,-47.500000,0.096436,0.144531,-1.021484
IMU,3235655908,15.312500,-2.187500,-46.625000,0.096191,0.216797,-1.026611
IMU,3235659911,6.687500,4.687500,-33.312500,0.088379,0.230469,-1.005371
IMU,3235664908,8.937500,2.187500,-25.687500,0.142578,0.177979,-1.030029
IMU,3235668910,11.125000,3.750000,-16.062500,0.091797,0.157471,-1.005615
IMU,3235673909,7.312500,10.250000,-19.375000,0.000000,0.226562,-1.019287
IMU,3235677910,2.625000,3.687500,-16.500000,0.100098,0.138184,-1.025391
IMU,3235682908,5.937500,0.062500,-10.375000,0.140381,0.072021,-1.020508
IMU,3235687911,3.062500,5.000000,-18.125000,-0.029297,0.219238,-1.016846
IMU,3235691908,10.625000,5.750000,-20.687500,0.098877,0.113525,-1.024902
IMU,3235696910,5.375000,8.437500,-23.062500,0.027344,0.125488,-1.016602
IMU,3235700909,-0.250000,8.187500,-32.187500,0.036377,0.154541,-1.025146
IMU,3235705910,13.375000,-2.000000,-27.062500,0.169678,0.094971,-1.025146
IMU,3235709908,5.187500,8.250000,-23.500000,-0.015137,0.193848,-1.014648
IMU,3235714911,10.125000,1.375000,-18.437500,0.093506,0.151367,-1.021729
IMU,3235719908,6.812500,7.000000,-15.937500,0.037109,0.144043,-1.017822
IMU,3235723910,10.687500,4.062500,-18.312500,0.072998,0.127197,-1.018066
IMU,3235728909,14.375000,2.625000,-14.000000,0.053223,0.124023,-1.027344
IMU,3235732910,5.750000,8.687500,-19.125000,0.016357,0.125488,-1.014648
IMU,3235737908,9.625000,2.312500,-23.875000,0.029053,0.125488,-1.027344
IMU,3235741911,7.250000,1.687500,-14.375000,0.045166,0.103760,-1.020752
IMU,3235746908,8.375000,8.562500,-21.312500,-0.020264,0.122803,-1.014160
IMU,3235750910,16.187500,3.000000,-14.437500,0.143311,0.093018,-1.027588
IMU,3235755909,18.062500,4.000000,-13.000000,0.030273,0.157227,-1.009766
IMU,3235760910,9.562500,7.125000,-22.687500,0.009277,0.167725,-1.016846
IMU,3235764908,6.937500,6.500000,-16.250000,0.093994,0.091064,-1.023438
IMU,3235769911,4.875000,4.437500,-9.187500,0.034668,0.128418,-1.019531
IMU,3235773908,4.062500,5.812500,-12.687500,-0.094971,0.134033,-1.015869
IMU,3235778910,3.562500,2.250000,-12.125000,0.133301,0.060791,-1.026123
IMU,3235782909,7.687500,2.062500,-17.312500,0.051270,0.129639,-1.020264
IMU,3235787910,9.750000,3.750000,-14.062500,0.024414,0.146484,-1.017090
IMU,3235792908,9.312500,3.687500,-6.687500,0.017334,0.102783,-1.019287
IMU,3235796911,11.000000,1.875000,-7.562500,0.091797,0.097168,-1.020020
IMU,3235801908,12.000000,3.312500,-7.750000,0.052490,0.131836,-1.017822
IMU,3235805910,8.187500,3.687500,-3.500000,0.024658,0.137207,-1.016357
IMU,3235810909,9.125000,2.625000,0.937500,0.057617,0.109863,-1.024902
IMU,3235814910,10.187500,4.250000,-1.687500,0.032715,0.116211,-1.024170
IMU,3235819908,8.937500,4.937500,-2.687500,-0.007080,0.104736,-1.016113
IMU,3235824911,10.937500,4.375000,-1.062500,0.031982,0.088379,-1.018066
IMU,3235828908,10.937500,3.937500,-0.312500,0.053711,0.104492,-1.020020
IMU,3235833910,9.500000,4.812500,-1.812500,0.004150,0.120850,-1.022705
IMU,3235837909,11.750000,0.937500,2.312500,0.003418,0.092529,-1.030518
IMU,3235842910,10.937500,0.687500,-2.687500,0.027344,0.093506,-1.010010
IMU,3235846908,9.750000,6.312500,-3.062500,-0.022949,0.122070,-1.006348
IMU,3235851911,12.125000,3.312500,-4.000000,0.004150,0.090332,-1.042236
IMU,3235855908,14.875000,-7.750000,-1.000000,0.088623,0.102783,-1.026123
IMU,3235860910,16.187500,-4.062500,4.250000,0.072998,0.169434,-1.010498
IMU,3235865909,14.937500,-1.187500,8.375000,0.031494,0.166260,-1.007568
IMU,3235869910,9.750000,8.000000,9.437500,-0.002197,0.122559,-0.991699
IMU,3235874908,10.250000,15.125000,13.312500,0.012939,0.100342,-1.044922
IMU,3235878911,19.000000,-5.312500,19.000000,0.033936,0.094727,-1.048340
IMU,3235883908,13.312500,-1.250000,15.500000,0.048828,0.112305,-0.976562
IMU,3235887910,4.437500,13.562500,9.437500,0.035156,0.125732,-1.010742
IMU,3235892909,14.812500,-3.187500,6.062500,-0.013428,0.096680,-1.071533
IMU,3235897910,15.312500,-5.062500,9.000000,0.073486,0.096924,-0.987305
IMU,3235901908,10.750000,4.812500,6.750000,0.027344,0.113281,-1.019287
IMU,3235906911,12.687500,2.125000,2.937500,0.074707,0.117920,-1.019531
IMU,3235910908,10.062500,7.375000,4.250000,0.031738,0.105713,-1.010010
IMU,3235915910,7.687500,9.437500,3.000000,-0.007324,0.081055,-1.023438
IMU,3235919909,8.500000,7.375000,-0.750000,-0.024658,0.045654,-1.023926
IMU,3235924910,10.625000,4.937500,-2.312500,0.019775,0.059814,-1.013184
IMU,3235928908,8.937500,5.750000,-2.250000,0.036621,0.075928,-1.023193
IMU,3235933911,12.125000,3.000000,2.062500,0.018799,0.088379,-1.022949
IMU,3235938908,11.312500,2.875000,1.625000,-0.021240,0.072266,-1.017090
IMU,3235942910,10.500000,4.500000,-0.750000,0.003662,0.062988,-1.017822
IMU,3235947909,10.500000,7.812500,-8.250000,-0.001465,0.075439,-1.018799
IMU,3235951910,7.750000,7.875000,-10.812500,0.011963,0.069580,-1.025391
IMU,3235956908,9.187500,3.312500,-14.375000,0.050293,0.085205,-1.022949
IMU,3235960911,10.062500,3.750000,-8.937500,0.079834,0.126953,-1.018311
IMU,3235965908,10.250000,5.062500,-3.187500,0.060791,0.151123,-1.019531
IMU,3235970910,9.312500,5.125000,-5.500000,0.046387,0.136963,-1.020508
IMU,3235974909,10.437500,3.875000,-4.625000,0.033203,0.117432,-1.026855
IMU,3235979910,10.500000,3.562500,-2.250000,0.025879,0.099365,-1.011475
IMU,3235983908,7.500000,5.937500,-0.812500,0.047363,0.106445,-1.019043
IMU,3235988911,7.062500,5.062500,10.187500,0.098877,0.142578,-1.022461
IMU,3235992908,10.750000,3.437500,16.125000,0.036865,0.141602,-1.029053
IMU,3235997910,10.375000,3.375000,11.875000,-0.059814,0.044678,-1.017334
IMU,3236001909,8.875000,5.312500,4.437500,-0.082275,-0.020264,-1.016357
IMU,3236006910,10.125000,4.250000,4.312500,-0.040283,0.008057,-1.013184
IMU,3236011908,9.687500,3.937500,4.437500,0.003662,0.056152,-1.016846
IMU,3236015911,10.937500,4.562500,2.187500,0.007568,0.065918,-1.020752
IMU,3236020908,9.500000,5.312500,8.125000,0.043945,0.099609,-1.017822
IMU,3236024910,8.750000,6.312500,12.875000,-0.027832,0.064453,-1.020020
IMU,3236029909,9.875000,5.562500,6.750000,-0.109619,-0.016602,-1.021729
IMU,3236033910,9.812500,4.750000,-1.250000,-0.145020,-0.056396,-1.015137
IMU,3236038908,9.000000,6.062500,-4.875000,-0.111084,-0.034912,-1.016846
IMU,3236043911,9.187500,4.562500,-7.125000,-0.058838,0.003906,-1.019775
IMU,3236047908,9.812500,4.375000,-10.312500,-0.060303,0.026611,-1.017578
IMU,3236052910,10.187500,5.875000,-12.312500,-0.084229,0.029053,-1.017090
IMU,3236056909,10.000000,5.750000,-13.312500,-0.080078,0.027344,-1.016602
IMU,3236061910,10.187500,5.250000,-11.750000,-0.062744,0.037109,-1.021484
IMU,3236065908,10.000000,5.250000,-8.250000,-0.044678,0.049072,-1.021729
IMU,3236070911,9.812500,5.500000,-4.437500,-0.025635,0.061035,-1.021484
IMU,3236075908,9.875000,5.562500,-3.437500,-0.010986,0.069092,-1.020752
IMU,3236079910,8.875000,5.562500,-2.750000,0.003662,0.071289,-1.019531
IMU,3236084909,9.437500,5.812500,-1.687500,-0.016113,0.071289,-1.020508
IMU,3236088910,9.562500,6.062500,0.187500,-0.018311,0.070068,-1.019531
IMU,3236093908,10.187500,6.062500,0.437500,-0.012451,0.072510,-1.017334
IMU,3236097911,9.687500,5.562500,0.125000,0.022949,0.075439,-1.017334
IMU,3236102908,9.687500,5.312500,1.062500,0.049316,0.074951,-1.019775
IMU,3236106910,9.812500,5.500000,1.375000,0.061035,0.075928,-1.021729
IMU,3236111909,9.937500,5.062500,1.000000,0.062500,0.075928,-1.020508
IMU,3236116910,9.875000,4.562500,1.187500,0.060791,0.075195,-1.018799
IMU,3236120908,10.687500,4.750000,0.625000,0.061768,0.074707,-1.018066
IMU,3236125911,10.812500,4.875000,-0.187500,0.061768,0.074463,-1.017578
IMU,3236129908,11.000000,4.687500,0.000000,0.062012,0.075928,-1.017578
IMU,3236134910,11.250000,5.000000,1.000000,0.061523,0.076416,-1.018311
IMU,3236138909,10.062500,5.187500,0.875000,0.061768,0.076416,-1.020020
IMU,3236143910,10.562500,4.750000,0.500000,0.060791,0.076660,-1.021973
IMU,3236148908,10.750000,5.000000,-0.187500,0.060547,0.076416,-1.020752
IMU,3236152911,10.562500,4.500000,0.000000,0.060303,0.077881,-1.019775
IMU,3236157908,10.375000,4.625000,-0.812500,0.055908,0.076904,-1.019531
IMU,3236161910,10.437500,3.937500,-1.687500,0.049805,0.076416,-1.020020
IMU,3236166909,11.000000,4.312500,-0.562500,0.055908,0.076660,-1.018555
IMU,3236170910,11.562500,4.312500,-0.750000,0.064453,0.075928,-1.017578
IMU,3236175908,11.437500,3.500000,-0.875000,0.066162,0.076172,-1.019775
IMU,3236179911,11.125000,3.937500,0.062500,0.064453,0.074707,-1.020020
IMU,3236184908,11.187500,4.250000,-0.250000,0.062256,0.074219,-1.019287
IMU,3236189910,10.687500,4.250000,-0.937500,0.062988,0.075439,-1.019043
IMU,3236193909,10.937500,3.437500,-0.687500,0.064941,0.075684,-1.018799
IMU,3236198910,10.500000,3.875000,-0.437500,0.065918,0.075439,-1.019287
IMU,3236202908,10.125000,4.187500,-0.312500,0.065674,0.075439,-1.019043
IMU,3236207911,9.562500,4.125000,-0.312500,0.064453,0.075928,-1.019043
IMU,3236211908,9.812500,3.937500,0.187500,0.062500,0.075684,-1.019287
IMU,3236216910,10.562500,3.312500,1.312500,0.060547,0.075928,-1.019043
IMU,3236221909,11.062500,3.687500,1.187500,0.060791,0.076904,-1.020020
IMU,3236225910,11.937500,3.625000,0.562500,0.061279,0.075439,-1.019043
IMU,3236230908,11.187500,4.562500,0.062500,0.062256,0.076172,-1.019775
IMU,3236234911,10.562500,4.312500,0.750000,0.061768,0.074707,-1.021729
IMU,3236239908,10.750000,3.687500,1.437500,0.060547,0.073975,-1.021240
IMU,3236243910,10.812500,4.187500,1.187500,0.061035,0.075195,-1.020508
IMU,3236248909,11.812500,4.562500,0.687500,0.061035,0.074951,-1.018555
IMU,3236253910,10.500000,4.250000,0.625000,0.060547,0.075195,-1.017090
IMU,3236257908,10.000000,5.000000,0.750000,0.061768,0.074707,-1.016846
IMU,3236262911,10.375000,5.250000,0.312500,0.061279,0.073486,-1.016846
IMU,3236266908,10.312500,4.687500,0.562500,0.060303,0.073975,-1.020020
IMU,3236271910,10.375000,4.500000,0.062500,0.060791,0.074951,-1.023438
IMU,3236275909,10.750000,4.375000,0.250000,0.061279,0.075439,-1.025391
IMU,3236280910,11.125000,3.750000,-0.625000,0.053711,0.074707,-1.024414
IMU,3236284908,10.500000,3.437500,-4.812500,0.042236,0.072021,-1.022949
IMU,3236289911,9.875000,2.812500,-6.562500,0.061035,0.072021,-1.017822
IMU,3236294908,9.812500,3.187500,-5.937500,0.051270,0.064453,-1.017090
IMU,3236298910,10.437500,4.125000,-9.875000,0.046143,0.057861,-1.018555
IMU,3236303909,10.500000,4.375000,-13.437500,0.048584,0.044922,-1.017822
IMU,3236307910,10.625000,4.000000,-17.125000,0.055908,0.050537,-1.017334
IMU,3236312908,10.750000,3.312500,-19.437500,0.065674,0.071045,-1.018555
IMU,3236316911,10.937500,4.375000,-18.187500,0.071045,0.084961,-1.020264
IMU,3236321908,10.687500,4.437500,-15.937500,0.069092,0.084961,-1.019775
IMU,3236326910,9.875000,4.312500,-14.062500,0.071533,0.091553,-1.017334
IMU,3236330909,9.937500,4.750000,-9.125000,0.072754,0.096436,-1.016602
IMU,3236335910,9.312500,4.750000,-5.062500,0.071045,0.099609,-1.019531
IMU,3236339908,9.750000,4.687500,-1.562500,0.065674,0.089355,-1.017822
IMU,3236344911,10.250000,4.062500,0.437500,0.061523,0.080566,-1.017334
IMU,3236348908,10.250000,3.562500,0.750000,0.061523,0.079590,-1.019043
IMU,3236353910,10.875000,4.187500,-0.125000,0.061035,0.078857,-1.019531
IMU,3236357909,10.187500,4.625000,-0.312500,0.062012,0.078613,-1.019287
IMU,3236362910,10.500000,4.125000,-0.312500,0.061035,0.079346,-1.019043
IMU,3236367908,10.187500,4.625000,0.625000,0.062500,0.078857,-1.016846
IMU,3236371911,10.812500,4.875000,0.750000,0.061035,0.077637,-1.015381
IMU,3236376908,10.250000,5.062500,1.562500,0.060791,0.078369,-1.015137
IMU,3236380910,10.562500,5.500000,1.437500,0.062256,0.078125,-1.017578
IMU,3236385909,10.125000,4.750000,0.500000,0.062988,0.077148,-1.021240
IMU,3236389910,10.000000,5.375000,0.312500,0.062500,0.075928,-1.018555
IMU,3236394908,10.437500,5.062500,0.125000,0.063477,0.076904,-1.015869
IMU,3236399911,10.750000,5.687500,0.000000,0.062500,0.076660,-1.016357
IMU,3236403908,10.437500,5.125000,0.312500,0.060303,0.077393,-1.016602
IMU,3236408910,10.687500,5.000000,0.625000,0.060303,0.076904,-1.019287
IMU,3236412909,10.312500,4.812500,-0.625000,0.060059,0.076660,-1.018311
IMU,3236417910,9.687500,4.812500,-0.312500,0.060059,0.076660,-1.018555
IMU,3236421908,10.437500,4.875000,-0.125000,0.058838,0.075439,-1.019531
IMU,3236426911,10.750000,5.062500,-0.437500,0.059570,0.074463,-1.019775
IMU,3236430908,10.625000,5.062500,-0.250000,0.059326,0.073486,-1.020020
IMU,3236435910,10.125000,5.437500,0.500000,0.059570,0.074219,-1.018555
IMU,3236440909,9.875000,4.937500,0.375000,0.059082,0.074951,-1.018799
IMU,3236444910,9.937500,4.687500,0.250000,0.059570,0.073975,-1.017822
IMU,3236449908,10.187500,5.062500,0.062500,0.059814,0.075439,-1.017578
IMU,3236453911,10.875000,5.375000,-0.375000,0.060791,0.073975,-1.019531
IMU,3236458908,10.687500,5.625000,-0.750000,0.062256,0.073730,-1.020264
IMU,3236462910,10.312500,5.687500,0.500000,0.060791,0.073486,-1.021729
IMU,3236467909,10.500000,5.312500,1.000000,0.060303,0.074219,-1.021484
IMU,3236472910,10.875000,5.062500,0.937500,0.062256,0.074707,-1.019287
IMU,3236476908,10.625000,4.875000,0.812500,0.061035,0.072998,-1.018555
IMU,3236481911,10.625000,5.875000,1.062500,0.061279,0.073242,-1.018066
IMU,3236485908,10.312500,5.875000,0.562500,0.061768,0.074707,-1.017578
IMU,3236490910,10.062500,5.562500,0.250000,0.061768,0.074951,-1.017822
IMU,3236494909,10.375000,5.500000,0.125000,0.060547,0.074951,-1.020264
IMU,3236499910,9.812500,4.937500,0.687500,0.061523,0.074219,-1.020508
IMU,3236504908,10.875000,5.250000,0.250000,0.061768,0.074463,-1.019775
IMU,3236508911,10.437500,5.187500,0.625000,0.061035,0.074463,-1.021240
IMU,3236513908,9.375000,4.937500,-0.312500,0.059814,0.074707,-1.020996
IMU,3236517910,10.750000,5.687500,0.000000,0.057129,0.072998,-1.019531
IMU,3236522909,10.500000,5.312500,-1.500000,0.044922,0.067871,-1.019043
IMU,3236526910,10.625000,4.625000,-6.187500,0.041748,0.061768,-1.018311
IMU,3236531908,10.812500,5.125000,-11.125000,0.036621,0.037354,-1.018311
IMU,3236535911,10.562500,4.625000,-10.000000,0.085449,0.093750,-1.017578
IMU,3236540908,10.562500,4.875000,-5.750000,0.083496,0.102783,-1.018066
IMU,3236545910,10.375000,5.250000,-2.000000,0.073242,0.090820,-1.019775
IMU,3236549909,10.125000,5.125000,-0.062500,0.063965,0.080322,-1.020264
IMU,3236554910,10.000000,4.812500,0.875000,0.061035,0.079102,-1.020020
IMU,3236558908,9.812500,4.187500,0.687500,0.061523,0.077637,-1.018799
IMU,3236563911,10.750000,4.937500,0.812500,0.060303,0.078613,-1.019531
IMU,3236567908,10.125000,4.687500,0.750000,0.060547,0.078857,-1.019043
IMU,3236572910,10.125000,4.937500,0.187500,0.060059,0.079590,-1.018066
IMU,3236577909,10.437500,4.500000,-0.750000,0.056396,0.078369,-1.018066
IMU,3236581910,10.125000,5.000000,-2.375000,0.049561,0.075439,-1.018066
IMU,3236586908,10.500000,4.750000,-3.812500,0.050537,0.072754,-1.018311
IMU,3236590911,11.062500,3.375000,-3.812500,0.052734,0.071777,-1.016846
IMU,3236595908,11.125000,4.062500,-3.000000,0.050293,0.072021,-1.017578
IMU,3236599910,11.062500,4.375000,-4.187500,0.055420,0.076416,-1.018311
IMU,3236604909,10.500000,3.875000,-4.937500,0.058350,0.074463,-1.017090
IMU,3236608910,10.625000,3.562500,-7.187500,0.024414,0.049072,-1.017334
IMU,3236613908,10.437500,3.562500,-8.687500,0.086182,0.087891,-1.015381
IMU,3236618911,10.500000,4.312500,-5.312500,0.086670,0.096924,-1.018311
IMU,3236622908,10.562500,4.437500,-3.000000,0.079590,0.089600,-1.016602
IMU,3236627910,10.312500,4.562500,-1.937500,0.069580,0.081543,-1.017822
IMU,3236631909,11.000000,4.687500,-1.437500,0.064209,0.078857,-1.019287
IMU,3236636910,11.562500,4.562500,0.250000,0.062012,0.075928,-1.018555
IMU,3236640908,11.125000,5.062500,0.375000,0.061768,0.075684,-1.018066
IMU,3236645911,10.562500,4.750000,0.750000,0.061523,0.076172,-1.018799
IMU,3236650908,10.625000,4.812500,0.562500,0.059570,0.077637,-1.019043
IMU,3236654910,10.250000,4.875000,0.250000,0.060547,0.075928,-1.018799
IMU,3236659909,10.000000,4.500000,-0.375000,0.060303,0.076172,-1.020752
IMU,3236663910,10.687500,4.437500,0.062500,0.059814,0.075684,-1.020752
IMU,3236668908,10.062500,4.625000,0.062500,0.061523,0.075684,-1.019775
IMU,3236672911,10.562500,4.125000,0.750000,0.061279,0.074951,-1.019043
IMU,3236677908,10.625000,4.250000,0.312500,0.060059,0.074707,-1.020020
IMU,3236682910,9.937500,5.312500,0.250000,0.059814,0.074219,-1.020752
IMU,3236686909,10.437500,5.125000,-1.187500,0.060059,0.073242,-1.020020
CFG,gyro_range_dps=2048,accel_range_g=8,odr_hz=250
IMU,3236691910,10.750000,5.312500,-0.750000,0.059326,0.074951,-1.018555
IMU,3236695908,10.625000,5.187500,0.687500,0.060059,0.074951,-1.018799
IMU,3236700911,10.687500,4.812500,0.375000,0.060547,0.074463,-1.019531
IMU,3236704908,10.000000,4.875000,0.687500,0.060791,0.074463,-1.019531
IMU,3236709910,10.687500,4.750000,0.625000,0.059326,0.075684,-1.018799
IMU,3236713909,10.187500,4.875000,-0.062500,0.058594,0.076172,-1.018555
IMU,3236718910,10.062500,4.750000,-0.187500,0.058105,0.075439,-1.019531
IMU,3236723908,10.000000,4.875000,-0.937500,0.054199,0.074951,-1.019775
IMU,3236727911,10.312500,5.062500,-2.375000,0.060303,0.073486,-1.020264
IMU,3236732908,10.000000,4.875000,-1.875000,0.065674,0.074951,-1.021729
IMU,3236736910,10.437500,4.625000,-1.500000,0.062256,0.074707,-1.020996
IMU,3236741909,10.375000,4.937500,-0.500000,0.061768,0.074951,-1.020020
IMU,3236745910,10.937500,4.937500,-0.250000,0.062012,0.074951,-1.018555
IMU,3236750908,10.812500,5.437500,0.125000,0.061768,0.074951,-1.016846
IMU,3236755911,10.500000,5.000000,0.312500,0.061279,0.075195,-1.016602
IMU,3236759908,10.937500,5.375000,0.000000,0.061523,0.075195,-1.018066
IMU,3236764910,11.375000,5.000000,0.750000,0.061768,0.075928,-1.019531
IMU,3236768909,10.437500,5.000000,0.687500,0.060303,0.077148,-1.019287
IMU,3236773910,10.312500,5.187500,0.375000,0.060303,0.076660,-1.019775
IMU,3236777908,10.500000,5.312500,-0.500000,0.060547,0.076660,-1.020020
IMU,3236782911,10.875000,5.750000,-0.187500,0.060547,0.075928,-1.019287
IMU,3236786908,10.562500,5.687500,0.187500,0.060791,0.076172,-1.017822
IMU,3236791910,10.125000,5.562500,0.500000,0.059326,0.075928,-1.015381
IMU,3236796909,10.000000,5.562500,0.562500,0.059814,0.076172,-1.015137
IMU,3236800910,9.500000,5.125000,0.687500,0.061523,0.077148,-1.015381
IMU,3236805908,10.562500,4.937500,0.625000,0.060791,0.076904,-1.015625
IMU,3236809911,10.437500,6.250000,0.750000,0.058838,0.078369,-1.016602
IMU,3236814908,10.687500,6.000000,0.562500,0.058594,0.077637,-1.017090
IMU,3236818910,10.750000,5.187500,0.875000,0.060547,0.077393,-1.016846
IMU,3236823909,10.312500,5.250000,1.250000,0.060791,0.077148,-1.019287
IMU,3236828910,10.187500,5.250000,1.062500,0.060791,0.076904,-1.020996
IMU,3236832908,10.125000,5.750000,0.562500,0.062988,0.075928,-1.022217
IMU,3236837911,10.312500,5.312500,0.812500,0.064453,0.075684,-1.023193
IMU,3236841908,10.812500,5.250000,0.312500,0.063721,0.076660,-1.020020
IMU,3236846910,10.625000,5.187500,-0.250000,0.062256,0.076172,-1.015137
IMU,3236850909,11.000000,5.437500,0.250000,0.059570,0.074707,-1.008545
IMU,3236855910,10.750000,5.312500,0.250000,0.057861,0.075439,-1.007568
IMU,3236860908,10.187500,5.187500,0.312500,0.058105,0.075684,-1.014404
IMU,3236864911,10.312500,5.375000,0.750000,0.059326,0.077637,-1.023926
IMU,3236869908,10.250000,5.937500,1.250000,0.060547,0.076660,-1.030762
IMU,3236873910,10.625000,5.125000,1.500000,0.060059,0.074219,-1.030762
IMU,3236878909,10.500000,4.312500,0.000000,0.060547,0.074707,-1.025635
IMU,3236882910,9.187500,5.687500,-0.062500,0.060547,0.074951,-1.019287
IMU,3236887908,9.437500,4.812500,0.062500,0.061279,0.075195,-1.012939
IMU,3236891911,10.937500,4.875000,0.125000,0.062500,0.074463,-1.009521
IMU,3236896908,11.062500,5.750000,0.625000,0.061523,0.073730,-1.011963
IMU,3236901910,10.375000,4.750000,0.562500,0.062012,0.073242,-1.016846
IMU,3236905909,10.312500,4.937500,0.625000,0.063477,0.072510,-1.023682
IMU,3236910910,9.750000,4.875000,-0.062500,0.064209,0.072754,-1.029053
IMU,3236914908,9.625000,5.937500,0.187500,0.062500,0.073242,-1.026611
IMU,3236919911,10.375000,4.812500,-0.125000,0.062256,0.074219,-1.024170
IMU,3236923908,9.937500,4.937500,0.125000,0.062744,0.075928,-1.017334
IMU,3236928910,10.500000,4.375000,0.937500,0.061523,0.075684,-1.015625
IMU,3236933909,10.562500,4.625000,0.437500,0.059570,0.074707,-1.015625
IMU,3236937910,9.750000,4.875000,-0.250000,0.058838,0.076172,-1.017578
IMU,3236942908,10.125000,4.187500,0.250000,0.060303,0.076172,-1.018066
IMU,3236946911,10.437500,4.125000,0.000000,0.060059,0.075195,-1.018311
IMU,3236951908,10.625000,4.937500,-0.687500,0.059814,0.073486,-1.019287
IMU,3236955910,10.937500,4.687500,-0.625000,0.060303,0.074463,-1.021240
IMU,3236960909,10.250000,4.812500,-0.062500,0.061035,0.074219,-1.025146
IMU,3236964910,10.437500,4.625000,-0.750000,0.060303,0.074951,-1.023926
IMU,3236969908,10.437500,5.500000,0.437500,0.061279,0.074707,-1.018799
IMU,3236974911,9.937500,5.500000,0.187500,0.061035,0.075195,-1.014160
IMU,3236978908,10.562500,4.562500,0.250000,0.055420,0.072754,-1.015625
IMU,3236983910,10.125000,3.437500,-10.875000,-0.014404,-0.037842,-1.022217
IMU,3236987909,9.687500,2.687500,-34.687500,0.052979,-0.006104,-1.018799
IMU,3236992910,10.125000,4.250000,-29.625000,0.098877,0.149902,-1.018066
IMU,3236996908,10.875000,4.625000,-17.375000,0.083496,0.122803,-1.017578
IMU,3237001911,10.437500,4.375000,-11.500000,0.070068,0.097412,-1.022705
IMU,3237006908,10.062500,5.000000,-9.000000,0.063232,0.084473,-1.021484
IMU,3237010910,10.562500,4.500000,-6.812500,0.065430,0.089355,-1.017822
IMU,3237015909,9.875000,4.312500,-3.437500,0.066895,0.091553,-1.016846
IMU,3237019910,10.375000,4.625000,-1.562500,0.065674,0.088379,-1.014893
IMU,3237024908,10.312500,4.625000,-0.125000,0.062256,0.081055,-1.017822
IMU,3237028911,10.750000,4.625000,0.812500,0.062500,0.077881,-1.020996
IMU,3237033908,10.250000,4.562500,1.000000,0.062744,0.077148,-1.020020
IMU,3237037910,9.687500,4.750000,0.250000,0.062012,0.077148,-1.019287
IMU,3237042909,10.000000,5.500000,-0.750000,0.061523,0.076416,-1.018311
IMU,3237047910,10.562500,5.437500,-0.250000,0.061279,0.077881,-1.017090
IMU,3237051908,10.125000,5.375000,1.375000,0.060791,0.077881,-1.017090
IMU,3237056911,10.000000,5.437500,1.000000,0.059570,0.077881,-1.018311
IMU,3237060908,10.062500,5.125000,0.562500,0.059326,0.078125,-1.019775
IMU,3237065910,10.187500,4.875000,0.500000,0.058594,0.077637,-1.017090
IMU,3237069909,10.125000,4.937500,0.562500,0.059326,0.075684,-1.018311
IMU,3237074910,10.187500,5.000000,0.125000,0.059814,0.074951,-1.019775
IMU,3237079908,10.000000,5.062500,1.000000,0.059814,0.075684,-1.020752
IMU,3237083911,9.812500,4.562500,1.062500,0.059570,0.077148,-1.019043
IMU,3237088908,9.750000,4.062500,-0.562500,0.059570,0.077148,-1.019531
IMU,3237092910,9.812500,4.625000,0.187500,0.059082,0.076660,-1.020264
IMU,3237097909,9.625000,5.000000,-0.062500,0.060059,0.077148,-1.020752
IMU,3237101910,9.562500,5.562500,-0.125000,0.059814,0.076416,-1.020508
IMU,3237106908,9.500000,4.750000,0.750000,0.059570,0.076660,-1.018311
IMU,3237111911,9.750000,4.687500,0.875000,0.060547,0.076172,-1.017090
IMU,3237115908,10.062500,4.312500,0.625000,0.061768,0.075928,-1.017822
IMU,3237120910,9.687500,4.312500,0.062500,0.062012,0.074951,-1.019775
IMU,3237124909,9.125000,4.562500,0.000000,0.061279,0.074463,-1.018555
IMU,3237129910,9.875000,5.000000,-0.062500,0.060791,0.074951,-1.019043
IMU,3237133908,10.000000,4.687500,-0.250000,0.060547,0.075195,-1.020508
IMU,3237138911,9.250000,4.187500,0.375000,0.061768,0.075439,-1.018555
IMU,3237142908,10.187500,4.875000,1.062500,0.061035,0.074219,-1.019531
IMU,3237147910,10.812500,4.312500,0.937500,0.061768,0.073975,-1.020020
IMU,3237152909,10.812500,4.125000,-0.500000,0.060791,0.073242,-1.017578
IMU,3237156910,10.125000,4.875000,-0.437500,0.060547,0.074707,-1.018555
IMU,3237161908,9.875000,5.125000,0.250000,0.060059,0.074463,-1.019043
IMU,3237165911,10.062500,4.500000,0.500000,0.060791,0.074707,-1.018311
IMU,3237170908,9.562500,4.625000,0.062500,0.060303,0.074463,-1.018555
IMU,3237174910,10.625000,4.875000,0.062500,0.059326,0.073975,-1.021484
IMU,3237179909,10.000000,4.125000,0.062500,0.060791,0.075195,-1.019287
IMU,3237184910,9.062500,4.062500,-0.375000,0.059570,0.075928,-1.018555
IMU,3237188908,9.937500,3.812500,-0.250000,0.061035,0.075439,-1.020508
IMU,3237193911,9.875000,4.062500,0.312500,0.060547,0.075195,-1.019775
IMU,3237197908,10.250000,4.187500,0.062500,0.059082,0.075928,-1.018555
IMU,3237202910,10.312500,4.437500,0.500000,0.060791,0.076172,-1.020752
IMU,3237206909,10.437500,4.687500,0.312500,0.061279,0.075928,-1.021973
IMU,3237211910,10.750000,4.312500,1.312500,0.061035,0.076416,-1.020264
IMU,3237215908,9.375000,4.312500,0.687500,0.062012,0.076660,-1.019531
IMU,3237220911,9.687500,5.000000,0.062500,0.061768,0.077148,-1.020020
IMU,3237225908,10.187500,5.125000,0.187500,0.061035,0.078369,-1.017334
IMU,3237229910,10.562500,5.250000,-0.187500,0.061523,0.077637,-1.019043
IMU,3237234909,9.687500,4.875000,0.437500,0.060547,0.077148,-1.020020
IMU,3237238910,9.500000,4.750000,0.000000,0.060059,0.077637,-1.018066
IMU,3237243908,9.750000,4.062500,0.000000,0.060059,0.076660,-1.019531
IMU,3237247911,10.000000,3.812500,0.375000,0.061523,0.075928,-1.020020
IMU,3237252908,10.562500,4.312500,0.375000,0.060059,0.077148,-1.019287
IMU,3237257910,10.500000,4.312500,0.375000,0.059326,0.076904,-1.018555
IMU,3237261909,10.500000,4.125000,0.187500,0.061279,0.078369,-1.019287
IMU,3237266910,10.875000,4.812500,0.625000,0.062256,0.078125,-1.017090
IMU,3237270908,10.625000,4.875000,0.750000,0.060791,0.077393,-1.017578
IMU,3237275911,10.375000,4.187500,0.937500,0.060059,0.077637,-1.019531
IMU,3237279908,9.500000,4.000000,0.125000,0.061523,0.076904,-1.019531
IMU,3237284910,10.187500,4.687500,0.375000,0.060791,0.077393,-1.017578
IMU,3237289909,10.125000,4.375000,0.500000,0.060547,0.076172,-1.018799
IMU,3237293910,9.625000,4.875000,0.250000,0.060791,0.076172,-1.020264
IMU,3237298908,9.125000,5.000000,1.062500,0.060547,0.076904,-1.017578
IMU,3237302911,9.062500,4.312500,1.187500,0.061035,0.075439,-1.018555
IMU,3237307908,9.437500,4.000000,0.687500,0.060303,0.074219,-1.021240
IMU,3237311910,9.187500,4.312500,0.437500,0.060059,0.074951,-1.019775
IMU,3237316909,9.562500,3.875000,-0.125000,0.060791,0.077148,-1.020020
IMU,3237320910,10.250000,4.187500,0.562500,0.060791,0.075684,-1.020996
IMU,3237325908,10.312500,4.812500,0.562500,0.061279,0.075195,-1.019775
IMU,3237330911,10.125000,5.062500,0.562500,0.059814,0.074707,-1.019287
IMU,3237334908,9.937500,4.437500,0.250000,0.061279,0.072998,-1.019043
IMU,3237339910,8.812500,3.750000,0.750000,0.062500,0.073486,-1.020264
IMU,3237343909,8.125000,4.750000,1.187500,0.060791,0.075195,-1.018799
IMU,3237348910,9.625000,4.812500,0.625000,0.060547,0.075439,-1.020508
IMU,3237352908,9.687500,3.750000,0.812500,0.061035,0.074463,-1.020020
IMU,3237357911,9.562500,4.375000,1.187500,0.061035,0.074707,-1.018799
IMU,3237362908,9.500000,5.000000,0.562500,0.059326,0.074707,-1.020508
IMU,3237366910,9.750000,4.375000,0.625000,0.060059,0.074463,-1.020264
IMU,3237371909,10.375000,4.687500,0.750000,0.059814,0.074219,-1.019531
IMU,3237375910,9.625000,4.625000,0.437500,0.060059,0.073486,-1.020752
IMU,3237380908,9.437500,4.250000,0.187500,0.061035,0.074951,-1.021240
IMU,3237384911,9.812500,4.500000,0.437500,0.060303,0.074219,-1.019043
IMU,3237389908,9.687500,4.125000,0.562500,0.060059,0.073975,-1.019287
IMU,3237393910,9.750000,4.375000,1.500000,0.060303,0.074707,-1.019043
IMU,3237398909,10.125000,4.437500,0.875000,0.060303,0.075928,-1.019775
IMU,3237403910,10.187500,4.125000,0.062500,0.060303,0.074707,-1.019775
IMU,3237407908,10.062500,4.250000,0.062500,0.060791,0.074463,-1.019287
IMU,3237412911,9.937500,4.187500,-0.125000,0.062256,0.074951,-1.018555
IMU,3237416908,10.250000,4.187500,0.000000,0.060791,0.075439,-1.020020
IMU,3237421910,9.437500,4.000000,-0.062500,0.060059,0.075684,-1.020264
IMU,3237425909,9.687500,4.750000,-0.062500,0.060303,0.075439,-1.018555
IMU,3237430910,10.375000,4.375000,0.687500,0.060791,0.075195,-1.017822
IMU,3237435908,9.625000,4.687500,0.187500,0.060791,0.075684,-1.019043
IMU,3237439911,9.125000,5.000000,0.250000,0.061035,0.076416,-1.018555
IMU,3237444908,9.062500,4.375000,-0.125000,0.061523,0.077393,-1.019287
IMU,3237448910,9.562500,4.562500,-0.312500,0.061768,0.077637,-1.020020
IMU,3237453909,10.250000,4.750000,0.000000,0.060303,0.078369,-1.019775
IMU,3237457910,9.625000,4.375000,0.812500,0.059326,0.077881,-1.019043
IMU,3237462908,9.625000,4.187500,1.000000,0.060059,0.076660,-1.018311
IMU,3237466911,9.625000,4.312500,1.125000,0.060547,0.077393,-1.017822
IMU,3237471908,9.562500,4.312500,0.187500,0.060303,0.078857,-1.017578
IMU,3237476910,9.875000,3.250000,0.250000,0.060303,0.078613,-1.018066
IMU,3237480909,9.562500,4.187500,0.187500,0.061035,0.077393,-1.017822
IMU,3237485910,9.437500,4.312500,0.500000,0.060791,0.076904,-1.017822
IMU,3237489908,9.812500,3.937500,1.125000,0.061035,0.077881,-1.017822
IMU,3237494911,9.687500,4.437500,1.125000,0.060791,0.077148,-1.019775
IMU,3237498908,9.125000,3.937500,-0.875000,0.061523,0.077148,-1.020508
IMU,3237503910,9.437500,3.625000,-0.500000,0.062256,0.078125,-1.020508
IMU,3237508909,10.562500,4.125000,-0.125000,0.062256,0.076416,-1.019775
IMU,3237512910,10.562500,4.312500,0.312500,0.061768,0.076416,-1.018066
IMU,3237517908,10.187500,5.500000,0.062500,0.061523,0.076660,-1.018555
IMU,3237521911,9.812500,5.187500,1.125000,0.061523,0.075684,-1.018555
IMU,3237526908,9.312500,3.875000,1.312500,0.061035,0.075195,-1.017090
IMU,3237530910,10.000000,3.812500,0.687500,0.061279,0.074707,-1.016113
IMU,3237535909,10.312500,4.375000,-0.375000,0.062500,0.074707,-1.018066
IMU,3237540910,9.812500,4.625000,0.187500,0.062500,0.075439,-1.018555
IMU,3237544908,9.875000,4.812500,1.062500,0.061279,0.077148,-1.020508
IMU,3237549911,9.125000,4.875000,0.875000,0.060547,0.076416,-1.027100
IMU,3237553908,8.500000,4.375000,0.250000,0.060547,0.076172,-1.016846
IMU,3237558910,10.250000,4.250000,0.750000,0.062744,0.075195,-1.018555
IMU,3237562909,9.562500,4.562500,0.187500,0.062012,0.076172,-1.025635
IMU,3237567910,8.625000,4.937500,-0.312500,0.060791,0.075928,-1.017578
IMU,3237571908,8.937500,5.125000,-0.062500,0.060303,0.075195,-1.025146
IMU,3237576911,9.562500,4.625000,0.437500,0.060791,0.075439,-1.027588
IMU,3237581908,9.312500,3.750000,0.937500,0.059570,0.074951,-1.017090
IMU,3237585910,10.125000,3.875000,0.375000,0.059082,0.075195,-1.013672
IMU,3237590909,10.062500,4.750000,0.687500,0.059814,0.074707,-1.013916
IMU,3237594910,9.625000,5.062500,0.375000,0.060547,0.074951,-1.016113
IMU,3237599908,10.000000,4.500000,0.500000,0.059570,0.075684,-1.017090
IMU,3237603911,9.875000,4.437500,0.500000,0.061035,0.075195,-1.022949
IMU,3237608908,10.187500,5.375000,0.812500,0.059814,0.075928,-1.028320
IMU,3237613910,9.875000,5.250000,0.125000,0.059326,0.075928,-1.023926
IMU,3237617909,10.000000,4.500000,0.312500,0.060791,0.074219,-1.020020
IMU,3237622910,10.062500,3.750000,0.500000,0.061523,0.073975,-1.013916
IMU,3237626908,10.062500,4.250000,-0.250000,0.061279,0.074463,-1.008301
IMU,3237631911,9.000000,4.562500,0.500000,0.062988,0.074463,-1.012207
IMU,3237635908,9.312500,4.625000,0.437500,0.062744,0.074707,-1.021240
IMU,3237640910,9.000000,4.812500,0.250000,0.062012,0.075195,-1.027588
IMU,3237644909,9.625000,4.812500,-0.062500,0.062988,0.075195,-1.027588
IMU,3237649910,10.062500,4.625000,0.437500,0.061768,0.074707,-1.025146
IMU,3237654908,10.000000,4.250000,0.375000,0.061035,0.075684,-1.018311
IMU,3237658911,9.562500,3.875000,0.687500,0.062012,0.075684,-1.012207
IMU,3237663908,10.312500,4.312500,0.875000,0.060791,0.075928,-1.013916
IMU,3237667910,9.625000,4.750000,0.562500,0.060059,0.075439,-1.017090
IMU,3237672909,9.375000,5.125000,0.125000,0.058594,0.075684,-1.019043
IMU,3237676910,10.500000,4.562500,-0.062500,0.059326,0.077148,-1.021729
IMU,3237681908,10.562500,4.250000,-0.812500,0.060547,0.076660,-1.025391
IMU,3237686911,10.062500,5.250000,-0.125000,0.058838,0.076660,-1.022461
IMU,3237690908,9.562500,4.687500,0.812500,0.059326,0.077881,-1.016602
IMU,3237695910,9.937500,4.375000,0.625000,0.061035,0.077393,-1.014648
IMU,3237699909,10.125000,4.250000,0.125000,0.059814,0.075928,-1.015381
IMU,3237704910,10.437500,3.937500,0.437500,0.060059,0.075439,-1.018066
IMU,3237708908,9.687500,4.562500,0.625000,0.061279,0.077393,-1.020752
IMU,3237713911,9.500000,5.500000,0.437500,0.060303,0.076904,-1.020996
IMU,3237718908,9.937500,4.812500,0.937500,0.060547,0.077148,-1.019775
IMU,3237722910,10.000000,4.250000,0.500000,0.060791,0.078125,-1.018555
IMU,3237727909,9.625000,4.375000,0.500000,0.061768,0.077148,-1.018799
IMU,3237731910,9.875000,4.062500,0.000000,0.061035,0.076172,-1.020508
IMU,3237736908,9.500000,4.000000,0.187500,0.060791,0.075928,-1.022217
IMU,3237740911,9.437500,4.562500,0.375000,0.061035,0.077393,-1.019287
IMU,3237745908,9.375000,4.750000,-0.437500,0.059570,0.076904,-1.018066
IMU,3237749910,9.687500,4.750000,0.375000,0.060303,0.076416,-1.018311
IMU,3237754909,9.437500,3.625000,1.250000,0.060791,0.076416,-1.017822
IMU,3237759910,10.000000,3.625000,0.187500,0.059570,0.075928,-1.016846
IMU,3237763908,10.250000,3.812500,0.125000,0.061523,0.076416,-1.018799
IMU,3237768911,10.000000,3.812500,0.000000,0.062744,0.076660,-1.020264
IMU,3237772908,9.750000,3.562500,-0.250000,0.062500,0.076172,-1.020508
IMU,3237777910,8.625000,5.062500,-0.500000,0.063232,0.076660,-1.024170
IMU,3237781909,8.875000,5.437500,-0.062500,0.063721,0.076660,-1.025391
IMU,3237786910,9.375000,4.750000,0.062500,0.061768,0.075195,-1.019287
IMU,3237791908,9.500000,4.937500,0.062500,0.062500,0.075439,-1.015869
IMU,3237795911,9.937500,4.812500,0.687500,0.061768,0.076172,-1.016113
IMU,3237800908,9.437500,4.500000,0.000000,0.061279,0.076172,-1.016357
IMU,3237804910,8.937500,4.312500,0.437500,0.061035,0.076416,-1.019287
IMU,3237809909,8.937500,4.125000,0.687500,0.061523,0.075439,-1.023682
IMU,3237813910,9.375000,3.875000,-0.500000,0.061768,0.075439,-1.023438
IMU,3237818908,9.375000,3.937500,0.312500,0.060791,0.074707,-1.021484
IMU,3237822911,9.437500,4.312500,-0.250000,0.061035,0.075195,-1.021973
IMU,3237827908,10.062500,4.500000,0.437500,0.061768,0.073486,-1.018799
IMU,3237832910,9.375000,5.000000,0.375000,0.061279,0.073975,-1.016846
IMU,3237836909,9.687500,4.812500,-0.500000,0.060791,0.075195,-1.018311
IMU,3237841910,9.625000,4.312500,-0.312500,0.060791,0.075684,-1.020020
IMU,3237845908,9.562500,4.437500,-0.500000,0.060791,0.076172,-1.019287
IMU,3237850911,9.437500,4.812500,0.437500,0.061035,0.075195,-1.023193
IMU,3237854908,8.750000,3.875000,0.375000,0.061279,0.073486,-1.022705
IMU,3237859910,10.125000,3.750000,0.625000,0.061035,0.074707,-1.018066
IMU,3237864909,10.687500,4.062500,0.375000,0.061279,0.074707,-1.016357
IMU,3237868910,9.437500,4.187500,0.125000,0.061523,0.073975,-1.018799
IMU,3237873908,9.937500,4.000000,-0.437500,0.060303,0.074463,-1.017334
IMU,3237877911,10.375000,4.375000,0.187500,0.061523,0.075928,-1.019531
IMU,3237882908,10.187500,5.000000,0.750000,0.060547,0.076416,-1.019775
IMU,3237886910,10.562500,4.875000,0.500000,0.060547,0.076172,-1.018311
IMU,3237891909,10.500000,4.625000,0.125000,0.060547,0.075928,-1.018799
IMU,3237896910,10.625000,4.812500,0.250000,0.060303,0.075439,-1.019043
IMU,3237900908,10.500000,4.500000,0.187500,0.059570,0.075928,-1.017578
IMU,3237905911,11.062500,4.625000,-0.062500,0.061279,0.076416,-1.017822
IMU,3237909908,10.375000,4.750000,0.500000,0.061035,0.076416,-1.020508
IMU,3237914910,9.937500,4.687500,0.500000,0.062012,0.076172,-1.019531
IMU,3237918909,9.937500,4.187500,0.500000,0.061768,0.076660,-1.018799
IMU,3237923910,10.062500,4.875000,0.250000,0.061768,0.076172,-1.018311
IMU,3237927908,9.875000,4.875000,0.000000,0.061035,0.076660,-1.018799
IMU,3237932911,10.000000,4.500000,-0.375000,0.061523,0.077148,-1.017578
IMU,3237937908,10.375000,4.312500,0.062500,0.062500,0.077393,-1.019287
IMU,3237941910,9.937500,4.750000,0.500000,0.061523,0.077881,-1.019287
IMU,3237946909,10.125000,4.812500,0.250000,0.060547,0.077881,-1.019531
IMU,3237950910,10.125000,4.937500,1.062500,0.061523,0.078125,-1.020020
IMU,3237955908,9.750000,5.437500,0.562500,0.060303,0.076172,-1.018066
IMU,3237959911,9.750000,5.000000,0.062500,0.059814,0.076172,-1.017090
IMU,3237964908,9.937500,4.687500,0.562500,0.061035,0.078125,-1.017822
IMU,3237969910,10.000000,5.000000,1.000000,0.061279,0.076660,-1.018799
IMU,3237973909,10.375000,4.875000,1.312500,0.061035,0.077393,-1.018555
IMU,3237978910,9.812500,4.937500,1.250000,0.060547,0.077881,-1.019287
IMU,3237982908,10.187500,4.687500,0.250000,0.059326,0.076904,-1.020752
IMU,3237987911,10.062500,4.750000,0.000000,0.058350,0.075928,-1.019043
IMU,3237991908,10.187500,5.375000,0.375000,0.059326,0.076660,-1.018066
IMU,3237996910,10.562500,5.187500,-0.062500,0.060303,0.076172,-1.017578
IMU,3238000909,10.062500,5.125000,-0.125000,0.059814,0.074951,-1.017090
IMU,3238005910,9.812500,4.750000,0.187500,0.059082,0.075439,-1.017578
IMU,3238010908,10.125000,4.687500,-0.062500,0.059814,0.075439,-1.020996
IMU,3238014911,9.875000,4.500000,0.437500,0.060791,0.075928,-1.020996
IMU,3238019908,10.750000,4.625000,-0.062500,0.061035,0.075195,-1.019287
IMU,3238023910,10.562500,4.750000,-0.125000,0.062500,0.074951,-1.019043
IMU,3238028909,9.812500,5.250000,-0.687500,0.062256,0.075439,-1.020020
IMU,3238032910,9.937500,5.937500,-0.375000,0.060791,0.076660,-1.020020
IMU,3238037908,10.625000,5.250000,1.062500,0.062500,0.076904,-1.020508
IMU,3238042911,10.625000,4.750000,1.187500,0.062500,0.075684,-1.020752
IMU,3238046908,10.312500,4.687500,0.125000,0.061768,0.075928,-1.021240
IMU,3238051910,11.000000,4.750000,-0.250000,0.061279,0.075195,-1.022705
IMU,3238055909,10.625000,4.500000,-0.250000,0.061035,0.074219,-1.021973
IMU,3238060910,9.500000,4.562500,-0.312500,0.060791,0.075195,-1.019775
IMU,3238064908,9.875000,4.250000,-0.625000,0.061523,0.075928,-1.019043
IMU,3238069911,10.000000,4.562500,-0.062500,0.062012,0.075928,-1.018555
IMU,3238073908,10.562500,4.937500,0.625000,0.061768,0.075684,-1.017334
IMU,3238078910,10.437500,4.750000,1.687500,0.061523,0.076416,-1.019775
IMU,3238083909,9.937500,5.437500,0.875000,0.060791,0.074951,-1.020752
IMU,3238087910,10.375000,5.312500,-0.250000,0.060791,0.074951,-1.019775
IMU,3238092908,10.375000,4.312500,-0.375000,0.060791,0.074707,-1.021240
IMU,3238096911,9.687500,4.250000,0.875000,0.062256,0.074463,-1.021729
IMU,3238101908,9.937500,4.312500,1.125000,0.060791,0.076416,-1.020996
IMU,3238105910,9.437500,4.062500,1.000000,0.060547,0.077881,-1.019287
IMU,3238110909,9.437500,4.937500,0.187500,0.061035,0.077148,-1.019531
IMU,3238115910,9.937500,4.875000,-0.187500,0.060791,0.076172,-1.020020
IMU,3238119908,10.187500,4.875000,0.437500,0.060303,0.075439,-1.018555
IMU,3238124911,9.875000,4.750000,0.937500,0.060791,0.076416,-1.020020
IMU,3238128908,9.937500,4.312500,0.750000,0.061279,0.075928,-1.021240
IMU,3238133910,9.625000,3.750000,0.625000,0.061279,0.075928,-1.020996
IMU,3238137909,9.562500,4.375000,0.500000,0.060791,0.076172,-1.021973
IMU,3238142910,10.125000,4.500000,0.437500,0.062256,0.076416,-1.021240
IMU,3238147908,10.062500,4.625000,0.812500,0.062988,0.077148,-1.019043
IMU,3238151911,10.875000,4.812500,0.500000,0.062012,0.077393,-1.020264
IMU,3238156908,11.062500,3.937500,0.312500,0.061768,0.075928,-1.019043
IMU,3238160910,11.187500,3.562500,0.625000,0.060791,0.076416,-1.019775
IMU,3238165909,10.062500,4.312500,0.500000,0.061523,0.076904,-1.020752
IMU,3238169910,10.250000,4.625000,0.437500,0.062256,0.076416,-1.021973
IMU,3238174908,10.000000,4.062500,0.375000,0.060303,0.075439,-1.019287
IMU,3238178911,9.812500,4.375000,0.062500,0.059814,0.077637,-1.019287
IMU,3238183908,10.625000,3.937500,-0.125000,0.061279,0.077393,-1.020020
IMU,3238188910,10.875000,3.625000,0.250000,0.061035,0.075439,-1.017578
IMU,3238192909,10.250000,4.312500,0.187500,0.060791,0.074951,-1.017822
IMU,3238197910,10.125000,4.187500,0.437500,0.060791,0.074707,-1.018799
IMU,3238201908,10.687500,3.937500,-0.375000,0.060791,0.075439,-1.019287
IMU,3238206911,10.125000,4.500000,0.625000,0.061035,0.074951,-1.019043
IMU,3238210908,10.062500,4.312500,0.562500,0.061279,0.075439,-1.020264
IMU,3238215910,9.500000,4.875000,1.125000,0.060303,0.075195,-1.021484
IMU,3238220909,10.437500,4.500000,0.625000,0.058838,0.075928,-1.021973
IMU,3238224910,10.875000,5.062500,-0.062500,0.060547,0.075684,-1.020752
IMU,3238229908,9.875000,4.937500,0.750000,0.060791,0.074707,-1.019287
IMU,3238233911,11.062500,3.812500,0.437500,0.059326,0.074219,-1.015869
IMU,3238238908,10.312500,3.937500,-1.125000,0.060059,0.075195,-1.015381
IMU,3238242910,10.125000,4.687500,-0.687500,0.060059,0.075195,-1.017090
IMU,3238247909,9.812500,4.375000,0.750000,0.060547,0.074707,-1.019287
IMU,3238251910,9.500000,4.875000,1.000000,0.062744,0.074707,-1.020020
IMU,3238256908,10.125000,5.437500,0.312500,0.062256,0.074707,-1.020508
IMU,3238261911,10.250000,4.875000,-0.125000,0.061768,0.076172,-1.021729
IMU,3238265908,9.500000,4.750000,0.375000,0.062256,0.075195,-1.022461
IMU,3238270910,10.250000,4.312500,0.750000,0.061279,0.076172,-1.023926
IMU,3238274909,9.687500,4.437500,1.000000,0.059570,0.077393,-1.019531
IMU,3238279910,9.500000,5.062500,0.875000,0.059326,0.077393,-1.015625
IMU,3238283908,9.437500,4.625000,0.687500,0.060059,0.076904,-1.014404
IMU,3238288911,9.437500,4.250000,-0.312500,0.060059,0.077393,-1.012695
IMU,3238293908,9.375000,4.687500,-0.937500,0.059570,0.076904,-1.013916
IMU,3238297910,9.625000,4.875000,0.062500,0.059082,0.076660,-1.019043
IMU,3238302909,10.062500,5.375000,0.750000,0.060303,0.078125,-1.021240
IMU,3238306910,9.937500,5.562500,0.562500,0.059326,0.077637,-1.017090
IMU,3238311908,10.000000,5.312500,0.500000,0.059570,0.077393,-1.021973
IMU,3238315911,10.062500,5.000000,-0.312500,0.061279,0.078857,-1.024170
IMU,3238320908,9.687500,4.875000,0.000000,0.061523,0.077393,-1.023193
IMU,3238325910,10.375000,4.312500,0.125000,0.061279,0.076660,-1.021973
IMU,3238329909,9.500000,3.875000,-0.125000,0.061035,0.077148,-1.014404
IMU,3238334910,8.750000,4.250000,0.125000,0.060791,0.076660,-1.009277
IMU,3238338908,9.375000,5.000000,0.187500,0.061768,0.077148,-1.015137
IMU,3238343911,10.437500,4.437500,0.375000,0.061279,0.075439,-1.017578
IMU,3238347908,10.187500,4.312500,-0.125000,0.061523,0.076416,-1.021240
IMU,3238352910,10.062500,5.000000,-0.125000,0.062500,0.078125,-1.024170
IMU,3238356909,10.187500,5.125000,-0.125000,0.062500,0.077393,-1.024658
IMU,3238361910,9.500000,4.500000,0.312500,0.062500,0.076660,-1.022705
IMU,3238366908,9.812500,4.687500,0.750000,0.062500,0.076904,-1.016846
IMU,3238370911,9.750000,5.562500,0.687500,0.062256,0.076660,-1.016602
IMU,3238375908,9.375000,4.500000,-0.125000,0.061768,0.075439,-1.018066
IMU,3238379910,9.625000,4.437500,0.187500,0.061523,0.075439,-1.012695
IMU,3238384909,9.687500,4.562500,0.000000,0.062012,0.075684,-1.014893
IMU,3238388910,10.500000,4.125000,0.125000,0.061523,0.074707,-1.020996
IMU,3238393908,10.312500,4.687500,1.250000,0.062012,0.075439,-1.029785
IMU,3238398911,10.250000,4.625000,1.187500,0.059814,0.076172,-1.034424
IMU,3238402908,9.687500,4.500000,0.500000,0.059082,0.076416,-1.022461
IMU,3238407910,9.875000,4.812500,0.000000,0.059326,0.075684,-1.009521
IMU,3238411909,9.375000,4.562500,0.687500,0.059082,0.075195,-1.010010
IMU,3238416910,9.812500,5.250000,0.187500,0.058350,0.074707,-1.011719
IMU,3238420908,9.875000,5.937500,0.500000,0.059326,0.075195,-1.016113
IMU,3238425911,9.500000,4.687500,0.437500,0.059570,0.075928,-1.025879
IMU,3238429908,9.562500,4.437500,0.875000,0.058838,0.074951,-1.020996
IMU,3238434910,9.437500,5.562500,0.250000,0.060059,0.074219,-1.021973
IMU,3238439909,9.375000,5.250000,0.437500,0.060059,0.073730,-1.023682
IMU,3238443910,10.250000,5.437500,0.687500,0.061279,0.074219,-1.026367
IMU,3238448908,10.187500,4.625000,0.250000,0.060791,0.075439,-1.032227
IMU,3238452911,9.937500,3.937500,0.125000,0.060059,0.074951,-1.021484
IMU,3238457908,9.812500,4.562500,1.625000,0.061035,0.074951,-1.006348
IMU,3238461910,10.687500,4.750000,1.375000,0.061279,0.074707,-1.004150
IMU,3238466909,10.437500,4.687500,0.312500,0.062744,0.075439,-1.015381
IMU,3238471910,9.937500,4.437500,0.500000,0.059814,0.071045,-1.027832
IMU,3238475908,10.250000,4.000000,2.500000,0.059814,0.070068,-1.028076
IMU,3238480911,10.312500,4.250000,2.062500,0.065674,0.080566,-1.013428
IMU,3238484908,9.812500,5.312500,1.125000,0.061279,0.076660,-1.018311
IMU,3238489910,9.625000,5.125000,1.812500,0.063721,0.076172,-1.035645
IMU,3238493909,9.375000,4.187500,1.562500,0.065186,0.077637,-1.031738
IMU,3238498910,9.875000,4.125000,0.937500,0.061035,0.077393,-1.017090
IMU,3238502908,9.875000,4.687500,0.437500,0.060059,0.075439,-1.010742
IMU,3238507911,9.812500,5.000000,-0.250000,0.060059,0.075928,-1.000244
IMU,3238512908,10.312500,5.187500,0.062500,0.061279,0.076660,-1.008789
IMU,3238516910,10.812500,4.812500,1.125000,0.060791,0.077148,-1.023438
IMU,3238521909,10.062500,5.562500,0.562500,0.060059,0.077393,-1.025635
IMU,3238525910,9.625000,4.875000,0.250000,0.059326,0.078369,-1.030029
IMU,3238530908,10.562500,3.875000,0.437500,0.060303,0.078613,-1.031494
IMU,3238534911,10.500000,3.562500,0.125000,0.060547,0.077148,-1.021973
IMU,3238539908,10.250000,4.250000,-0.187500,0.062012,0.075684,-1.015137
IMU,3238544910,9.812500,4.125000,0.625000,0.061523,0.074707,-1.007080
IMU,3238548909,9.875000,4.562500,1.250000,0.059570,0.075928,-0.994385
IMU,3238553910,9.687500,5.125000,0.312500,0.060059,0.076904,-1.012207
IMU,3238557908,9.250000,5.562500,-0.187500,0.062500,0.077393,-1.028564
IMU,3238562911,10.312500,5.250000,0.625000,0.062012,0.079102,-1.042480
IMU,3238566908,9.562500,3.312500,0.375000,0.062012,0.080811,-1.035889
IMU,3238571910,9.625000,4.187500,0.250000,0.061768,0.080322,-1.012939
IMU,3238576909,10.000000,5.000000,0.000000,0.060303,0.080078,-1.009766
IMU,3238580910,10.687500,4.187500,0.000000,0.061279,0.077881,-1.007324
IMU,3238585908,9.812500,4.312500,-0.375000,0.062744,0.075439,-1.008545
IMU,3238589911,9.625000,4.312500,0.437500,0.063477,0.075195,-1.017090
IMU,3238594908,10.187500,4.187500,0.125000,0.062012,0.073486,-1.014404
IMU,3238598910,10.375000,5.312500,-0.250000,0.061768,0.078369,-1.043701
IMU,3238603909,9.500000,5.062500,-1.000000,0.064453,0.083496,-1.052002
IMU,3238607910,9.062500,4.125000,-0.187500,0.061279,0.082764,-1.013184
IMU,3238612908,9.312500,3.750000,0.312500,0.054199,0.083252,-1.008545
IMU,3238617911,9.625000,3.937500,0.125000,0.053955,0.085693,-1.001465
IMU,3238621908,10.125000,4.812500,0.875000,0.056885,0.087891,-0.978516
IMU,3238626910,10.125000,4.750000,0.937500,0.057129,0.084717,-1.009521
IMU,3238630909,10.875000,5.375000,0.750000,0.054932,0.079590,-1.006592
IMU,3238635910,10.125000,6.625000,0.000000,0.056885,0.075928,-0.991699
IMU,3238639908,9.812500,5.312500,0.375000,0.061768,0.075195,-1.041504
IMU,3238644911,11.125000,5.000000,0.687500,0.060791,0.072998,-1.050293
IMU,3238649908,10.437500,4.937500,0.750000,0.061523,0.072998,-1.031006
IMU,3238653910,9.437500,4.625000,0.375000,0.065918,0.070557,-1.051514
IMU,3238658909,9.500000,3.875000,-0.812500,0.069580,0.067871,-1.051514
IMU,3238662910,9.437500,4.312500,-0.437500,0.067139,0.065430,-1.005859
IMU,3238667908,9.812500,4.500000,-0.062500,0.067383,0.065430,-0.995605
IMU,3238671911,8.937500,4.125000,-0.062500,0.069580,0.063965,-1.006104
IMU,3238676908,9.500000,4.062500,0.187500,0.069336,0.064453,-1.001709
IMU,3238680910,9.312500,4.062500,0.562500,0.061279,0.066162,-1.010498
IMU,3238685909,10.125000,4.750000,-0.687500,0.059814,0.067627,-1.038574
IMU,3238690910,10.937500,4.500000,-0.812500,0.061768,0.069336,-1.057861
IMU,3238694908,11.125000,4.250000,-0.125000,0.056641,0.070068,-1.046631
IMU,3238699911,10.312500,3.250000,0.187500,0.054199,0.068848,-1.034424
IMU,3238703908,10.062500,4.125000,0.187500,0.054688,0.069336,-1.012939
IMU,3238708910,10.187500,4.437500,0.062500,0.052490,0.071533,-0.989014
IMU,3238712909,9.437500,4.187500,0.375000,0.053223,0.072998,-0.996582
IMU,3238717910,9.312500,4.250000,0.125000,0.057861,0.073486,-1.012695
IMU,3238722908,9.750000,4.125000,0.437500,0.056152,0.075439,-1.013428
IMU,3238726911,9.312500,4.812500,0.187500,0.057129,0.077637,-1.033936
IMU,3238731908,8.875000,5.500000,-0.187500,0.063232,0.076172,-1.048096
IMU,3238735910,9.000000,4.687500,-0.187500,0.061523,0.078369,-1.028320
IMU,3238740909,9.750000,4.125000,1.062500,0.059814,0.081299,-1.010254
IMU,3238744910,10.125000,4.375000,0.312500,0.067383,0.081055,-1.010742
IMU,3238749908,10.125000,4.750000,0.500000,0.069336,0.081055,-1.007324
IMU,3238754911,9.062500,4.937500,0.687500,0.064941,0.082275,-1.005615
IMU,3238758908,9.375000,4.687500,0.562500,0.067871,0.083008,-1.015869
IMU,3238763910,9.562500,4.437500,-0.125000,0.068848,0.083252,-1.019531
IMU,3238767909,9.750000,4.562500,-0.625000,0.063965,0.084961,-1.021973
IMU,3238772910,10.000000,4.437500,-0.375000,0.062988,0.085449,-1.027100
IMU,3238776908,9.625000,4.500000,0.687500,0.063965,0.085205,-1.019287
IMU,3238781911,9.500000,4.062500,0.625000,0.057861,0.084229,-1.011475
IMU,3238785908,10.125000,4.437500,0.187500,0.056152,0.083496,-1.017822
IMU,3238790910,9.937500,4.312500,0.187500,0.061035,0.083496,-1.016846
IMU,3238795909,9.250000,4.875000,-0.062500,0.058838,0.082520,-1.007568
IMU,3238799910,10.000000,4.625000,-0.062500,0.054932,0.081787,-1.010498
IMU,3238804908,9.500000,4.187500,-0.250000,0.057617,0.078857,-1.014648
IMU,3238808911,9.687500,5.187500,0.312500,0.059814,0.076904,-1.013672
IMU,3238813908,8.625000,4.750000,0.812500,0.056152,0.076904,-1.019775
IMU,3238817910,8.812500,4.500000,0.687500,0.057861,0.075928,-1.027832
IMU,3238822909,9.625000,3.750000,0.125000,0.061523,0.074951,-1.026367
IMU,3238827910,9.375000,4.312500,0.125000,0.057129,0.075684,-1.022217
IMU,3238831908,9.125000,4.625000,-0.562500,0.059326,0.074219,-1.020264
IMU,3238836911,9.750000,4.437500,0.000000,0.060547,0.073975,-1.010254
IMU,3238840908,10.062500,4.687500,0.687500,0.059326,0.075439,-1.007324
IMU,3238845910,9.750000,4.625000,0.750000,0.059570,0.075195,-1.018555
IMU,3238849909,10.062500,4.625000,0.062500,0.061279,0.076416,-1.024902
IMU,3238854910,9.812500,5.000000,0.562500,0.058594,0.077637,-1.025635
IMU,3238858908,9.250000,5.125000,-0.125000,0.059570,0.077637,-1.028320
IMU,3238863911,9.625000,5.250000,-0.562500,0.063965,0.075684,-1.025879
IMU,3238868908,10.187500,5.500000,-0.375000,0.062012,0.075684,-1.015381
IMU,3238872910,9.687500,5.562500,0.062500,0.060791,0.075928,-1.010986
IMU,3238877909,9.125000,5.687500,1.250000,0.062988,0.074707,-1.012939
IMU,3238881910,9.625000,4.875000,0.687500,0.063477,0.075195,-1.015137
IMU,3238886908,10.125000,5.312500,0.625000,0.060791,0.075684,-1.019531
IMU,3238890911,10.250000,5.187500,0.125000,0.062988,0.073730,-1.028809
IMU,3238895908,10.125000,4.812500,0.250000,0.064941,0.073975,-1.027832
IMU,3238900910,9.625000,4.062500,-0.187500,0.061523,0.073975,-1.026123
IMU,3238904909,9.062500,4.875000,0.000000,0.060303,0.073242,-1.023438
IMU,3238909910,9.812500,4.750000,0.812500,0.061035,0.074463,-1.018555
IMU,3238913908,9.625000,4.875000,1.000000,0.056641,0.076172,-1.017090
IMU,3238918911,9.500000,4.750000,0.500000,0.055664,0.076660,-1.014893
IMU,3238922908,9.875000,4.312500,0.250000,0.056641,0.074707,-1.009521
IMU,3238927910,9.937500,4.562500,-0.062500,0.056396,0.075439,-1.012451
IMU,3238932909,9.812500,4.937500,-0.312500,0.056885,0.075928,-1.016602
IMU,3238936910,9.375000,4.750000,-0.562500,0.058105,0.075195,-1.019043
IMU,3238941908,9.750000,3.812500,0.125000,0.059814,0.076660,-1.022949
IMU,3238945911,9.062500,4.062500,0.625000,0.060547,0.076172,-1.021729
IMU,3238950908,9.750000,5.000000,-0.437500,0.060791,0.076172,-1.020020
IMU,3238954910,10.562500,4.750000,-0.500000,0.060791,0.075928,-1.017578
IMU,3238959909,9.750000,4.625000,-0.125000,0.061523,0.076416,-1.014893
IMU,3238963910,10.125000,4.500000,-0.062500,0.062012,0.076172,-1.013184
IMU,3238968908,10.625000,4.625000,0.187500,0.062256,0.075684,-1.015381
IMU,3238973911,9.500000,4.437500,1.375000,0.062500,0.074951,-1.021729
IMU,3238977908,9.312500,4.437500,1.187500,0.062988,0.074463,-1.026123
IMU,3238982910,8.937500,4.750000,0.687500,0.063721,0.075928,-1.023193
IMU,3238986909,8.875000,4.312500,-0.250000,0.062988,0.074707,-1.022705
IMU,3238991910,9.437500,4.625000,0.562500,0.062256,0.073730,-1.021484
IMU,3238995908,10.062500,4.375000,1.375000,0.062012,0.074951,-1.019775
IMU,3239000911,10.250000,4.562500,0.562500,0.062988,0.072998,-1.017334
IMU,3239005908,10.062500,4.500000,-0.250000,0.061523,0.073242,-1.016846
IMU,3239009910,9.375000,3.812500,0.312500,0.061035,0.074219,-1.018799
IMU,3239014909,9.687500,3.375000,-0.312500,0.062012,0.072998,-1.023193
IMU,3239018910,10.062500,3.625000,-0.875000,0.060547,0.072021,-1.009766
IMU,3239023908,9.375000,4.625000,-0.062500,0.059082,0.073730,-1.017578
IMU,3239027911,9.500000,4.750000,-0.125000,0.059326,0.073486,-1.025146
IMU,3239032908,9.312500,4.375000,0.562500,0.062012,0.073730,-1.034668
IMU,3239036910,9.125000,4.125000,0.187500,0.060059,0.072754,-1.045654
IMU,3239041909,9.562500,4.750000,0.500000,0.058838,0.072998,-1.029053
IMU,3239046910,9.750000,4.750000,0.562500,0.059570,0.072510,-1.002197
IMU,3239050908,10.062500,4.500000,0.562500,0.059326,0.071289,-0.985107
IMU,3239055911,9.750000,4.937500,-0.250000,0.058105,0.072510,-0.996338
IMU,3239059908,8.750000,5.562500,-0.625000,0.060791,0.072021,-1.019775
IMU,3239064910,9.312500,5.562500,0.437500,0.062744,0.073242,-1.044922
IMU,3239068909,9.500000,5.000000,1.312500,0.060059,0.074219,-1.049561
IMU,3239073910,8.937500,4.125000,0.750000,0.061035,0.072998,-1.044678
IMU,3239078908,8.875000,3.562500,0.562500,0.062256,0.071289,-1.027588
IMU,3239082911,9.500000,4.062500,0.937500,0.064209,0.069092,-1.011719
IMU,3239087908,9.625000,4.562500,0.687500,0.067627,0.066406,-1.006836
IMU,3239091910,10.062500,4.687500,1.187500,0.069336,0.063232,-1.007812
IMU,3239096909,9.812500,5.312500,0.750000,0.066650,0.059570,-1.020752
IMU,3239100910,9.750000,4.562500,0.937500,0.065430,0.056641,-1.047852
IMU,3239105908,9.062500,4.312500,0.812500,0.065674,0.052734,-1.062012
IMU,3239109911,9.125000,4.437500,0.312500,0.062256,0.053711,-1.043213
IMU,3239114908,8.687500,4.125000,0.875000,0.056152,0.057617,-0.989014
IMU,3239119910,9.312500,4.750000,0.750000,0.048584,0.062744,-0.968994
IMU,3239123909,10.062500,5.000000,0.625000,0.043457,0.067871,-0.989502
IMU,3239128910,10.500000,5.000000,0.187500,0.046631,0.069824,-1.009766
IMU,3239132908,10.250000,5.812500,0.000000,0.049316,0.070801,-1.037354
IMU,3239137911,9.687500,4.500000,0.125000,0.045166,0.074219,-1.049805
IMU,3239141908,9.437500,4.562500,0.062500,0.048096,0.079346,-1.027100
IMU,3239146910,9.000000,4.312500,0.562500,0.054199,0.081787,-1.027344
IMU,3239151909,8.750000,4.125000,0.875000,0.055664,0.081299,-1.023682
IMU,3239155910,9.750000,5.187500,0.687500,0.058838,0.081787,-1.000488
IMU,3239160908,8.875000,5.250000,-0.125000,0.064453,0.083984,-0.983887
IMU,3239164911,8.625000,5.187500,-0.750000,0.065186,0.086182,-0.994629
IMU,3239169908,8.562500,5.062500,0.187500,0.066650,0.089844,-1.010010
IMU,3239173910,9.750000,5.437500,0.562500,0.065186,0.093506,-1.012207
IMU,3239178909,9.437500,6.062500,0.187500,0.063232,0.095459,-1.028076
IMU,3239183910,10.062500,4.937500,0.562500,0.060547,0.095947,-1.022949
IMU,3239187908,9.625000,4.125000,0.750000,0.050781,0.097412,-0.975830
IMU,3239192911,8.875000,5.000000,-0.062500,0.037598,0.103760,-0.952881
IMU,3239196908,9.937500,5.937500,-0.062500,0.037842,0.104736,-1.008057
IMU,3239201910,10.312500,5.687500,-1.250000,0.036377,0.102295,-0.999268
IMU,3239205909,9.750000,5.625000,-1.062500,0.038330,0.103760,-1.032471
IMU,3239210910,10.250000,5.250000,-0.250000,0.049561,0.098877,-1.063721
IMU,3239214908,10.125000,5.375000,-0.500000,0.062256,0.092041,-1.059570
IMU,3239219911,9.625000,4.875000,-0.312500,0.070801,0.088623,-1.050293
IMU,3239224908,8.687500,3.875000,0.250000,0.077393,0.084717,-1.021729
IMU,3239228910,9.062500,4.062500,0.062500,0.091797,0.081787,-1.014160
IMU,3239233909,9.312500,4.187500,0.562500,0.098145,0.077881,-1.001709
IMU,3239237910,9.875000,4.187500,-0.187500,0.098877,0.071045,-0.993896
IMU,3239242908,9.062500,4.437500,0.250000,0.100586,0.070801,-1.002686
IMU,3239246911,9.062500,4.437500,0.625000,0.093018,0.074707,-0.998779
IMU,3239251908,9.250000,4.437500,0.937500,0.083740,0.080078,-1.031494
IMU,3239256910,11.000000,4.625000,-0.437500,0.082031,0.078613,-1.073975
IMU,3239260909,10.062500,2.937500,-0.250000,0.072021,0.077637,-1.051270
IMU,3239265910,9.062500,3.375000,0.812500,0.055664,0.079834,-1.028076
IMU,3239269908,8.812500,2.875000,0.000000,0.043213,0.081543,-1.000977
IMU,3239274911,8.187500,4.250000,0.562500,0.035889,0.081787,-0.973389
IMU,3239278908,9.000000,4.625000,0.687500,0.027344,0.080566,-0.985107
IMU,3239283910,9.687500,4.687500,0.500000,0.029785,0.075195,-0.999023
IMU,3239287909,10.437500,4.312500,-0.312500,0.044922,0.069824,-1.027100
IMU,3239292910,9.500000,3.687500,-0.375000,0.053467,0.060791,-1.059326
IMU,3239297908,9.062500,4.687500,-0.312500,0.058350,0.055664,-1.064209
IMU,3239301911,8.875000,4.687500,-0.125000,0.069824,0.052002,-1.059570
IMU,3239306908,8.187500,4.437500,0.125000,0.066406,0.049805,-1.010498
IMU,3239310910,9.437500,3.625000,0.437500,0.060547,0.050293,-0.997314
IMU,3239315909,9.687500,4.312500,1.125000,0.062744,0.048096,-0.991455
IMU,3239319910,8.812500,5.187500,0.875000,0.058350,0.051270,-0.985840
IMU,3239324908,10.000000,6.062500,1.000000,0.048096,0.057373,-1.009521
IMU,3239329911,10.375000,5.312500,0.812500,0.050049,0.059326,-1.055176
IMU,3239333908,10.125000,4.375000,0.937500,0.052734,0.060791,-1.059326
IMU,3239338910,9.250000,4.562500,0.312500,0.044189,0.066650,-1.047363
IMU,3239342909,7.687500,5.000000,0.812500,0.039062,0.069336,-1.025391
IMU,3239347910,9.187500,4.937500,-0.312500,0.047363,0.071533,-0.994873
IMU,3239351908,9.687500,5.000000,-0.750000,0.052490,0.074707,-1.014160
IMU,3239356911,9.562500,4.375000,-1.000000,0.054688,0.072510,-1.016846
IMU,3239361908,9.187500,4.562500,-0.937500,0.067139,0.070312,-1.007812
IMU,3239365910,8.937500,5.437500,-0.500000,0.073975,0.072266,-1.011963
IMU,3239370909,8.875000,5.750000,-0.812500,0.070557,0.070557,-1.008789
IMU,3239374910,8.562500,5.312500,-0.375000,0.080811,0.073486,-1.038330
IMU,3239379908,9.687500,5.375000,0.125000,0.086914,0.073975,-1.058105
IMU,3239383911,9.875000,5.125000,0.812500,0.087891,0.072754,-1.070801
IMU,3239388908,10.187500,3.937500,0.312500,0.095947,0.072266,-1.077393
IMU,3239392910,9.125000,3.625000,-0.437500,0.092773,0.072998,-1.019531
IMU,3239397909,8.687500,4.500000,-0.562500,0.077881,0.078613,-0.982178
IMU,3239402910,9.312500,4.687500,0.062500,0.069580,0.084473,-0.982666
IMU,3239406908,10.062500,4.187500,0.250000,0.063721,0.086670,-0.986572
IMU,3239411911,9.437500,4.812500,0.375000,0.049316,0.091553,-1.006592
IMU,3239415908,9.312500,5.062500,0.437500,0.036377,0.095947,-1.010498
IMU,3239420910,8.250000,5.250000,0.812500,0.035400,0.100342,-1.018311
IMU,3239424909,8.562500,4.437500,0.312500,0.035645,0.103760,-1.034668
IMU,3239429910,9.750000,4.125000,-0.312500,0.033936,0.103271,-1.042725
IMU,3239434908,9.875000,3.875000,-0.062500,0.041504,0.099365,-1.016357
IMU,3239438911,9.187500,4.187500,-0.375000,0.048096,0.096436,-0.975342
IMU,3239443908,9.562500,4.687500,0.187500,0.051514,0.095703,-0.984619
IMU,3239447910,8.375000,4.937500,-0.312500,0.052002,0.093018,-0.925049
IMU,3239452909,8.187500,4.625000,0.062500,0.053223,0.095459,-0.954590
IMU,3239456910,9.062500,5.687500,0.250000,0.039795,0.094727,-0.921143
IMU,3239461908,9.687500,7.625000,0.062500,0.040039,0.099609,-0.987305
IMU,3239465911,10.750000,7.000000,0.062500,0.049561,0.092285,-1.055908
IMU,3239470908,11.375000,5.750000,-0.187500,0.057373,0.087158,-1.142822
IMU,3239475910,10.625000,5.562500,-1.062500,0.109863,0.057129,-1.202393
IMU,3239479909,8.125000,6.687500,-5.812500,0.148438,0.032959,-1.168945
IMU,3239484910,8.500000,3.250000,-2.687500,0.035645,0.121338,-1.072510
IMU,3239488908,9.562500,1.750000,0.375000,0.102295,0.067139,-0.963379
IMU,3239493911,9.125000,2.937500,0.312500,0.104492,0.057129,-0.868408
IMU,3239497908,10.125000,4.375000,0.687500,0.098389,0.057129,-0.862793
IMU,3239502910,10.562500,5.625000,0.500000,0.083252,0.061035,-0.931152
IMU,3239507909,10.562500,6.812500,1.125000,0.066895,0.068359,-1.014648
IMU,3239511910,10.687500,5.812500,0.937500,0.053223,0.075195,-1.084229
IMU,3239516908,9.937500,4.625000,0.250000,0.039062,0.081299,-1.134766
IMU,3239520911,9.375000,3.937500,0.437500,0.029785,0.083008,-1.136963
IMU,3239525908,9.375000,3.062500,-0.187500,0.029785,0.078613,-1.089600
IMU,3239529910,8.250000,2.812500,0.125000,0.032471,0.072998,-1.016113
IMU,3239534909,9.062500,3.750000,0.187500,0.040039,0.067383,-0.953857
IMU,3239538910,8.937500,4.937500,0.062500,0.054932,0.060059,-0.929688
IMU,3239543908,10.312500,5.875000,0.125000,0.069092,0.052734,-0.958740
IMU,3239548911,10.875000,5.687500,-0.437500,0.080811,0.047607,-1.008301
IMU,3239552908,10.312500,5.375000,0.062500,0.088135,0.045898,-1.048828
IMU,3239557910,9.500000,4.687500,0.250000,0.090820,0.047607,-1.078369
IMU,3239561909,9.750000,4.500000,0.250000,0.086670,0.052002,-1.091553
IMU,3239566910,9.562500,3.687500,0.812500,0.079102,0.055908,-1.081055
IMU,3239570908,9.125000,4.312500,0.812500,0.069824,0.063477,-1.041992
IMU,3239575911,9.375000,3.687500,1.000000,0.058838,0.069336,-1.007568
IMU,3239580908,10.125000,3.750000,1.250000,0.049316,0.074707,-0.980957
IMU,3239584910,9.937500,5.000000,0.750000,0.042725,0.077881,-0.966064
IMU,3239589909,9.375000,5.812500,0.250000,0.039551,0.082764,-0.975830
IMU,3239593910,9.875000,5.750000,0.812500,0.037109,0.085205,-1.001709
IMU,3239598908,9.312500,5.125000,0.812500,0.039551,0.086182,-1.031738
IMU,3239602911,8.750000,4.812500,-0.062500,0.043945,0.084717,-1.047119
IMU,3239607908,8.687500,4.375000,0.187500,0.049316,0.083984,-1.037842
IMU,3239612910,8.437500,4.625000,-0.500000,0.051514,0.082275,-1.008301
IMU,3239616909,8.625000,4.875000,-0.812500,0.057617,0.082031,-0.985352
IMU,3239621910,8.937500,4.750000,-0.250000,0.066895,0.079834,-0.982666
IMU,3239625908,9.187500,5.312500,0.187500,0.072510,0.074951,-0.991455
IMU,3239630911,9.250000,5.750000,0.250000,0.075195,0.074219,-1.018066
IMU,3239634908,9.875000,5.000000,0.000000,0.079346,0.075195,-1.046143
IMU,3239639910,9.437500,4.062500,0.062500,0.076904,0.078125,-1.066162
IMU,3239643909,9.000000,4.062500,0.437500,0.073730,0.081055,-1.070557
IMU,3239648910,9.937500,4.125000,0.062500,0.071045,0.082520,-1.049316
IMU,3239653908,8.875000,4.062500,0.125000,0.067383,0.083984,-1.022461
IMU,3239657911,8.562500,3.687500,0.687500,0.059814,0.087158,-0.993408
IMU,3239662908,9.437500,3.687500,1.000000,0.052979,0.089111,-0.975830
IMU,3239666910,9.812500,4.562500,0.875000,0.049561,0.091553,-0.971924
IMU,3239671909,10.375000,5.000000,0.687500,0.044434,0.095459,-0.979492
IMU,3239675910,9.500000,5.562500,0.312500,0.041504,0.097656,-1.002686
IMU,3239680908,9.375000,5.125000,0.000000,0.046143,0.096680,-1.023682
IMU,3239685911,10.125000,4.562500,-0.375000,0.049316,0.096680,-1.029541
IMU,3239689908,9.437500,4.812500,0.000000,0.053955,0.093262,-1.029297
IMU,3239694910,8.562500,4.500000,0.687500,0.060059,0.089600,-1.021973
IMU,3239698909,8.687500,3.687500,0.437500,0.065430,0.084473,-1.014160
IMU,3239703910,8.437500,4.875000,-0.437500,0.069336,0.079102,-1.005127
IMU,3239707908,8.937500,5.375000,-0.562500,0.075195,0.076172,-1.000977
IMU,3239712911,9.062500,5.312500,-0.250000,0.079102,0.071777,-1.016113
IMU,3239716908,9.562500,5.437500,-0.187500,0.077393,0.070557,-1.031250
IMU,3239721910,10.062500,5.125000,0.375000,0.078125,0.068848,-1.047607
IMU,3239726909,9.937500,4.687500,1.437500,0.078125,0.068115,-1.052734
IMU,3239730910,10.062500,4.500000,1.062500,0.073730,0.068848,-1.047119
IMU,3239735908,10.500000,4.000000,0.750000,0.068359,0.069336,-1.035645
IMU,3239739911,10.000000,3.687500,1.312500,0.063721,0.069336,-1.016602
IMU,3239744908,10.437500,4.500000,1.062500,0.055908,0.068604,-1.003418
IMU,3239748910,10.437500,4.250000,1.250000,0.049072,0.071533,-0.998779
IMU,3239753909,9.500000,4.750000,1.125000,0.049316,0.072754,-1.006592
IMU,3239758910,9.812500,4.375000,0.437500,0.049805,0.072266,-1.020020
IMU,3239762908,9.812500,4.625000,-0.125000,0.049805,0.071777,-1.032959
IMU,3239767911,9.625000,4.375000,-0.437500,0.055176,0.070801,-1.041748
IMU,3239771908,9.812500,4.375000,-0.250000,0.060547,0.068115,-1.040283
IMU,3239776910,9.875000,4.000000,0.500000,0.063232,0.066162,-1.030518
IMU,3239780909,9.937500,3.687500,0.187500,0.070068,0.064453,-1.016602
IMU,3239785910,9.500000,3.937500,0.500000,0.077393,0.062012,-1.006348
IMU,3239790908,9.375000,4.562500,0.500000,0.076904,0.062012,-1.004883
IMU,3239794911,9.812500,4.875000,-0.750000,0.076416,0.062988,-1.015381
IMU,3239799908,9.562500,4.312500,-0.500000,0.075928,0.063232,-1.026855
IMU,3239803910,10.187500,3.687500,0.500000,0.072021,0.065674,-1.033447
IMU,3239808909,11.500000,3.562500,0.250000,0.065186,0.068359,-1.037354
IMU,3239812910,10.250000,3.687500,0.750000,0.060547,0.071045,-1.035889
IMU,3239817908,9.375000,4.562500,0.062500,0.053955,0.074463,-1.027832
IMU,3239821911,9.625000,4.687500,0.500000,0.048584,0.078369,-1.017822
IMU,3239826908,10.312500,4.687500,0.625000,0.047363,0.078857,-1.012695
IMU,3239831910,9.750000,4.750000,0.750000,0.046631,0.080078,-1.004395
IMU,3239835909,9.625000,4.187500,0.687500,0.047607,0.082275,-1.003906
IMU,3239840910,9.562500,5.187500,0.500000,0.050537,0.083008,-1.010010
IMU,3239844908,8.812500,4.812500,-0.187500,0.053711,0.083984,-1.015869
IMU,3239849911,8.812500,4.187500,0.250000,0.060059,0.081543,-1.026611
IMU,3239853908,10.062500,4.750000,0.062500,0.064697,0.081299,-1.029297
IMU,3239858910,9.250000,4.812500,-0.187500,0.068848,0.080078,-1.027344
IMU,3239863909,9.312500,5.437500,0.000000,0.071533,0.078125,-1.018799
IMU,3239867910,9.250000,5.562500,-0.250000,0.072998,0.079346,-1.012207
IMU,3239872908,9.125000,4.250000,0.687500,0.075195,0.079834,-1.009033
IMU,3239876911,10.375000,4.812500,0.437500,0.073242,0.081787,-1.008057
IMU,3239881908,10.000000,4.750000,0.312500,0.069580,0.082031,-1.011963
IMU,3239885910,9.687500,4.500000,-0.250000,0.067871,0.083496,-1.019531
IMU,3239890909,10.437500,4.187500,-0.250000,0.063721,0.085693,-1.025146
IMU,3239894910,9.812500,4.187500,0.125000,0.059326,0.087891,-1.029785
IMU,3239899908,9.000000,4.125000,0.625000,0.057129,0.087402,-1.026611
IMU,3239904911,9.500000,3.937500,0.000000,0.056885,0.086182,-1.020508
IMU,3239908908,9.500000,3.812500,0.312500,0.055176,0.083740,-1.013672
IMU,3239913910,9.875000,4.312500,0.812500,0.055176,0.081543,-1.010742
IMU,3239917909,9.687500,4.187500,0.562500,0.058105,0.082275,-1.011475
IMU,3239922910,9.875000,4.312500,0.062500,0.059814,0.080566,-1.011719
IMU,3239926908,10.000000,3.875000,0.625000,0.060547,0.078857,-1.016113
IMU,3239931911,9.375000,4.375000,1.062500,0.062256,0.076660,-1.020996
IMU,3239936908,10.062500,4.562500,0.937500,0.062744,0.075928,-1.020508
IMU,3239940910,9.312500,5.062500,0.250000,0.061279,0.075195,-1.020752
IMU,3239945909,8.812500,5.187500,0.250000,0.061768,0.073730,-1.023438
IMU,3239949910,9.125000,4.625000,0.187500,0.061279,0.073975,-1.024170
IMU,3239954908,9.125000,4.375000,0.437500,0.059814,0.072998,-1.022705
IMU,3239958911,9.562500,4.250000,1.437500,0.059082,0.074707,-1.021973
IMU,3239963908,10.000000,3.937500,0.312500,0.058105,0.074707,-1.020752
IMU,3239968910,9.125000,4.187500,-0.437500,0.056885,0.073242,-1.017334
IMU,3239972909,9.937500,4.187500,-0.750000,0.057373,0.072510,-1.016846
IMU,3239977910,10.000000,3.875000,-0.187500,0.057373,0.073242,-1.018311
IMU,3239981908,9.750000,4.812500,0.750000,0.058350,0.072266,-1.021973
IMU,3239986911,9.812500,4.812500,0.875000,0.058594,0.071533,-1.022705
IMU,3239990908,9.375000,4.375000,0.250000,0.058838,0.071045,-1.022461
IMU,3239995910,9.812500,4.687500,0.937500,0.059082,0.070801,-1.020996
IMU,3239999909,9.000000,5.312500,0.875000,0.059326,0.070312,-1.016113
IMU,3240004910,8.687500,5.375000,0.312500,0.060791,0.070557,-1.016846
IMU,3240009908,9.687500,5.187500,0.312500,0.061768,0.069336,-1.020264
IMU,3240013911,10.062500,4.562500,0.375000,0.060059,0.069824,-1.021484
IMU,3240018908,10.250000,5.000000,0.500000,0.060791,0.068848,-1.024658
IMU,3240022910,9.562500,4.687500,0.250000,0.058838,0.069092,-1.022705
IMU,3240027909,9.187500,4.437500,0.750000,0.058350,0.070557,-1.022461
IMU,3240031910,9.375000,5.000000,0.125000,0.059570,0.070801,-1.020264
IMU,3240036908,9.937500,4.062500,-0.562500,0.061035,0.071289,-1.020264
IMU,3240041911,9.500000,4.312500,-0.125000,0.062012,0.072754,-1.022217
IMU,3240045908,9.750000,4.625000,0.750000,0.062500,0.072998,-1.022949
IMU,3240050910,10.062500,5.125000,0.687500,0.063232,0.073975,-1.025146
IMU,3240054909,9.250000,4.750000,0.312500,0.065430,0.074951,-1.024170
IMU,3240059910,9.562500,4.687500,-0.062500,0.068115,0.077148,-1.023193
IMU,3240063908,10.187500,4.437500,0.062500,0.068848,0.078613,-1.023438
IMU,3240068911,9.750000,4.625000,1.437500,0.072754,0.078857,-1.023682
IMU,3240072908,9.375000,4.437500,1.875000,0.075439,0.078369,-1.024658
IMU,3240077910,8.875000,4.500000,1.125000,0.075195,0.079590,-1.025635
IMU,3240082909,8.875000,4.062500,0.875000,0.074463,0.080078,-1.019043
IMU,3240086910,10.312500,4.812500,0.250000,0.074463,0.081543,-1.016113
IMU,3240091908,11.125000,5.500000,-0.250000,0.072510,0.083496,-1.018555
IMU,3240095911,10.625000,4.750000,1.312500,0.070312,0.083740,-1.017334
IMU,3240100908,10.312500,3.750000,0.937500,0.068115,0.085449,-1.017578
IMU,3240104910,9.875000,3.187500,0.062500,0.065186,0.085938,-1.015381
IMU,3240109909,9.687500,3.437500,0.250000,0.062744,0.086182,-1.015625
IMU,3240114910,9.687500,3.812500,0.312500,0.061035,0.085449,-1.019287
IMU,3240118908,9.812500,4.437500,0.812500,0.060059,0.085938,-1.016602
IMU,3240123911,9.437500,4.000000,0.625000,0.055908,0.084961,-1.017090
IMU,3240127908,8.875000,3.937500,0.375000,0.054443,0.083984,-1.014893
IMU,3240132910,9.750000,4.250000,0.437500,0.055176,0.082275,-1.012207
IMU,3240136909,9.750000,4.500000,-0.125000,0.053223,0.082520,-1.010742
IMU,3240141910,10.500000,4.312500,-0.312500,0.053711,0.081299,-1.013672
IMU,3240145908,10.250000,4.250000,0.250000,0.056641,0.080078,-1.013428
IMU,3240150911,8.937500,4.437500,1.562500,0.056641,0.078613,-1.015625
IMU,3240155908,9.000000,4.562500,1.000000,0.056641,0.078125,-1.016602
IMU,3240159910,8.625000,5.125000,0.500000,0.055420,0.077881,-1.012451
IMU,3240164909,8.187500,3.875000,0.250000,0.055908,0.077393,-1.011475
IMU,3240168910,9.312500,4.312500,0.062500,0.055908,0.075684,-1.012451
IMU,3240173908,9.750000,4.687500,-0.437500,0.053955,0.075195,-1.014404
IMU,3240177911,9.125000,4.437500,0.500000,0.055176,0.076172,-1.014893
IMU,3240182908,9.750000,4.125000,1.125000,0.055664,0.075684,-1.016846
IMU,3240187910,9.812500,4.875000,1.625000,0.055664,0.074219,-1.019043
IMU,3240191909,9.562500,4.000000,0.687500,0.056885,0.073730,-1.019043
IMU,3240196910,9.187500,4.500000,0.125000,0.058594,0.072510,-1.025391
IMU,3240200908,9.187500,4.937500,0.812500,0.060547,0.070312,-1.016602
IMU,3240205911,9.750000,4.750000,0.562500,0.061523,0.068848,-1.014893
IMU,3240209908,10.250000,4.312500,0.437500,0.064453,0.069092,-1.030518
IMU,3240214910,9.812500,4.250000,0.187500,0.063965,0.066650,-1.025391
