IMU,9314909,7.125000,5.500000,0.625000,0.057129,0.072510,-1.019531
IMU,9319910,6.500000,4.937500,1.062500,0.057373,0.072510,-1.019287
IMU,9323907,6.125000,5.187500,0.875000,0.056396,0.071777,-1.018555
IMU,9328911,5.937500,5.375000,-0.187500,0.056885,0.072998,-1.017090
IMU,9332907,6.812500,5.250000,0.000000,0.056396,0.073975,-1.017334
IMU,9337910,7.000000,5.437500,-0.500000,0.057617,0.072510,-1.019287
IMU,9341909,7.250000,5.125000,-0.375000,0.056885,0.071533,-1.018311
IMU,9346910,6.812500,5.375000,-0.375000,0.058105,0.072510,-1.018066
IMU,9351907,6.062500,5.812500,0.062500,0.057861,0.072266,-1.018799
IMU,9355911,6.125000,5.000000,0.500000,0.057129,0.072754,-1.018799
IMU,9360907,6.687500,5.062500,-0.062500,0.056152,0.074463,-1.019775
IMU,9364910,6.187500,5.312500,0.062500,0.054688,0.074219,-1.018799
IMU,9369909,6.062500,6.000000,0.250000,0.055176,0.074219,-1.018799
IMU,9373910,5.812500,5.625000,-0.562500,0.053955,0.074707,-1.018799
IMU,9378907,5.750000,5.562500,-0.625000,0.053955,0.074951,-1.017822
IMU,9383911,6.437500,6.437500,-0.562500,0.053711,0.073975,-1.018066
IMU,9387907,6.312500,6.062500,0.250000,0.052246,0.073730,-1.017822
IMU,9392910,5.750000,5.500000,0.375000,0.053955,0.073486,-1.017578
IMU,9396909,5.687500,5.437500,0.250000,0.053223,0.073486,-1.017822
IMU,9401910,6.125000,5.375000,-0.250000,0.053711,0.072510,-1.018555
IMU,9405907,6.687500,5.000000,0.812500,0.053955,0.070557,-1.017822
IMU,9410911,7.000000,4.625000,0.937500,0.053955,0.071045,-1.019043
IMU,9414907,6.562500,4.937500,0.937500,0.051758,0.070312,-1.020020
IMU,9419910,5.812500,6.000000,1.375000,0.052002,0.070068,-1.020264
IMU,9424909,6.062500,6.375000,1.687500,0.052246,0.068359,-1.020264
IMU,9428910,6.812500,5.437500,1.000000,0.051514,0.065674,-1.018066
IMU,9433907,6.500000,5.312500,1.000000,0.052734,0.065186,-1.021973
IMU,9437911,5.812500,5.500000,1.312500,0.054443,0.061035,-1.020752
IMU,9442907,6.375000,5.375000,0.250000,0.056396,0.064941,-1.019043
IMU,9446910,6.875000,5.562500,0.750000,0.055420,0.069336,-1.017578
IMU,9451909,6.000000,5.625000,0.875000,0.052979,0.074707,-1.016602
IMU,9456910,6.250000,5.437500,0.375000,0.052246,0.083496,-1.018311
IMU,9460907,5.687500,6.250000,0.187500,0.052979,0.083984,-1.016357
IMU,9465911,5.437500,5.750000,-0.187500,0.052979,0.087646,-1.013672
IMU,9469907,6.187500,5.187500,-0.062500,0.054199,0.090088,-1.012695
IMU,9474910,7.187500,4.750000,0.437500,0.056641,0.089355,-1.012939
IMU,9478909,8.250000,5.000000,-0.687500,0.058594,0.088623,-1.014160
IMU,9483910,7.250000,5.062500,-1.250000,0.063477,0.081055,-1.014160
IMU,9487907,6.750000,5.687500,-0.250000,0.066895,0.073242,-1.015381
IMU,9492911,7.000000,5.812500,-0.812500,0.069092,0.069092,-1.017334
IMU,9497907,7.000000,5.500000,-0.875000,0.071533,0.063721,-1.019531
IMU,9501910,7.500000,5.812500,-0.312500,0.072266,0.061768,-1.018066
IMU,9506909,8.687500,5.125000,-0.750000,0.072510,0.058838,-1.016357
IMU,9510910,7.500000,5.000000,-0.375000,0.070068,0.060791,-1.018066
IMU,9515907,6.125000,5.812500,0.812500,0.064697,0.064209,-1.018066
IMU,9519911,7.000000,6.875000,0.937500,0.060059,0.067627,-1.017334
IMU,9524907,6.937500,6.062500,0.250000,0.055176,0.074707,-1.017334
IMU,9529910,7.000000,5.875000,-0.687500,0.051025,0.080566,-1.014160
IMU,9533909,8.187500,5.812500,-0.500000,0.046143,0.083008,-1.011475
IMU,9538910,8.062500,6.000000,0.187500,0.043701,0.084473,-1.011475
IMU,9542907,7.687500,5.187500,0.625000,0.042969,0.083984,-1.014160
IMU,9547911,7.625000,4.875000,-0.062500,0.042480,0.085693,-1.015381
IMU,9551907,7.812500,4.937500,0.437500,0.042725,0.082764,-1.018799
IMU,9556910,7.187500,5.437500,1.062500,0.045166,0.077881,-1.022461
IMU,9560909,6.625000,5.437500,-0.312500,0.048340,0.073242,-1.024170
IMU,9565910,6.687500,5.750000,0.062500,0.051514,0.068359,-1.028320
IMU,9570907,7.062500,5.812500,-0.750000,0.053955,0.062744,-1.027100
IMU,9574911,7.062500,5.625000,-0.437500,0.055908,0.056641,-1.027832
IMU,9579907,6.750000,5.000000,0.375000,0.056885,0.053711,-1.022705
IMU,9583910,6.250000,5.250000,0.125000,0.057129,0.053955,-1.021973
IMU,9588909,6.500000,5.562500,0.000000,0.055908,0.054932,-1.027344
IMU,9592910,6.125000,5.187500,0.437500,0.052734,0.057373,-1.028320
IMU,9597907,6.250000,5.000000,0.312500,0.050049,0.060547,-1.024414
IMU,9602911,6.500000,5.000000,0.437500,0.049072,0.065430,-1.023193
IMU,9606907,6.437500,5.437500,-0.312500,0.045654,0.068604,-1.021729
IMU,9611910,6.937500,5.875000,1.062500,0.045166,0.072021,-1.019287
IMU,9615909,6.625000,6.187500,1.125000,0.044434,0.076660,-1.018555
IMU,9620910,5.687500,5.500000,0.312500,0.045166,0.078125,-1.019531
IMU,9624907,5.437500,5.312500,-0.687500,0.043701,0.078613,-1.020752
IMU,9629911,5.812500,5.687500,-0.125000,0.045410,0.078857,-1.018799
IMU,9634907,6.312500,6.000000,-0.312500,0.048584,0.078369,-1.019531
IMU,9638910,6.000000,6.250000,-0.750000,0.050781,0.076416,-1.022217
IMU,9643909,5.500000,5.437500,-0.562500,0.053467,0.073730,-1.024170
IMU,9647910,5.312500,5.000000,0.062500,0.055664,0.071533,-1.023926
IMU,9652907,4.937500,5.375000,-0.062500,0.058838,0.070312,-1.026123
IMU,9656911,5.000000,5.500000,0.625000,0.060547,0.069580,-1.024902
IMU,9661907,5.250000,5.062500,-0.062500,0.059326,0.069580,-1.024170
IMU,9665910,4.812500,5.187500,0.187500,0.060303,0.069092,-1.023193
IMU,9670909,4.687500,5.437500,0.500000,0.060547,0.070068,-1.020508
IMU,9675910,4.937500,5.625000,0.562500,0.060059,0.071533,-1.019043
IMU,9679907,4.937500,5.250000,1.000000,0.057373,0.073975,-1.018311
IMU,9684911,5.000000,5.750000,0.125000,0.056152,0.073975,-1.017334
IMU,9688907,5.375000,5.000000,0.250000,0.055908,0.075928,-1.014893
IMU,9693910,5.125000,5.250000,0.875000,0.054443,0.078125,-1.012451
IMU,9697909,4.062500,6.250000,0.125000,0.055420,0.077881,-1.013184
IMU,9702910,4.187500,5.937500,-0.062500,0.054443,0.077881,-1.017090
IMU,9707907,5.000000,5.187500,1.250000,0.053467,0.077148,-1.014893
IMU,9711911,5.375000,5.687500,1.187500,0.053223,0.077393,-1.012695
IMU,9716907,5.937500,6.062500,0.250000,0.054443,0.075684,-1.015137
IMU,9720910,5.750000,6.062500,-0.750000,0.055664,0.075684,-1.017578
IMU,9725909,5.187500,4.750000,-0.187500,0.055908,0.072510,-1.019775
IMU,9729910,4.375000,4.937500,-0.687500,0.053955,0.070312,-1.019775
IMU,9734907,5.062500,5.187500,-0.187500,0.056396,0.070801,-1.018066
IMU,9738911,4.750000,4.625000,0.500000,0.056152,0.070801,-1.022705
IMU,9743907,3.937500,5.062500,0.687500,0.056152,0.070312,-1.023438
IMU,9748910,3.500000,4.375000,1.250000,0.055908,0.070557,-1.022217
IMU,9752909,4.250000,4.250000,0.375000,0.055176,0.071045,-1.020996
IMU,9757910,4.812500,5.500000,-0.562500,0.054932,0.073242,-1.020020
IMU,9761907,5.062500,6.000000,-0.812500,0.053711,0.072510,-1.018555
IMU,9766911,4.937500,5.812500,-0.875000,0.053711,0.072021,-1.018555
IMU,9770907,5.000000,6.375000,-0.437500,0.053955,0.072266,-1.018799
IMU,9775910,5.000000,6.000000,0.750000,0.053223,0.072266,-1.018799
IMU,9780909,5.000000,4.812500,0.812500,0.055176,0.074707,-1.019531
IMU,9784910,5.062500,4.937500,0.125000,0.053955,0.071289,-1.019531
IMU,9789907,3.562500,5.312500,0.125000,0.054932,0.073242,-1.018799
IMU,9793911,4.437500,5.625000,0.125000,0.054443,0.072510,-1.018066
IMU,9798907,4.812500,5.500000,-0.437500,0.057129,0.073486,-1.015381
IMU,9802910,5.000000,5.375000,-1.375000,0.056152,0.071289,-1.014648
IMU,9807909,5.375000,5.625000,-0.750000,0.056641,0.070801,-1.014160
IMU,9812910,6.000000,6.000000,0.562500,0.056396,0.071777,-1.016846
IMU,9816907,5.437500,6.375000,0.875000,0.056885,0.072266,-1.016846
IMU,9821911,5.000000,5.687500,0.500000,0.054688,0.073975,-1.017334
IMU,9825907,4.812500,5.812500,0.812500,0.054443,0.073730,-1.017578
IMU,9830910,5.187500,5.375000,-1.125000,0.053955,0.074463,-1.018555
IMU,9834909,5.375000,5.812500,-0.937500,0.053223,0.077881,-1.020020
IMU,9839910,5.562500,6.250000,-0.375000,0.053955,0.080322,-1.021240
IMU,9843907,6.000000,5.812500,-0.562500,0.055420,0.079590,-1.021729
IMU,9848911,5.875000,5.375000,0.312500,0.055664,0.080078,-1.019287
IMU,9853907,6.687500,5.437500,-0.312500,0.055176,0.079590,-1.018311
IMU,9857910,6.687500,5.812500,0.375000,0.056152,0.079102,-1.019043
IMU,9862909,6.875000,5.687500,0.125000,0.056396,0.078369,-1.020264
IMU,9866910,6.937500,6.187500,-0.625000,0.058350,0.076660,-1.020264
IMU,9871907,6.750000,6.500000,-0.812500,0.059082,0.075439,-1.020508
IMU,9875911,6.125000,7.125000,-0.250000,0.060547,0.073486,-1.020996
IMU,9880907,5.750000,6.437500,-0.375000,0.059082,0.071777,-1.019775
IMU,9885910,5.562500,6.562500,-0.500000,0.057373,0.070557,-1.016846
IMU,9889909,5.562500,6.187500,0.562500,0.058350,0.070312,-1.016846
IMU,9894910,5.812500,6.187500,0.000000,0.058105,0.071045,-1.017822
IMU,9898907,5.875000,6.312500,0.687500,0.055420,0.071289,-1.017822
IMU,9903911,5.562500,6.250000,0.500000,0.052979,0.072510,-1.020996
IMU,9907907,5.437500,6.125000,-0.500000,0.051514,0.074463,-1.027100
IMU,9912910,5.625000,5.750000,0.000000,0.051514,0.073242,-1.025146
IMU,9916909,5.562500,5.125000,-0.250000,0.051514,0.070801,-1.021484
IMU,9921910,5.687500,6.000000,-0.187500,0.049805,0.069580,-1.013428
IMU,9926907,5.562500,6.250000,0.875000,0.049805,0.069336,-1.008057
IMU,9930911,6.437500,6.437500,1.937500,0.049561,0.071045,-1.005371
IMU,9935907,6.562500,5.750000,1.000000,0.050293,0.072510,-1.007812
IMU,9939910,6.500000,6.625000,0.812500,0.048828,0.071777,-1.013916
IMU,9944909,6.500000,6.250000,-0.375000,0.047363,0.071289,-1.018311
IMU,9948910,6.062500,5.875000,-0.187500,0.048340,0.070557,-1.025146
IMU,9953907,5.875000,6.062500,-0.500000,0.049805,0.068604,-1.029541
IMU,9958911,6.250000,6.875000,0.562500,0.052979,0.067627,-1.026123
IMU,9962907,5.875000,6.500000,0.312500,0.052979,0.065918,-1.019775
IMU,9967910,6.187500,6.250000,-0.437500,0.054443,0.064941,-1.015381
IMU,9971909,6.937500,6.937500,-0.437500,0.054688,0.065186,-1.015869
IMU,9976910,6.062500,7.375000,0.000000,0.052002,0.068359,-1.015869
IMU,9980907,5.375000,6.687500,0.312500,0.053223,0.073486,-1.015137
IMU,9985911,5.875000,6.875000,-0.687500,0.054199,0.077393,-1.019287
IMU,9989907,6.437500,7.062500,0.000000,0.053955,0.081787,-1.022949
IMU,9994910,6.250000,7.000000,-0.375000,0.054688,0.085205,-1.019287
IMU,9999909,6.000000,7.250000,-0.312500,0.057129,0.086426,-1.013916
IMU,10003910,6.250000,6.312500,0.000000,0.059570,0.085449,-1.015137
IMU,10008907,5.875000,6.125000,0.062500,0.060791,0.083740,-1.017578
IMU,10012911,6.125000,6.000000,-0.062500,0.064697,0.080078,-1.014893
IMU,10017907,7.750000,6.125000,0.187500,0.067871,0.076416,-1.011230
IMU,10021910,7.125000,5.687500,-0.437500,0.070312,0.072998,-1.014893
IMU,10026909,7.000000,6.062500,-0.500000,0.070801,0.072021,-1.020264
IMU,10031910,6.562500,7.000000,-0.937500,0.068604,0.070312,-1.023926
IMU,10035907,7.062500,7.375000,0.625000,0.067139,0.070312,-1.021729
IMU,10040911,6.750000,6.500000,0.687500,0.065430,0.073975,-1.018311
IMU,10044907,6.062500,6.250000,0.437500,0.062988,0.076660,-1.016602
IMU,10049910,5.687500,6.500000,0.687500,0.059082,0.080322,-1.017090
IMU,10053909,6.312500,6.437500,0.250000,0.055664,0.085449,-1.015869
IMU,10058910,7.437500,6.625000,1.125000,0.052979,0.088867,-1.012695
IMU,10063907,7.312500,6.500000,1.375000,0.050049,0.092285,-1.012939
IMU,10067911,6.625000,6.625000,1.250000,0.047607,0.093018,-1.015137
IMU,10072907,6.250000,6.375000,1.500000,0.046631,0.091797,-1.017090
IMU,10076910,6.375000,6.500000,0.375000,0.047119,0.088379,-1.017578
IMU,10081909,6.625000,6.375000,0.250000,0.048096,0.082764,-1.019043
IMU,10085910,6.187500,6.000000,-0.437500,0.051025,0.078857,-1.020264
IMU,10090907,6.125000,6.437500,-0.375000,0.055176,0.073975,-1.019287
IMU,10094911,6.375000,6.312500,0.500000,0.058105,0.067383,-1.017578
IMU,10099907,6.437500,6.375000,0.750000,0.058838,0.063477,-1.017822
IMU,10104910,6.750000,6.000000,0.125000,0.059814,0.062988,-1.019287
IMU,10108909,6.500000,6.000000,-0.250000,0.059814,0.060547,-1.021484
IMU,10113910,6.562500,6.125000,0.062500,0.058838,0.060547,-1.020264
IMU,10117907,6.375000,6.125000,0.187500,0.057373,0.062500,-1.021240
IMU,10122911,6.250000,5.875000,0.437500,0.055664,0.066406,-1.020752
IMU,10126907,5.875000,5.500000,0.812500,0.052490,0.071045,-1.019531
IMU,10131910,5.250000,5.437500,1.062500,0.051025,0.073730,-1.018311
IMU,10136909,5.937500,6.000000,-0.187500,0.049316,0.076904,-1.016602
IMU,10140910,6.187500,6.125000,-0.250000,0.048096,0.077148,-1.015869
IMU,10145907,6.625000,6.312500,0.000000,0.048096,0.077637,-1.016602
IMU,10149911,6.812500,5.937500,0.062500,0.048584,0.077881,-1.017578
IMU,10154907,6.312500,6.250000,-0.187500,0.049316,0.077393,-1.018066
IMU,10158910,6.875000,6.500000,-0.125000,0.050293,0.075684,-1.016846
IMU,10163909,6.687500,6.375000,-0.187500,0.053223,0.074463,-1.017822
IMU,10167910,6.250000,6.500000,0.375000,0.054688,0.072754,-1.019043
IMU,10172907,6.437500,6.250000,0.625000,0.056396,0.071777,-1.018799
IMU,10177911,6.625000,6.187500,0.187500,0.057373,0.071533,-1.018555
IMU,10181907,6.125000,6.187500,0.125000,0.057373,0.071045,-1.018066
IMU,10186910,6.125000,6.250000,0.625000,0.056641,0.072021,-1.018311
IMU,10190909,6.312500,6.250000,0.812500,0.055908,0.074951,-1.018555
IMU,10195910,6.000000,6.125000,0.500000,0.055664,0.078125,-1.020508
IMU,10199907,5.937500,6.312500,0.000000,0.055664,0.079346,-1.019287
IMU,10204911,6.250000,6.437500,-0.375000,0.054199,0.082031,-1.018799
IMU,10209907,6.187500,5.812500,0.437500,0.055664,0.083252,-1.017822
IMU,10213910,6.125000,6.687500,0.750000,0.055176,0.084473,-1.016846
IMU,10218909,6.187500,6.812500,0.562500,0.054932,0.083496,-1.015137
IMU,10222910,6.125000,6.062500,0.125000,0.056641,0.083740,-1.015869
IMU,10227907,5.562500,5.312500,0.062500,0.058594,0.080078,-1.017090
IMU,10231911,5.937500,5.562500,0.125000,0.058350,0.077393,-1.016113
IMU,10236907,6.125000,6.000000,0.062500,0.060059,0.076172,-1.017334
IMU,10240910,6.687500,6.062500,0.250000,0.061768,0.073975,-1.017822
IMU,10245909,7.250000,5.937500,0.250000,0.061768,0.073486,-1.018311
IMU,10250910,6.375000,6.500000,0.625000,0.060791,0.072998,-1.019531
IMU,10254907,6.375000,5.812500,0.812500,0.058838,0.072510,-1.019775
IMU,10259911,5.937500,6.125000,0.750000,0.058594,0.072266,-1.017822
IMU,10263907,6.000000,6.125000,0.000000,0.057861,0.073730,-1.017822
IMU,10268910,6.687500,5.625000,0.687500,0.055908,0.076660,-1.018555
IMU,10272909,6.875000,6.375000,0.500000,0.052490,0.079102,-1.017090
IMU,10277910,6.500000,6.000000,0.437500,0.050049,0.079590,-1.017578
IMU,10282907,6.437500,5.750000,1.125000,0.051025,0.079346,-1.017822
IMU,10286911,6.687500,6.062500,1.062500,0.050049,0.080811,-1.019287
IMU,10291907,6.125000,6.437500,1.000000,0.048828,0.079102,-1.019531
IMU,10295910,6.187500,7.187500,1.500000,0.049072,0.078125,-1.019043
IMU,10300909,6.687500,6.562500,0.812500,0.050293,0.076660,-1.018066
IMU,10304910,6.062500,6.437500,0.750000,0.051758,0.075928,-1.020264
IMU,10309907,5.937500,5.250000,0.375000,0.052246,0.073242,-1.020508
IMU,10314911,6.500000,5.562500,0.625000,0.052734,0.071289,-1.020264
IMU,10318907,6.312500,6.187500,1.187500,0.053955,0.069824,-1.020264
IMU,10323910,6.250000,6.250000,0.062500,0.055420,0.069092,-1.020264
IMU,10327909,6.000000,6.125000,0.437500,0.055908,0.069336,-1.019043
IMU,10332910,7.000000,5.812500,0.125000,0.055664,0.068848,-1.018799
IMU,10336907,6.937500,6.375000,0.125000,0.055420,0.069336,-1.018555
IMU,10341911,6.500000,6.437500,0.312500,0.052979,0.072021,-1.018311
IMU,10345907,7.562500,5.562500,0.750000,0.052979,0.072510,-1.017822
IMU,10350910,7.125000,6.437500,0.937500,0.052979,0.072754,-1.018066
IMU,10355909,6.000000,6.562500,1.000000,0.052490,0.075195,-1.018799
IMU,10359910,6.125000,5.937500,0.125000,0.052002,0.077148,-1.018799
IMU,10364907,6.000000,5.625000,-0.312500,0.051270,0.078369,-1.018799
IMU,10368911,6.062500,6.500000,-0.312500,0.049561,0.077393,-1.017822
IMU,10373907,5.562500,6.437500,1.000000,0.050781,0.078613,-1.017578
IMU,10377910,5.875000,6.562500,0.812500,0.053467,0.078369,-1.018555
IMU,10382909,6.937500,5.687500,0.500000,0.053467,0.076904,-1.019287
IMU,10387910,6.500000,5.125000,1.000000,0.053223,0.076660,-1.019287
IMU,10391907,6.250000,5.562500,0.125000,0.053711,0.075684,-1.018311
IMU,10396911,6.562500,5.812500,-0.562500,0.054688,0.075439,-1.017822
IMU,10400907,6.250000,6.375000,-0.062500,0.055420,0.075928,-1.018799
IMU,10405910,6.437500,6.125000,-0.187500,0.055908,0.076172,-1.019531
IMU,10409909,6.187500,6.375000,0.000000,0.056641,0.074707,-1.018066
IMU,10414910,5.875000,6.375000,0.437500,0.057129,0.074951,-1.017090
IMU,10418907,7.000000,6.875000,0.812500,0.057617,0.075928,-1.017090
IMU,10423911,7.125000,6.125000,1.000000,0.055908,0.077637,-1.019287
IMU,10428907,7.000000,5.937500,0.125000,0.055664,0.077637,-1.018555
CFG,gyro_range_dps=2048,accel_range_g=8,odr_hz=250
IMU,10432910,7.187500,6.625000,0.125000,0.056396,0.077393,-1.017090
IMU,10437909,7.000000,6.500000,0.875000,0.056885,0.077393,-1.018066
IMU,10441910,7.250000,6.562500,0.750000,0.057861,0.076172,-1.017822
IMU,10446907,7.312500,6.187500,0.687500,0.057373,0.077148,-1.018066
IMU,10450911,6.437500,5.312500,0.500000,0.056641,0.076172,-1.017822
IMU,10455907,6.562500,5.937500,-0.125000,0.056885,0.075439,-1.018555
IMU,10460910,6.687500,6.062500,-0.625000,0.056396,0.074951,-1.019043
IMU,10464909,6.437500,6.250000,-1.250000,0.056396,0.074219,-1.017822
IMU,10469910,6.750000,6.062500,-0.375000,0.055176,0.074219,-1.017822
IMU,10473907,6.250000,5.812500,1.062500,0.055908,0.075439,-1.018799
IMU,10478911,6.000000,6.250000,1.250000,0.054932,0.076416,-1.021484
IMU,10482907,6.937500,6.250000,1.500000,0.054199,0.077881,-1.018555
IMU,10487910,6.687500,6.375000,0.375000,0.053711,0.078369,-1.017578
IMU,10492909,6.187500,5.625000,-0.625000,0.053711,0.077881,-1.018555
IMU,10496910,6.125000,5.875000,-1.062500,0.053711,0.077881,-1.018555
IMU,10501907,6.375000,6.250000,-0.250000,0.054688,0.077393,-1.019531
IMU,10505911,6.687500,5.687500,0.687500,0.053467,0.075684,-1.019775
IMU,10510907,6.375000,5.812500,0.687500,0.054443,0.075684,-1.020264
IMU,10514910,6.687500,6.062500,0.000000,0.052246,0.074951,-1.018799
IMU,10519909,6.812500,5.750000,0.500000,0.052979,0.074463,-1.019531
IMU,10523910,6.562500,5.875000,0.187500,0.055420,0.074951,-1.017090
IMU,10528907,6.937500,6.750000,0.375000,0.055664,0.075195,-1.016846
IMU,10533911,6.312500,6.312500,0.750000,0.055176,0.074219,-1.017578
IMU,10537907,6.562500,6.625000,1.000000,0.055176,0.073486,-1.019043
IMU,10542910,7.812500,6.812500,0.687500,0.055176,0.072510,-1.018555
IMU,10546909,7.500000,6.375000,-0.187500,0.054932,0.072754,-1.018311
IMU,10551910,7.062500,6.437500,0.312500,0.053467,0.073486,-1.019531
IMU,10555907,6.437500,6.312500,0.187500,0.054443,0.073730,-1.020752
IMU,10560911,5.750000,6.062500,0.750000,0.055420,0.074707,-1.021484
IMU,10565907,5.250000,6.625000,0.625000,0.054199,0.075195,-1.020996
IMU,10569910,6.000000,5.687500,0.000000,0.052979,0.075928,-1.021729
IMU,10574909,5.875000,6.000000,0.375000,0.053467,0.076904,-1.022949
IMU,10578910,5.687500,6.437500,0.125000,0.054443,0.077393,-1.021973
IMU,10583907,6.000000,6.187500,0.125000,0.052979,0.077393,-1.019043
IMU,10587911,5.500000,6.312500,1.125000,0.053467,0.076660,-1.018311
IMU,10592907,5.750000,6.062500,0.375000,0.053711,0.075928,-1.017578
IMU,10596910,5.937500,6.750000,0.437500,0.053711,0.076904,-1.014648
IMU,10601909,6.437500,6.375000,1.062500,0.053955,0.075928,-1.014404
IMU,10606910,6.500000,6.187500,0.562500,0.054199,0.075684,-1.014893
IMU,10610907,6.437500,6.062500,-0.125000,0.054443,0.075439,-1.016602
IMU,10615911,6.687500,5.687500,-0.250000,0.053955,0.076416,-1.016846
IMU,10619907,6.375000,5.937500,0.875000,0.054932,0.077881,-1.016113
IMU,10624910,6.875000,5.937500,1.062500,0.055420,0.077881,-1.018799
IMU,10628909,6.812500,6.125000,0.000000,0.055664,0.077393,-1.019287
IMU,10633910,6.750000,5.687500,0.375000,0.055664,0.077148,-1.019531
IMU,10638907,7.625000,6.062500,-0.187500,0.057129,0.076660,-1.018799
IMU,10642911,7.437500,6.562500,0.562500,0.056152,0.077148,-1.017334
IMU,10647907,6.625000,5.875000,0.250000,0.056396,0.076172,-1.017578
IMU,10651910,6.000000,5.562500,0.000000,0.057861,0.075439,-1.017334
IMU,10656909,6.625000,6.062500,-0.125000,0.056641,0.077148,-1.019043
IMU,10660910,7.000000,5.812500,0.312500,0.058105,0.076904,-1.019775
IMU,10665907,6.687500,6.125000,-0.062500,0.057129,0.077393,-1.019531
IMU,10669911,6.500000,6.062500,0.000000,0.056641,0.077148,-1.020020
IMU,10674907,5.937500,5.937500,0.750000,0.056152,0.077637,-1.020508
IMU,10679910,5.750000,6.125000,0.187500,0.055664,0.076904,-1.019775
IMU,10683909,6.062500,5.812500,0.312500,0.053955,0.075439,-1.018555
IMU,10688910,6.437500,6.062500,-0.437500,0.055176,0.076416,-1.018311
IMU,10692907,7.062500,5.625000,-0.062500,0.055176,0.076660,-1.017578
IMU,10697911,7.500000,5.937500,-0.250000,0.053223,0.074951,-1.018799
IMU,10701907,7.375000,6.562500,-1.000000,0.053467,0.075439,-1.021729
IMU,10706910,6.812500,6.187500,-0.437500,0.052979,0.075195,-1.021729
IMU,10711909,6.312500,6.187500,-0.875000,0.052490,0.076172,-1.020752
IMU,10715910,6.625000,6.437500,-0.375000,0.052002,0.075439,-1.020264
IMU,10720907,6.937500,5.937500,0.062500,0.051758,0.075195,-1.018066
IMU,10724911,6.562500,6.625000,0.062500,0.051758,0.074463,-1.016846
IMU,10729907,6.375000,6.625000,0.625000,0.051758,0.073975,-1.017090
IMU,10733910,6.562500,6.250000,1.375000,0.051514,0.073975,-1.017578
IMU,10738909,7.250000,6.000000,0.812500,0.051270,0.074463,-1.016602
IMU,10743910,7.000000,5.875000,0.250000,0.052002,0.073486,-1.016602
IMU,10747907,6.875000,6.125000,0.437500,0.052490,0.074463,-1.017822
IMU,10752911,6.625000,6.625000,1.250000,0.053223,0.075684,-1.018799
IMU,10756907,5.875000,6.500000,1.437500,0.054199,0.074707,-1.019043
IMU,10761910,6.875000,6.687500,0.437500,0.054932,0.074219,-1.018555
IMU,10765909,6.625000,6.312500,0.500000,0.054932,0.076172,-1.017822
IMU,10770910,6.000000,6.000000,0.500000,0.055420,0.076172,-1.017578
IMU,10774907,6.500000,5.625000,0.500000,0.055176,0.074463,-1.019775
IMU,10779911,6.500000,5.750000,0.812500,0.055664,0.074219,-1.023926
IMU,10784907,6.187500,5.687500,0.750000,0.057617,0.074951,-1.021240
IMU,10788910,6.125000,6.500000,0.500000,0.058105,0.074951,-1.020020
IMU,10793909,6.062500,6.000000,-0.312500,0.057617,0.074951,-1.020996
IMU,10797910,6.125000,6.437500,0.437500,0.058350,0.075195,-1.019287
IMU,10802907,6.375000,5.625000,1.000000,0.058350,0.074951,-1.019531
IMU,10806911,5.500000,5.687500,0.562500,0.058105,0.075439,-1.018066
IMU,10811907,5.812500,6.562500,0.000000,0.056885,0.076416,-1.016602
IMU,10816910,6.625000,6.687500,0.187500,0.057861,0.077148,-1.016602
IMU,10820909,6.687500,5.937500,0.437500,0.056152,0.076904,-1.016846
IMU,10825910,6.875000,6.187500,0.437500,0.055176,0.078125,-1.016846
IMU,10829907,7.687500,5.625000,0.812500,0.056885,0.079346,-1.018066
IMU,10834911,7.125000,5.750000,0.687500,0.056885,0.080078,-1.021240
IMU,10838907,6.125000,5.750000,0.687500,0.055420,0.079834,-1.020264
IMU,10843910,6.312500,5.250000,-0.875000,0.057373,0.079102,-1.016846
IMU,10847909,6.750000,5.500000,-1.125000,0.056641,0.078613,-1.016846
IMU,10852910,6.500000,6.187500,-0.375000,0.056641,0.075684,-1.018311
IMU,10857907,7.250000,6.000000,0.000000,0.057129,0.074707,-1.019043
IMU,10861911,6.250000,5.875000,1.000000,0.057617,0.074219,-1.018066
IMU,10866907,6.250000,5.937500,1.062500,0.057617,0.074219,-1.018311
IMU,10870910,6.125000,6.187500,0.625000,0.057617,0.075684,-1.016113
IMU,10875909,5.937500,6.062500,0.937500,0.057129,0.074219,-1.017578
IMU,10879910,6.062500,6.187500,0.437500,0.055908,0.074951,-1.021729
IMU,10884907,6.375000,5.500000,-0.437500,0.054932,0.075439,-1.017822
IMU,10889911,6.437500,5.562500,0.562500,0.053711,0.076416,-1.015625
IMU,10893907,6.500000,6.312500,0.125000,0.052979,0.075195,-1.018311
IMU,10898910,5.812500,5.812500,0.187500,0.052490,0.074707,-1.018555
IMU,10902909,6.250000,5.812500,0.062500,0.053223,0.073975,-1.016846
IMU,10907910,6.812500,6.312500,0.187500,0.052490,0.075439,-1.018311
IMU,10911907,6.437500,6.562500,-0.187500,0.053467,0.076172,-1.018555
IMU,10916911,6.562500,6.250000,-0.312500,0.053711,0.075684,-1.019775
IMU,10921907,6.750000,6.000000,-0.375000,0.052734,0.075195,-1.019287
IMU,10925910,6.562500,5.375000,0.750000,0.052002,0.074707,-1.019043
IMU,10930909,7.125000,5.437500,1.750000,0.052002,0.074951,-1.019531
IMU,10934910,6.312500,5.562500,0.562500,0.052246,0.074463,-1.020020
IMU,10939907,6.187500,5.937500,0.812500,0.052490,0.073975,-1.019531
IMU,10943911,6.125000,5.437500,0.437500,0.053467,0.074707,-1.015869
IMU,10948907,5.937500,5.750000,0.625000,0.052002,0.075195,-1.015869
IMU,10952910,6.187500,6.687500,-0.062500,0.052734,0.075195,-1.023438
IMU,10957909,6.562500,6.687500,-0.250000,0.054199,0.074463,-1.022461
IMU,10962910,6.312500,5.937500,0.000000,0.053467,0.073242,-1.015137
IMU,10966907,6.250000,5.562500,0.562500,0.054199,0.073730,-1.016602
IMU,10971911,6.062500,5.937500,0.500000,0.053467,0.073486,-1.020752
IMU,10975907,6.625000,4.937500,0.500000,0.055176,0.074463,-1.019287
IMU,10980910,7.437500,5.562500,-0.562500,0.056641,0.075195,-1.018799
IMU,10984909,6.687500,5.937500,-1.312500,0.056396,0.074707,-1.019287
IMU,10989910,6.562500,5.625000,-0.562500,0.056152,0.074707,-1.017822
IMU,10994907,7.000000,5.375000,0.687500,0.054688,0.073975,-1.015869
IMU,10998911,6.062500,5.500000,0.437500,0.055176,0.075439,-1.018311
IMU,11003907,6.312500,5.937500,0.250000,0.055176,0.075928,-1.021240
IMU,11007910,6.187500,6.062500,-0.812500,0.053467,0.075439,-1.016846
IMU,11012909,5.687500,5.750000,0.062500,0.052734,0.076904,-1.016846
IMU,11016910,5.812500,6.437500,1.000000,0.052979,0.077148,-1.019531
IMU,11021907,6.812500,6.375000,1.250000,0.052734,0.077393,-1.018066
IMU,11025911,6.312500,6.125000,1.187500,0.054199,0.079102,-1.016846
IMU,11030907,6.625000,5.812500,-0.312500,0.053467,0.077637,-1.018066
IMU,11035910,6.312500,5.687500,-0.187500,0.054443,0.077393,-1.018066
IMU,11039909,6.125000,5.750000,-0.500000,0.055664,0.077148,-1.018311
IMU,11044910,6.187500,6.187500,0.000000,0.054932,0.076416,-1.018799
IMU,11048907,6.500000,5.750000,-0.187500,0.054443,0.076172,-1.017578
IMU,11053911,6.812500,6.250000,0.625000,0.055420,0.076172,-1.016846
IMU,11057907,6.375000,5.687500,0.875000,0.055908,0.076416,-1.015869
IMU,11062910,6.750000,5.562500,0.875000,0.056152,0.075928,-1.015381
IMU,11067909,7.062500,6.625000,0.187500,0.055176,0.076172,-1.016113
IMU,11071910,6.875000,6.375000,0.562500,0.057617,0.076172,-1.017334
IMU,11076907,6.562500,5.875000,1.125000,0.058105,0.076904,-1.018799
IMU,11080911,6.562500,5.687500,1.000000,0.056641,0.077148,-1.020996
IMU,11085907,6.687500,6.312500,0.250000,0.055664,0.075928,-1.021240
IMU,11089910,6.187500,6.562500,-0.437500,0.055420,0.075195,-1.019531
IMU,11094909,6.562500,6.000000,0.187500,0.053955,0.072754,-1.020752
IMU,11098910,6.375000,5.750000,-0.125000,0.053955,0.073730,-1.021240
IMU,11103907,5.625000,5.625000,-0.125000,0.053955,0.073242,-1.016113
IMU,11108911,5.937500,6.562500,0.000000,0.053955,0.073486,-1.016357
IMU,11112907,6.812500,6.187500,0.312500,0.055176,0.073730,-1.017578
IMU,11117910,7.125000,5.687500,1.437500,0.054932,0.073486,-1.016357
IMU,11121909,7.000000,6.187500,0.250000,0.053955,0.073486,-1.016602
IMU,11126910,6.625000,5.937500,-0.250000,0.054443,0.073975,-1.019287
IMU,11130907,6.687500,5.750000,0.125000,0.054443,0.074219,-1.020508
IMU,11135911,6.750000,5.750000,0.250000,0.053467,0.075439,-1.020020
IMU,11140907,6.375000,5.750000,0.312500,0.053223,0.077393,-1.019043
IMU,11144910,6.687500,5.250000,0.062500,0.052734,0.081299,-1.018311
IMU,11149909,6.812500,6.000000,1.000000,0.052002,0.084229,-1.016113
IMU,11153910,6.250000,6.500000,0.687500,0.051514,0.084961,-1.013672
IMU,11158907,5.437500,6.625000,-0.125000,0.052979,0.084717,-1.014893
IMU,11162911,6.250000,6.187500,0.062500,0.054443,0.081299,-1.016113
IMU,11167907,6.062500,5.750000,0.437500,0.055908,0.077393,-1.018066
IMU,11172910,6.250000,5.937500,0.312500,0.057617,0.072998,-1.019531
IMU,11176909,6.250000,5.562500,-0.687500,0.058594,0.068848,-1.019287
IMU,11181910,6.187500,5.625000,-0.500000,0.062012,0.064941,-1.019775
IMU,11185907,6.250000,6.000000,-0.375000,0.062256,0.063477,-1.021729
IMU,11190911,6.187500,6.000000,-0.687500,0.060303,0.063721,-1.021973
IMU,11194907,6.750000,6.125000,-0.125000,0.058838,0.065186,-1.021484
IMU,11199910,6.562500,5.937500,-0.312500,0.056152,0.069580,-1.022217
IMU,11203909,5.562500,5.750000,0.375000,0.052002,0.072754,-1.020020
IMU,11208910,5.187500,6.062500,0.750000,0.049561,0.074951,-1.017822
IMU,11213907,6.187500,5.875000,1.437500,0.048340,0.077393,-1.017578
IMU,11217911,6.375000,5.687500,0.812500,0.046875,0.079102,-1.016357
IMU,11222907,6.187500,5.875000,0.375000,0.046143,0.080078,-1.015625
IMU,11226910,6.687500,6.000000,0.125000,0.046875,0.080078,-1.016357
IMU,11231909,7.062500,6.312500,-1.000000,0.047363,0.077881,-1.017090
IMU,11235910,6.750000,6.562500,-0.375000,0.047852,0.077148,-1.017334
IMU,11240907,6.562500,5.750000,0.562500,0.050049,0.079102,-1.020020
IMU,11245911,6.750000,6.312500,1.187500,0.052246,0.078857,-1.018066
IMU,11249907,6.562500,6.250000,1.000000,0.053955,0.077393,-1.015381
IMU,11254910,6.750000,6.375000,-0.187500,0.057129,0.076904,-1.020508
IMU,11258909,6.437500,6.687500,-0.750000,0.057129,0.075684,-1.019287
IMU,11263910,6.187500,6.937500,-0.812500,0.058350,0.074463,-1.014648
IMU,11267907,6.250000,6.500000,0.875000,0.060059,0.074951,-1.015869
IMU,11272911,6.562500,5.750000,1.437500,0.060791,0.075195,-1.016602
IMU,11276907,6.500000,5.812500,1.187500,0.062012,0.076172,-1.015381
IMU,11281910,6.312500,5.937500,0.937500,0.062012,0.075684,-1.016357
IMU,11286909,7.000000,5.750000,0.437500,0.061279,0.076416,-1.017090
IMU,11290910,6.687500,5.937500,0.187500,0.061768,0.075928,-1.016113
IMU,11295907,6.187500,6.312500,0.625000,0.061279,0.076904,-1.018555
IMU,11299911,7.187500,6.000000,0.875000,0.062500,0.077148,-1.020020
IMU,11304907,6.937500,5.750000,0.437500,0.060791,0.077637,-1.018799
IMU,11308910,6.687500,5.875000,0.000000,0.059326,0.078125,-1.015869
IMU,11313909,6.750000,6.187500,-0.562500,0.057617,0.076172,-1.016113
IMU,11318910,6.437500,6.062500,-0.687500,0.055176,0.074951,-1.018311
IMU,11322907,6.500000,5.812500,0.125000,0.054932,0.077148,-1.017822
IMU,11327911,6.375000,5.562500,0.750000,0.053711,0.078613,-1.017334
IMU,11331907,6.250000,6.312500,0.687500,0.052246,0.078857,-1.017822
IMU,11336910,6.625000,6.687500,0.250000,0.051514,0.078369,-1.019287
IMU,11340909,6.500000,6.750000,0.125000,0.049805,0.077881,-1.022705
IMU,11345910,6.187500,6.000000,0.437500,0.050537,0.079102,-1.018555
IMU,11350907,6.062500,6.187500,0.187500,0.050049,0.078369,-1.017578
IMU,11354911,6.312500,5.437500,-0.687500,0.049561,0.075928,-1.018799
IMU,11359907,6.312500,5.687500,-0.062500,0.050537,0.074951,-1.015625
IMU,11363910,6.875000,6.187500,1.062500,0.052002,0.073730,-1.019287
IMU,11368909,6.937500,6.125000,0.687500,0.052490,0.071045,-1.020996
IMU,11372910,6.687500,6.375000,0.312500,0.052490,0.070801,-1.018311
IMU,11377907,6.750000,6.437500,-0.375000,0.053223,0.071289,-1.019287
IMU,11381911,6.437500,6.500000,0.000000,0.055176,0.069092,-1.019043
IMU,11386907,6.437500,6.250000,0.187500,0.054443,0.068848,-1.017334
IMU,11391910,6.625000,6.812500,0.687500,0.053955,0.069092,-1.015869
IMU,11395909,6.250000,6.562500,0.562500,0.054688,0.069580,-1.018066
IMU,11400910,6.125000,6.062500,0.937500,0.052734,0.071045,-1.016113
IMU,11404907,6.437500,5.937500,0.437500,0.053711,0.072754,-1.017578
IMU,11409911,6.625000,6.000000,-0.500000,0.053467,0.073242,-1.021729
IMU,11413907,6.437500,6.250000,-0.375000,0.053223,0.074219,-1.019531
IMU,11418910,6.312500,6.437500,0.125000,0.053223,0.075195,-1.018555
IMU,11423909,6.937500,6.375000,0.187500,0.054199,0.077393,-1.021240
IMU,11427910,7.125000,6.375000,0.500000,0.054688,0.079102,-1.016602
IMU,11432907,7.187500,6.750000,1.125000,0.053223,0.079590,-1.011230
IMU,11436911,6.000000,6.375000,0.125000,0.053467,0.078613,-1.027588
IMU,11441907,5.500000,6.062500,0.187500,0.055664,0.079590,-1.022461
IMU,11445910,5.875000,6.437500,0.375000,0.055176,0.079834,-1.008789
IMU,11450909,6.562500,6.687500,-0.937500,0.056396,0.079102,-1.021484
IMU,11454910,6.937500,6.187500,0.750000,0.057129,0.078613,-1.023926
IMU,11459907,6.750000,5.875000,0.937500,0.056641,0.079834,-1.008545
IMU,11464911,6.312500,6.812500,0.000000,0.056152,0.079834,-1.012695
IMU,11468907,6.625000,6.437500,-0.500000,0.058350,0.078369,-1.024414
IMU,11473910,6.500000,5.937500,0.250000,0.060303,0.077393,-1.018066
IMU,11477909,6.375000,6.000000,0.000000,0.060547,0.078125,-1.013916
IMU,11482910,6.062500,6.562500,-0.125000,0.059570,0.077637,-1.024170
IMU,11486907,6.500000,6.187500,0.687500,0.060791,0.075928,-1.022949
IMU,11491911,6.437500,5.500000,-0.062500,0.060059,0.075439,-1.013916
IMU,11496907,6.437500,5.562500,0.375000,0.057617,0.075439,-1.015625
IMU,11500910,6.875000,6.437500,-0.437500,0.057129,0.074219,-1.018555
IMU,11505909,7.125000,5.812500,0.187500,0.056152,0.073975,-1.014893
IMU,11509910,6.312500,5.625000,0.250000,0.055176,0.074951,-1.016846
IMU,11514907,6.187500,6.062500,1.062500,0.054443,0.075928,-1.020020
IMU,11518911,6.437500,7.125000,1.125000,0.052246,0.076660,-1.020020
IMU,11523907,6.687500,7.250000,0.187500,0.050781,0.076416,-1.016602
IMU,11527910,6.500000,6.812500,-0.500000,0.049316,0.076172,-1.015381
IMU,11532909,6.375000,5.875000,-0.187500,0.050537,0.077393,-1.019043
IMU,11537910,6.312500,5.625000,-0.500000,0.051270,0.074951,-1.024658
IMU,11541907,6.250000,6.375000,-0.375000,0.050781,0.074219,-1.017822
IMU,11546911,6.187500,5.937500,0.000000,0.050293,0.071777,-1.014648
IMU,11550907,6.125000,5.187500,0.250000,0.052734,0.071045,-1.019775
IMU,11555910,6.437500,5.562500,0.625000,0.052246,0.070312,-1.020264
IMU,11559909,5.687500,5.562500,0.562500,0.050293,0.069824,-1.015381
IMU,11564910,5.812500,6.562500,0.312500,0.050537,0.070557,-1.018311
IMU,11569907,6.187500,6.187500,0.312500,0.052246,0.071289,-1.025635
IMU,11573911,5.875000,6.187500,-0.187500,0.051514,0.072998,-1.022949
IMU,11578907,6.312500,6.750000,0.312500,0.049805,0.074707,-1.015869
IMU,11582910,6.312500,6.125000,-0.125000,0.051270,0.074463,-1.020996
IMU,11587909,6.000000,5.937500,0.437500,0.052734,0.073730,-1.023438
IMU,11591910,6.750000,6.000000,0.500000,0.053711,0.073975,-1.018311
IMU,11596907,6.562500,5.937500,0.812500,0.055908,0.072998,-1.017334
IMU,11601911,6.937500,6.062500,0.750000,0.055908,0.072998,-1.018311
IMU,11605907,6.937500,6.687500,0.625000,0.055664,0.073486,-1.015869
IMU,11610910,6.625000,6.875000,0.437500,0.056396,0.073486,-1.018555
IMU,11614909,6.187500,6.000000,0.937500,0.055908,0.075195,-1.020996
IMU,11619910,6.250000,5.687500,0.437500,0.055908,0.076172,-1.020996
IMU,11623907,6.250000,6.187500,0.125000,0.054932,0.077881,-1.016602
IMU,11628911,6.000000,6.000000,-0.625000,0.055664,0.079102,-1.016602
IMU,11632907,5.937500,5.312500,-0.562500,0.054688,0.080078,-1.017822
IMU,11637910,5.562500,5.875000,-0.375000,0.054199,0.081055,-1.015625
IMU,11642909,5.875000,6.312500,0.250000,0.053711,0.079834,-1.013428
IMU,11646910,6.312500,6.625000,0.625000,0.054688,0.080322,-1.017090
IMU,11651907,6.937500,6.250000,0.625000,0.055908,0.081299,-1.020752
IMU,11655911,6.437500,6.000000,0.500000,0.058838,0.081055,-1.016602
IMU,11660907,6.375000,5.500000,-0.187500,0.058838,0.079346,-1.016357
IMU,11664910,6.375000,5.937500,-0.937500,0.058105,0.079102,-1.023682
IMU,11669909,6.875000,6.000000,-0.437500,0.058105,0.077148,-1.020264
IMU,11674910,6.437500,6.125000,0.687500,0.058350,0.075439,-1.015381
IMU,11678907,6.687500,5.937500,0.812500,0.058105,0.074707,-1.020264
IMU,11683911,6.625000,6.000000,0.625000,0.057861,0.073730,-1.020264
IMU,11687907,7.000000,6.375000,0.375000,0.057373,0.075195,-1.011963
IMU,11692910,7.250000,6.187500,0.937500,0.056152,0.076660,-1.012939
IMU,11696909,6.812500,6.125000,0.500000,0.055176,0.076172,-1.020996
IMU,11701910,6.625000,6.437500,0.687500,0.055420,0.077393,-1.017334
IMU,11705907,6.562500,7.187500,0.625000,0.054932,0.077637,-1.017578
IMU,11710911,6.500000,7.062500,0.625000,0.055420,0.077393,-1.026123
IMU,11715907,6.125000,6.750000,-0.062500,0.055420,0.077393,-1.023193
IMU,11719910,6.437500,6.375000,-0.062500,0.053955,0.077393,-1.016602
IMU,11724909,7.062500,6.000000,-0.500000,0.053467,0.075439,-1.018066
IMU,11728910,7.187500,6.250000,-0.312500,0.054688,0.073975,-1.018555
IMU,11733907,7.437500,5.875000,-0.812500,0.055176,0.072510,-1.013916
IMU,11737911,7.062500,5.687500,-0.062500,0.055420,0.073486,-1.012207
IMU,11742907,7.125000,5.750000,0.875000,0.054199,0.074219,-1.016602
IMU,11747910,6.625000,5.687500,0.937500,0.054932,0.072754,-1.018799
IMU,11751909,6.500000,5.875000,0.875000,0.052979,0.074463,-1.018555
IMU,11756910,5.625000,5.437500,0.125000,0.051270,0.074951,-1.022949
IMU,11760907,5.812500,5.625000,-0.312500,0.052979,0.074951,-1.023438
IMU,11765911,6.437500,5.250000,0.000000,0.052734,0.076660,-1.020752
IMU,11769907,6.187500,5.500000,1.250000,0.053223,0.076172,-1.017822
IMU,11774910,6.000000,6.687500,0.875000,0.055176,0.075684,-1.017090
IMU,11778909,6.000000,6.812500,1.000000,0.053223,0.076660,-1.017334
IMU,11783910,6.312500,6.125000,1.062500,0.053467,0.076172,-1.016113
IMU,11788907,6.437500,5.562500,0.125000,0.054688,0.074951,-1.017090
IMU,11792911,6.812500,5.875000,0.375000,0.054688,0.074463,-1.020996
IMU,11797907,6.062500,6.500000,0.375000,0.055176,0.075439,-1.018066
IMU,11801910,5.625000,6.562500,0.625000,0.055664,0.075684,-1.016113
IMU,11806909,6.562500,6.000000,0.250000,0.055176,0.074707,-1.020752
IMU,11810910,6.187500,6.062500,0.625000,0.055420,0.074463,-1.023438
IMU,11815907,6.750000,5.937500,0.812500,0.055664,0.075439,-1.017578
IMU,11820911,7.187500,5.937500,0.625000,0.056152,0.074951,-1.016846
IMU,11824907,7.062500,5.187500,0.500000,0.056152,0.073975,-1.018799
IMU,11829910,6.562500,5.687500,0.625000,0.057617,0.073730,-1.018311
IMU,11833909,6.500000,6.062500,0.437500,0.057617,0.075195,-1.016113
IMU,11838910,6.437500,6.125000,0.625000,0.057129,0.076416,-1.018799
IMU,11842907,6.562500,5.812500,0.562500,0.054932,0.077637,-1.019043
IMU,11847911,6.375000,5.375000,0.812500,0.054688,0.078125,-1.019043
IMU,11852907,6.312500,5.375000,0.875000,0.054199,0.077637,-1.018799
IMU,11856910,6.000000,5.562500,0.812500,0.053955,0.078369,-1.015137
IMU,11861909,6.437500,5.500000,0.500000,0.054932,0.078125,-1.015381
IMU,11865910,6.562500,5.875000,0.750000,0.054443,0.078125,-1.018066
IMU,11870907,6.375000,6.062500,0.750000,0.054199,0.077881,-1.018799
IMU,11874911,6.437500,6.750000,-0.312500,0.054688,0.078369,-1.018066
IMU,11879907,6.187500,5.750000,-0.375000,0.054688,0.078613,-1.017578
IMU,11883910,6.812500,6.062500,0.062500,0.056641,0.076660,-1.019775
IMU,11888909,7.187500,6.062500,0.000000,0.057617,0.076660,-1.020020
IMU,11893910,7.812500,6.562500,-0.375000,0.057373,0.077148,-1.014893
IMU,11897907,6.812500,6.375000,-0.375000,0.058105,0.076904,-1.015625
IMU,11902911,6.812500,6.250000,0.500000,0.059326,0.077637,-1.020996
IMU,11906907,6.750000,6.437500,1.125000,0.059814,0.077148,-1.023926
IMU,11911910,6.250000,6.250000,0.937500,0.059082,0.078125,-1.017578
IMU,11915909,5.937500,6.500000,0.687500,0.057861,0.077881,-1.016113
IMU,11920910,6.437500,6.250000,0.437500,0.057129,0.077148,-1.022461
IMU,11925907,7.187500,5.750000,-0.312500,0.057373,0.077881,-1.020020
IMU,11929911,7.250000,5.937500,-0.250000,0.055908,0.078613,-1.014648
IMU,11934907,6.187500,6.250000,-0.125000,0.055420,0.077148,-1.017334
IMU,11938910,7.375000,5.812500,0.250000,0.054199,0.076660,-1.018799
IMU,11943909,7.312500,5.187500,1.000000,0.053711,0.076416,-1.015137
IMU,11947910,6.312500,5.312500,0.812500,0.052246,0.076416,-1.018799
IMU,11952907,6.125000,5.312500,0.187500,0.051270,0.075195,-1.021729
IMU,11956911,5.687500,5.687500,-0.187500,0.050781,0.073730,-1.019287
IMU,11961907,6.125000,6.312500,-0.125000,0.051025,0.072510,-1.019043
IMU,11966910,6.437500,6.062500,1.250000,0.051270,0.072998,-1.020020
IMU,11970909,6.875000,6.437500,0.562500,0.051514,0.072021,-1.022705
IMU,11975910,6.437500,5.750000,0.250000,0.052979,0.072021,-1.022705
IMU,11979907,6.250000,6.125000,0.687500,0.053223,0.071533,-1.022949
IMU,11984911,6.625000,6.125000,1.000000,0.052979,0.071045,-1.017334
IMU,11988907,7.312500,6.000000,1.312500,0.050293,0.070068,-1.016602
IMU,11993910,6.812500,6.562500,1.687500,0.052490,0.070068,-1.024170
IMU,11998909,6.375000,5.500000,1.000000,0.052490,0.070557,-1.020752
IMU,12002910,6.875000,5.875000,0.187500,0.050781,0.070801,-1.015869
IMU,12007907,6.375000,6.062500,0.625000,0.050049,0.071045,-1.023682
IMU,12011911,6.062500,6.437500,-0.062500,0.050049,0.072998,-1.022461
IMU,12016907,6.625000,6.812500,0.062500,0.051025,0.073486,-1.012695
IMU,12020910,6.562500,5.875000,1.062500,0.051270,0.072754,-1.012939
IMU,12025909,6.312500,6.062500,1.250000,0.050537,0.073730,-1.021240
IMU,12030910,6.000000,6.625000,0.437500,0.051514,0.074707,-1.020752
IMU,12034907,6.437500,6.500000,-0.125000,0.052490,0.074463,-1.021729
IMU,12039911,6.250000,6.750000,-0.250000,0.051514,0.075439,-1.020996
IMU,12043907,6.500000,6.250000,0.187500,0.052979,0.075195,-1.018311
IMU,12048910,5.625000,6.562500,0.312500,0.055176,0.075439,-1.020996
IMU,12052909,5.812500,6.000000,-0.125000,0.055176,0.075684,-1.021484
IMU,12057910,6.187500,5.375000,0.375000,0.053711,0.076660,-1.014648
IMU,12061907,5.875000,5.375000,0.000000,0.055908,0.076416,-1.014160
IMU,12066911,5.437500,6.000000,-0.562500,0.055908,0.077148,-1.019531
IMU,12071907,6.000000,6.375000,0.312500,0.055664,0.078369,-1.018311
IMU,12075910,6.625000,6.312500,0.750000,0.054443,0.078613,-1.015137
IMU,12080909,6.187500,6.000000,1.062500,0.056885,0.078369,-1.019043
IMU,12084910,6.125000,5.875000,1.000000,0.058350,0.079102,-1.015869
IMU,12089907,5.875000,6.437500,0.625000,0.057129,0.079590,-1.014160
IMU,12093911,6.500000,6.687500,-0.500000,0.057617,0.077148,-1.022217
IMU,12098907,6.937500,6.250000,-0.437500,0.057861,0.076416,-1.022705
IMU,12103910,6.375000,5.625000,0.375000,0.059326,0.077148,-1.014404
IMU,12107909,7.312500,6.375000,1.250000,0.060547,0.075684,-1.020752
IMU,12112910,6.875000,6.250000,1.000000,0.061523,0.074219,-1.024414
IMU,12116907,6.437500,5.812500,0.625000,0.060547,0.075684,-1.018066
IMU,12121911,5.875000,5.812500,-0.625000,0.059326,0.077148,-1.014648
IMU,12125907,6.187500,6.437500,0.062500,0.059082,0.076416,-1.018799
IMU,12130910,6.375000,5.437500,0.125000,0.057617,0.077393,-1.021729
IMU,12134909,6.812500,5.687500,0.312500,0.056152,0.077881,-1.018066
IMU,12139910,6.750000,5.937500,1.062500,0.054443,0.078369,-1.016357
IMU,12144907,6.312500,6.625000,0.062500,0.053223,0.078613,-1.020996
IMU,12148911,6.187500,6.125000,0.437500,0.053955,0.077393,-1.023193
IMU,12153907,6.625000,6.187500,1.625000,0.052979,0.075439,-1.020752
IMU,12157910,6.625000,5.562500,1.375000,0.051270,0.076416,-1.018799
IMU,12162909,5.937500,5.125000,0.562500,0.050537,0.075195,-1.015137
IMU,12166910,6.000000,5.875000,0.250000,0.051270,0.072266,-1.020752
IMU,12171907,6.437500,6.187500,0.875000,0.052002,0.071289,-1.023193
IMU,12176911,6.312500,5.625000,0.375000,0.051758,0.071777,-1.017822
IMU,12180907,6.500000,6.437500,-0.500000,0.051270,0.071777,-1.017090
IMU,12185910,7.187500,6.562500,0.062500,0.052490,0.071777,-1.018555
IMU,12189909,6.625000,6.375000,1.250000,0.052246,0.071777,-1.016846
IMU,12194910,6.875000,6.375000,0.437500,0.053223,0.070801,-1.021484
IMU,12198907,6.437500,6.875000,0.437500,0.052002,0.072266,-1.018799
IMU,12203911,6.375000,6.687500,0.875000,0.051270,0.073730,-1.012695
IMU,12207907,7.125000,5.812500,-0.250000,0.052246,0.073975,-1.017578
IMU,12212910,6.687500,5.562500,0.062500,0.052490,0.072510,-1.024658
IMU,12217909,7.312500,5.500000,0.250000,0.052490,0.072754,-1.019531
IMU,12221910,6.875000,5.500000,0.062500,0.052490,0.074463,-1.017334
IMU,12226907,6.437500,6.312500,0.062500,0.054443,0.073730,-1.024414
IMU,12230911,6.375000,5.875000,-0.375000,0.054199,0.073486,-1.024414
IMU,12235907,6.125000,5.750000,0.375000,0.054199,0.073242,-1.018311
IMU,12239910,6.562500,6.250000,0.312500,0.056396,0.073486,-1.020020
IMU,12244909,6.875000,6.125000,-0.937500,0.056152,0.074219,-1.019043
IMU,12249910,6.125000,7.187500,0.125000,0.055420,0.074463,-1.018555
IMU,12253907,6.250000,6.687500,-0.437500,0.054932,0.074219,-1.020020
IMU,12258911,6.625000,6.437500,0.312500,0.055908,0.075439,-1.020508
IMU,12262907,6.500000,6.125000,1.500000,0.056641,0.076660,-1.017090
IMU,12267910,6.687500,6.000000,0.437500,0.054932,0.077148,-1.016113
IMU,12271909,6.687500,6.500000,-0.562500,0.055664,0.077393,-1.018311
IMU,12276910,6.375000,7.187500,-1.375000,0.055664,0.078857,-1.017822
IMU,12281907,6.062500,6.625000,-0.500000,0.056396,0.080078,-1.016846
IMU,12285911,6.312500,6.187500,-0.375000,0.055664,0.079346,-1.018555
IMU,12290907,6.000000,6.500000,-0.125000,0.055176,0.080322,-1.014160
IMU,12294910,5.937500,6.187500,0.250000,0.056152,0.079346,-1.014648
IMU,12299909,6.125000,5.875000,1.437500,0.057861,0.079834,-1.016846
IMU,12303910,6.687500,6.562500,1.250000,0.056885,0.078613,-1.017822
IMU,12308907,7.000000,6.375000,1.125000,0.057373,0.078125,-1.022705
IMU,12312911,7.062500,6.187500,0.125000,0.058350,0.075439,-1.019531
IMU,12317907,6.875000,6.312500,1.187500,0.058594,0.075439,-1.015869
IMU,12322910,7.125000,5.875000,1.375000,0.059814,0.076416,-1.017822
IMU,12326909,6.750000,6.062500,1.125000,0.059326,0.074951,-1.020752
IMU,12331910,5.812500,6.000000,0.312500,0.058838,0.075439,-1.017334
IMU,12335907,6.437500,5.312500,0.687500,0.056641,0.075195,-1.016113
IMU,12340911,6.687500,5.312500,0.750000,0.057861,0.074951,-1.018066
IMU,12344907,6.312500,5.375000,1.187500,0.057129,0.075684,-1.018311
IMU,12349910,5.750000,6.500000,0.375000,0.055420,0.076172,-1.016846
IMU,12354909,6.437500,6.125000,0.000000,0.053711,0.076904,-1.018066
IMU,12358910,7.000000,6.375000,-0.125000,0.052246,0.076660,-1.019775
IMU,12363907,6.312500,5.937500,0.312500,0.052490,0.078369,-1.015625
IMU,12367911,6.687500,5.250000,0.000000,0.052002,0.079102,-1.014893
IMU,12372907,6.750000,5.437500,0.875000,0.053223,0.076904,-1.019287
IMU,12376910,6.312500,6.062500,-0.062500,0.050781,0.074951,-1.022461
IMU,12381909,6.187500,6.187500,0.250000,0.050537,0.074219,-1.025879
IMU,12385910,6.250000,5.750000,0.500000,0.052490,0.073730,-1.019043
IMU,12390907,6.937500,5.937500,-0.562500,0.053223,0.071533,-1.018555
IMU,12395911,7.562500,5.437500,-0.687500,0.052490,0.069824,-1.025879
IMU,12399907,6.625000,6.000000,-0.312500,0.052002,0.069580,-1.020264
IMU,12404910,6.812500,6.687500,0.812500,0.053467,0.071045,-1.012451
IMU,12408909,6.750000,6.125000,1.312500,0.053467,0.071045,-1.017334
IMU,12413910,6.062500,5.750000,0.562500,0.051514,0.071289,-1.018311
IMU,12417907,5.687500,6.437500,0.187500,0.052002,0.072754,-1.014404
IMU,12422911,6.312500,5.875000,0.000000,0.051758,0.075439,-1.018799
IMU,12427907,6.562500,5.750000,-0.750000,0.051270,0.076416,-1.020752
IMU,12431910,6.187500,5.312500,-0.250000,0.051514,0.076904,-1.018555
IMU,12436909,5.812500,5.812500,1.187500,0.052490,0.076172,-1.019043
IMU,12440910,6.000000,6.000000,0.687500,0.051514,0.077637,-1.019043
IMU,12445907,5.937500,5.687500,0.312500,0.052979,0.078613,-1.016602
IMU,12449911,6.125000,6.625000,-0.062500,0.055176,0.076172,-1.013916
IMU,12454907,6.312500,6.062500,0.250000,0.055908,0.075195,-1.018555
IMU,12459910,6.312500,5.875000,0.562500,0.055664,0.076172,-1.018555
IMU,12463909,6.312500,6.312500,0.312500,0.056885,0.075439,-1.024902
IMU,12468910,6.437500,6.312500,-0.125000,0.057129,0.075439,-1.022461
IMU,12472907,7.000000,6.125000,0.437500,0.056641,0.077393,-1.016846
IMU,12477911,6.500000,5.875000,0.187500,0.057617,0.076416,-1.020752
IMU,12481907,6.875000,6.187500,-0.500000,0.059570,0.076416,-1.021240
IMU,12486910,6.312500,5.937500,0.125000,0.058105,0.076416,-1.013428
IMU,12490909,6.312500,6.187500,-0.500000,0.056885,0.076416,-1.013428
IMU,12495910,6.500000,6.125000,-0.062500,0.057617,0.077148,-1.014404
IMU,12500907,6.500000,6.187500,0.437500,0.057129,0.078857,-1.013672
IMU,12504911,6.312500,5.437500,0.187500,0.056152,0.079102,-1.015137
IMU,12509907,6.437500,5.187500,0.812500,0.056152,0.079590,-1.015137
IMU,12513910,6.250000,5.687500,-0.250000,0.056641,0.079346,-1.018066
IMU,12518909,6.062500,6.000000,-0.062500,0.056641,0.078613,-1.021729
IMU,12522910,6.250000,6.250000,0.062500,0.055664,0.078125,-1.022217
IMU,12527907,5.500000,5.937500,0.125000,0.055664,0.077148,-1.015869
IMU,12532911,5.750000,5.500000,-0.250000,0.055664,0.075684,-1.014893
IMU,12536907,6.062500,6.062500,0.687500,0.055420,0.073486,-1.021484
IMU,12541910,6.687500,6.187500,0.562500,0.056641,0.072266,-1.020996
IMU,12545909,6.750000,5.937500,-0.312500,0.057129,0.074219,-1.016357
IMU,12550910,6.437500,6.312500,-0.125000,0.055908,0.073242,-1.018555
IMU,12554907,6.937500,5.875000,-0.437500,0.053955,0.071533,-1.020996
IMU,12559911,7.687500,6.125000,-0.125000,0.053711,0.073486,-1.019287
IMU,12563907,6.750000,6.437500,0.312500,0.052979,0.075195,-1.018066
IMU,12568910,6.625000,6.125000,0.562500,0.052246,0.074707,-1.019775
IMU,12573909,6.625000,5.625000,0.937500,0.052002,0.076416,-1.018066
IMU,12577910,6.687500,5.500000,0.500000,0.051514,0.074951,-1.020508
IMU,12582907,6.375000,5.687500,-0.625000,0.051025,0.073730,-1.020020
IMU,12586911,6.375000,5.312500,-0.500000,0.051758,0.074463,-1.018555
IMU,12591907,6.250000,5.750000,-0.437500,0.052490,0.073975,-1.016846
IMU,12595910,6.437500,5.687500,-0.187500,0.050537,0.073486,-1.016846
IMU,12600909,6.312500,5.750000,0.187500,0.049805,0.072754,-1.024414
IMU,12605910,5.687500,5.500000,0.375000,0.052246,0.072998,-1.022217
IMU,12609907,6.000000,5.187500,0.937500,0.053467,0.072021,-1.016602
IMU,12614911,6.125000,5.812500,0.500000,0.053955,0.073242,-1.017822
IMU,12618907,5.875000,6.000000,-0.062500,0.054199,0.073242,-1.020020
IMU,12623910,6.500000,6.437500,-0.750000,0.053467,0.072998,-1.016602
IMU,12627909,7.250000,5.375000,-0.250000,0.052490,0.072510,-1.016846
IMU,12632910,6.812500,4.937500,0.500000,0.053223,0.073242,-1.017822
IMU,12636907,7.125000,5.562500,0.062500,0.053223,0.075439,-1.020264
IMU,12641911,7.625000,6.375000,1.000000,0.054199,0.077393,-1.019287
IMU,12646907,6.437500,6.687500,0.625000,0.053711,0.077148,-1.018066
IMU,12650910,6.187500,6.625000,-0.125000,0.054688,0.077393,-1.018555
IMU,12655909,6.375000,6.062500,0.125000,0.054199,0.077881,-1.017822
IMU,12659910,6.375000,5.937500,0.187500,0.054932,0.077637,-1.014893
IMU,12664907,6.375000,6.125000,0.562500,0.056152,0.077148,-1.017578
IMU,12668911,5.937500,6.375000,1.437500,0.056641,0.078613,-1.019775
IMU,12673907,6.562500,6.500000,0.750000,0.057129,0.076904,-1.020264
IMU,12678910,6.500000,6.812500,-1.000000,0.056396,0.076660,-1.020996
IMU,12682909,6.625000,6.187500,-0.250000,0.055664,0.076904,-1.020020
IMU,12687910,6.937500,5.812500,0.562500,0.058105,0.076416,-1.023682
IMU,12691907,7.437500,5.562500,0.375000,0.056885,0.075439,-1.021973
IMU,12696911,7.062500,6.000000,0.125000,0.056396,0.075684,-1.016846
IMU,12700907,6.750000,6.000000,0.062500,0.055176,0.075684,-1.017822
IMU,12705910,6.687500,6.062500,0.375000,0.054443,0.075195,-1.020996
IMU,12710909,6.500000,6.437500,-0.312500,0.055664,0.075684,-1.014648
IMU,12714910,6.437500,6.312500,-0.562500,0.055176,0.077148,-1.010742
IMU,12719907,6.687500,5.875000,-0.437500,0.054932,0.076172,-1.020752
IMU,12723911,6.812500,5.937500,-1.312500,0.054199,0.076416,-1.018555
IMU,12728907,6.437500,6.500000,-0.812500,0.053711,0.076660,-1.013672
IMU,12732910,6.187500,5.937500,-0.437500,0.054199,0.077148,-1.023438
IMU,12737909,6.500000,6.812500,-0.312500,0.054443,0.076172,-1.021973
IMU,12741910,6.812500,6.000000,0.562500,0.054932,0.075439,-1.013672
IMU,12746907,6.250000,5.937500,0.625000,0.054443,0.076660,-1.016846
IMU,12751911,6.312500,6.375000,0.937500,0.052490,0.076660,-1.020752
IMU,12755907,6.375000,7.000000,0.625000,0.054688,0.076416,-1.017578
IMU,12760910,6.750000,7.000000,0.500000,0.053955,0.077148,-1.017090
IMU,12764909,6.937500,5.875000,0.250000,0.053711,0.076172,-1.019043
IMU,12769910,7.187500,5.500000,0.562500,0.052979,0.075195,-1.019043
IMU,12773907,5.625000,5.937500,-0.312500,0.054443,0.074951,-1.018311
IMU,12778911,5.562500,5.937500,0.125000,0.056152,0.074707,-1.017334
IMU,12783907,7.125000,5.750000,0.062500,0.054932,0.074219,-1.019043
IMU,12787910,7.125000,6.375000,-0.250000,0.056641,0.074219,-1.023926
IMU,12792909,6.312500,5.625000,-0.250000,0.057373,0.074463,-1.022705
IMU,12796910,6.375000,5.937500,0.125000,0.056396,0.074219,-1.023682
IMU,12801907,6.312500,6.000000,0.562500,0.057861,0.073730,-1.024170
IMU,12805911,6.312500,5.437500,1.937500,0.058105,0.072266,-1.018799
IMU,12810907,7.125000,5.437500,0.875000,0.056396,0.072998,-1.017334
IMU,12814910,6.625000,6.187500,-0.687500,0.057129,0.073242,-1.017090
IMU,12819909,6.625000,6.250000,-0.375000,0.055420,0.073242,-1.015381
IMU,12824910,6.937500,5.875000,0.312500,0.054443,0.075684,-1.014893
IMU,12828907,5.750000,5.000000,0.312500,0.053955,0.077148,-1.015381
IMU,12833911,6.687500,5.937500,0.875000,0.053955,0.077148,-1.018311
IMU,12837907,6.750000,5.687500,0.375000,0.052246,0.078125,-1.024658
IMU,12842910,6.812500,5.937500,1.000000,0.052002,0.078125,-1.019531
IMU,12846909,7.000000,6.375000,1.312500,0.052246,0.079102,-1.016602
IMU,12851910,7.062500,6.562500,0.312500,0.052734,0.077881,-1.019531
IMU,12856907,7.187500,5.812500,0.687500,0.053955,0.076660,-1.016602
IMU,12860911,7.687500,5.875000,1.000000,0.055908,0.075439,-1.015625
IMU,12865907,7.437500,6.312500,0.562500,0.055908,0.074463,-1.019775
IMU,12869910,7.000000,6.062500,-0.125000,0.055664,0.074219,-1.021240
IMU,12874909,6.375000,6.312500,0.562500,0.057129,0.073486,-1.018311
IMU,12878910,6.562500,6.250000,-0.500000,0.055664,0.072754,-1.018311
IMU,12883907,6.000000,6.000000,-0.062500,0.055420,0.072266,-1.023926
IMU,12887911,6.562500,6.125000,0.812500,0.055176,0.072998,-1.021240
IMU,12892907,6.375000,6.312500,0.562500,0.054932,0.074707,-1.017578
IMU,12897910,6.312500,5.875000,0.937500,0.054443,0.075195,-1.017578
IMU,12901909,7.187500,5.875000,0.125000,0.053955,0.075684,-1.015137
IMU,12906910,6.875000,5.812500,0.562500,0.053955,0.076660,-1.016602
IMU,12910907,6.875000,5.687500,-0.062500,0.053467,0.075684,-1.023682
IMU,12915911,6.562500,5.812500,0.500000,0.055664,0.075195,-1.025146
IMU,12919907,7.062500,5.687500,0.937500,0.056396,0.075439,-1.017822
IMU,12924910,6.937500,6.125000,-0.062500,0.055664,0.075439,-1.015137
IMU,12929909,5.750000,6.250000,0.000000,0.055420,0.074463,-1.017578
IMU,12933910,5.812500,6.375000,-0.250000,0.055176,0.074219,-1.017822
IMU,12938907,6.250000,6.375000,-0.500000,0.056152,0.074951,-1.017578
IMU,12942911,6.062500,6.250000,-0.375000,0.056396,0.075195,-1.016846
IMU,12947907,5.937500,5.875000,-0.187500,0.055176,0.076172,-1.015625
IMU,12951910,6.562500,5.750000,-0.125000,0.054688,0.076660,-1.014160
IMU,12956909,7.312500,6.062500,1.000000,0.054199,0.076660,-1.015381
IMU,12961910,6.875000,6.187500,1.062500,0.054443,0.077393,-1.019287
IMU,12965907,6.625000,6.125000,0.625000,0.054932,0.078125,-1.019775
IMU,12970911,6.062500,5.687500,-0.375000,0.053467,0.078613,-1.019043
IMU,12974907,5.687500,5.750000,0.187500,0.055664,0.077393,-1.018311
IMU,12979910,6.187500,5.562500,0.312500,0.056152,0.077393,-1.017822
IMU,12983909,6.812500,5.687500,-0.562500,0.056152,0.075684,-1.019043
IMU,12988910,7.062500,5.625000,0.312500,0.057373,0.074219,-1.018311
IMU,12992907,6.187500,6.187500,0.062500,0.058594,0.073975,-1.014648
IMU,12997911,6.937500,6.000000,0.562500,0.057617,0.073975,-1.013672
IMU,13002907,7.312500,5.812500,1.062500,0.056641,0.071533,-1.028076
IMU,13006910,7.000000,6.250000,0.687500,0.056885,0.072754,-1.031250
IMU,13011909,6.562500,7.250000,1.812500,0.056641,0.074219,-1.019043
IMU,13015910,6.312500,7.000000,1.625000,0.057129,0.072266,-1.021729
IMU,13020907,6.500000,6.625000,0.812500,0.055664,0.072021,-1.025146
IMU,13024911,6.750000,5.812500,-0.187500,0.054199,0.072021,-1.016357
IMU,13029907,6.500000,6.000000,-0.125000,0.052002,0.072510,-1.008057
IMU,13034910,6.937500,6.500000,0.312500,0.051758,0.073730,-1.011230
IMU,13038909,6.875000,6.312500,0.250000,0.051270,0.074707,-1.013916
IMU,13043910,6.687500,6.000000,0.125000,0.050049,0.075439,-1.016357
IMU,13047907,7.312500,5.000000,-0.437500,0.050293,0.076660,-1.021484
IMU,13052911,7.250000,5.375000,-1.125000,0.049805,0.077148,-1.023438
IMU,13056907,6.875000,6.062500,-1.125000,0.049805,0.075684,-1.020264
IMU,13061910,6.687500,5.437500,-0.625000,0.050781,0.074219,-1.022705
IMU,13065909,6.187500,5.500000,-0.375000,0.052002,0.072998,-1.023193
IMU,13070910,5.750000,6.000000,0.125000,0.053223,0.071777,-1.022217
IMU,13075907,6.125000,6.312500,1.250000,0.054443,0.071045,-1.017578
IMU,13079911,6.000000,5.687500,0.937500,0.053955,0.072021,-1.013916
IMU,13084907,6.000000,5.812500,0.750000,0.054199,0.073975,-1.014404
IMU,13088910,5.875000,6.562500,1.000000,0.053955,0.074463,-1.018799
IMU,13093909,5.812500,6.625000,-0.562500,0.054688,0.074951,-1.017822
IMU,13097910,6.000000,5.875000,-0.625000,0.054199,0.076172,-1.014404
IMU,13102907,6.750000,6.062500,0.187500,0.054932,0.077393,-1.017578
IMU,13107911,6.437500,6.375000,0.937500,0.055664,0.077637,-1.020996
IMU,13111907,6.625000,6.500000,0.812500,0.055908,0.079590,-1.016602
IMU,13116910,6.625000,6.500000,1.250000,0.056641,0.079102,-1.017334
IMU,13120909,6.562500,5.812500,0.875000,0.057129,0.078857,-1.019287
IMU,13125910,6.062500,6.125000,-0.187500,0.057861,0.078613,-1.014404
IMU,13129907,6.875000,5.687500,1.062500,0.058594,0.077881,-1.014893
IMU,13134911,7.750000,5.875000,1.500000,0.059814,0.076416,-1.022217
IMU,13139907,7.375000,5.625000,1.000000,0.059326,0.076660,-1.017578
IMU,13143910,6.437500,6.812500,0.375000,0.059082,0.076904,-1.014893
IMU,13148909,5.812500,6.187500,0.687500,0.060059,0.074463,-1.025879
IMU,13152910,6.187500,5.562500,1.125000,0.060059,0.075439,-1.023682
IMU,13157907,6.250000,5.625000,0.625000,0.059814,0.078125,-1.015625
IMU,13161911,6.500000,5.750000,0.375000,0.059326,0.078125,-1.017578
IMU,13166907,5.937500,6.125000,-0.437500,0.057861,0.076660,-1.017822
IMU,13170910,5.875000,5.625000,-0.437500,0.055908,0.079102,-1.012939
IMU,13175909,6.125000,5.875000,0.000000,0.054932,0.079590,-1.015137
IMU,13180910,6.562500,6.187500,0.437500,0.053955,0.079346,-1.021729
IMU,13184907,6.250000,5.812500,1.000000,0.053223,0.079590,-1.018311
IMU,13189911,6.375000,5.312500,0.562500,0.052979,0.080322,-1.016113
IMU,13193907,6.687500,5.750000,0.625000,0.052490,0.078613,-1.023926
IMU,13198910,6.875000,5.312500,0.125000,0.053223,0.078125,-1.019287
IMU,13202909,6.687500,4.937500,0.000000,0.054199,0.077148,-1.011719
IMU,13207910,6.750000,5.562500,0.687500,0.053955,0.073975,-1.022705
IMU,13212907,7.500000,5.687500,0.625000,0.053223,0.072754,-1.020752
IMU,13216911,6.750000,5.625000,-0.125000,0.054199,0.073242,-1.010498
IMU,13221907,5.812500,5.875000,0.812500,0.054199,0.071777,-1.014160
IMU,13225910,6.437500,5.375000,0.250000,0.053955,0.071777,-1.019775
IMU,13230909,7.500000,5.625000,0.437500,0.052246,0.072754,-1.016113
IMU,13234910,7.562500,6.062500,0.187500,0.053467,0.072021,-1.020020
IMU,13239907,7.187500,5.750000,0.125000,0.051514,0.072266,-1.029297
IMU,13243911,6.687500,5.687500,0.687500,0.051025,0.073486,-1.023926
IMU,13248907,6.937500,6.187500,0.625000,0.051025,0.073975,-1.018311
IMU,13253910,6.625000,6.000000,0.250000,0.050049,0.074219,-1.022217
IMU,13257909,6.000000,6.250000,0.937500,0.050537,0.073730,-1.020264
IMU,13262910,5.812500,5.375000,0.812500,0.052734,0.072754,-1.015381
IMU,13266907,5.875000,5.562500,0.125000,0.052490,0.072021,-1.015625
IMU,13271911,6.375000,5.812500,0.937500,0.052734,0.073975,-1.017090
IMU,13275907,6.375000,5.750000,0.812500,0.052979,0.072510,-1.020996
IMU,13280910,6.375000,5.437500,0.875000,0.052734,0.071045,-1.016846
IMU,13285909,6.437500,5.812500,0.062500,0.051270,0.072266,-1.017334
IMU,13289910,6.187500,6.437500,0.625000,0.053467,0.072998,-1.021240
IMU,13294907,6.312500,6.250000,0.937500,0.053223,0.073486,-1.019531
IMU,13298911,6.312500,6.500000,0.937500,0.053467,0.074951,-1.017334
IMU,13303907,6.562500,6.062500,0.687500,0.053955,0.075439,-1.018066
IMU,13307910,6.125000,5.375000,0.375000,0.054443,0.074707,-1.018066
IMU,13312909,6.062500,5.375000,0.000000,0.055908,0.075928,-1.017090
IMU,13316910,6.750000,5.437500,0.187500,0.055176,0.077637,-1.017822
IMU,13321907,5.750000,6.312500,0.687500,0.055176,0.077393,-1.020264
IMU,13326911,4.812500,6.437500,0.500000,0.057129,0.076904,-1.021484
IMU,13330907,6.500000,6.312500,-0.062500,0.056641,0.078369,-1.019287
IMU,13335910,6.000000,6.375000,0.062500,0.057861,0.077881,-1.018799
IMU,13339909,6.062500,5.937500,0.062500,0.058350,0.077881,-1.017090
IMU,13344910,6.687500,6.312500,0.000000,0.057861,0.076904,-1.015869
IMU,13348907,7.500000,5.687500,-0.437500,0.057861,0.078369,-1.015625
IMU,13353911,7.187500,5.312500,0.000000,0.058350,0.078369,-1.016602
IMU,13358907,7.062500,6.312500,0.312500,0.056885,0.079346,-1.014648
IMU,13362910,6.375000,5.750000,0.500000,0.056885,0.081055,-1.011475
IMU,13367909,6.437500,6.562500,-0.375000,0.058838,0.081299,-1.018555
IMU,13371910,7.000000,6.000000,0.500000,0.057129,0.080078,-1.028320
IMU,13376907,6.437500,5.750000,0.500000,0.057617,0.080078,-1.026367
IMU,13380911,6.625000,5.812500,0.562500,0.057861,0.078613,-1.019531
IMU,13385907,7.187500,6.437500,0.500000,0.059082,0.077393,-1.020996
IMU,13390910,6.000000,6.687500,0.437500,0.059082,0.075684,-1.016846
IMU,13394909,6.125000,5.937500,0.437500,0.057373,0.074463,-1.013428
IMU,13399910,6.500000,6.000000,0.812500,0.058105,0.073730,-1.019043
IMU,13403907,6.875000,5.312500,0.375000,0.057373,0.072754,-1.016602
IMU,13408911,7.375000,5.500000,0.437500,0.057129,0.073486,-1.011475
IMU,13412907,7.125000,6.062500,0.062500,0.055420,0.073975,-1.016846
IMU,13417910,6.875000,5.250000,0.500000,0.053223,0.074219,-1.021973
IMU,13421909,6.437500,5.687500,0.312500,0.053223,0.074951,-1.018799
IMU,13426910,6.250000,5.937500,-0.812500,0.051758,0.076660,-1.017822
IMU,13431907,5.750000,5.812500,0.125000,0.051270,0.075928,-1.018555
IMU,13435911,6.125000,5.750000,-0.187500,0.051514,0.074707,-1.017334
IMU,13440907,6.250000,5.750000,0.062500,0.051025,0.073486,-1.017334
IMU,13444910,6.062500,5.437500,-0.187500,0.051514,0.072266,-1.020264
IMU,13449909,6.750000,5.500000,0.125000,0.050781,0.072754,-1.021240
IMU,13453910,7.000000,5.812500,0.500000,0.049805,0.072266,-1.016357
IMU,13458907,6.437500,6.250000,0.375000,0.049805,0.072266,-1.016113
IMU,13463911,6.062500,7.125000,0.187500,0.050537,0.071045,-1.032959
IMU,13467907,5.750000,5.937500,1.000000,0.052734,0.071289,-1.030518
IMU,13472910,5.875000,6.062500,0.187500,0.052979,0.072266,-1.013672
IMU,13476909,6.562500,5.875000,-0.187500,0.052002,0.072021,-1.016602
IMU,13481910,6.000000,6.187500,-0.375000,0.052734,0.071289,-1.026855
IMU,13485907,6.500000,6.312500,0.187500,0.051270,0.072754,-1.012207
IMU,13490911,7.375000,6.125000,0.500000,0.051270,0.074707,-1.006348
IMU,13494907,7.000000,6.500000,0.250000,0.051025,0.074707,-1.018066
IMU,13499910,6.562500,6.812500,-0.375000,0.051758,0.074463,-1.022949
IMU,13504909,6.062500,6.812500,-0.125000,0.051758,0.076660,-1.012451
IMU,13508910,6.187500,6.625000,-0.437500,0.051270,0.076904,-1.019531
IMU,13513907,6.312500,6.687500,-0.375000,0.052490,0.076904,-1.028076
IMU,13517911,5.812500,6.625000,0.687500,0.054688,0.076172,-1.015381
IMU,13522907,6.375000,6.250000,0.062500,0.054443,0.074951,-1.012207
IMU,13526910,6.562500,6.312500,0.437500,0.054688,0.074951,-1.020996
IMU,13531909,6.312500,6.312500,-0.125000,0.055664,0.074951,-1.016113
IMU,13536910,6.250000,6.250000,0.375000,0.057373,0.074951,-1.012207
IMU,13540907,6.250000,5.562500,0.187500,0.057373,0.075195,-1.018311
IMU,13545911,6.437500,6.250000,0.750000,0.058838,0.076660,-1.020020
IMU,13549907,6.937500,6.687500,0.687500,0.057861,0.076904,-1.016602
IMU,13554910,6.875000,6.875000,0.375000,0.057861,0.079590,-1.019043
IMU,13558909,7.250000,6.000000,-0.062500,0.057617,0.079834,-1.020508
IMU,13563910,7.125000,6.125000,-0.750000,0.059082,0.078857,-1.017578
IMU,13568907,6.937500,6.500000,0.250000,0.058838,0.078613,-1.012939
IMU,13572911,6.687500,6.250000,0.312500,0.059570,0.080078,-1.014160
IMU,13577907,6.250000,6.500000,0.437500,0.058838,0.078125,-1.018066
IMU,13581910,6.437500,6.375000,0.937500,0.058594,0.077393,-1.022949
IMU,13586909,6.375000,6.062500,-0.125000,0.057617,0.078613,-1.018066
IMU,13590910,6.437500,5.812500,1.000000,0.057861,0.077881,-1.016113
IMU,13595907,6.125000,6.312500,0.750000,0.056641,0.076416,-1.021484
IMU,13599911,6.437500,6.687500,0.437500,0.056641,0.077393,-1.020020
IMU,13604907,6.812500,6.500000,0.625000,0.057373,0.077148,-1.014648
IMU,13609910,7.000000,6.250000,1.187500,0.057617,0.076660,-1.014160
IMU,13613909,6.687500,5.687500,1.000000,0.056152,0.077637,-1.015869
IMU,13618910,6.375000,5.812500,0.187500,0.056152,0.076904,-1.020508
IMU,13622907,6.687500,6.062500,-0.687500,0.055420,0.075684,-1.019531
IMU,13627911,7.125000,5.937500,0.000000,0.053223,0.076904,-1.016602
IMU,13631907,6.625000,6.062500,0.125000,0.052490,0.074951,-1.020508
IMU,13636910,6.625000,6.312500,0.125000,0.053223,0.074707,-1.023926
IMU,13641909,6.625000,6.437500,0.812500,0.052002,0.073975,-1.024902
IMU,13645910,6.500000,6.437500,0.562500,0.051025,0.073975,-1.018555
IMU,13650907,6.750000,5.812500,0.062500,0.052979,0.073975,-1.013428
IMU,13654911,6.937500,5.500000,-0.062500,0.052246,0.074707,-1.019775
IMU,13659907,6.375000,5.937500,0.125000,0.052734,0.073486,-1.020996
IMU,13663910,6.562500,6.062500,-0.062500,0.052002,0.073975,-1.017578
IMU,13668909,6.562500,6.312500,0.875000,0.052734,0.073486,-1.018066
IMU,13672910,7.125000,6.187500,0.750000,0.052979,0.073242,-1.018066
IMU,13677907,7.312500,6.000000,0.625000,0.052979,0.074463,-1.016602
IMU,13682911,6.937500,5.875000,0.125000,0.053223,0.072998,-1.016357
IMU,13686907,6.500000,6.000000,-0.062500,0.052734,0.072510,-1.019287
IMU,13691910,6.750000,5.687500,0.187500,0.053223,0.074219,-1.019775
IMU,13695909,6.500000,6.000000,0.875000,0.052490,0.074219,-1.017334
IMU,13700910,6.625000,5.625000,0.625000,0.052490,0.074707,-1.019775
IMU,13704907,7.000000,6.000000,0.000000,0.052979,0.075928,-1.021729
IMU,13709911,6.562500,6.312500,0.062500,0.053467,0.074463,-1.019287
IMU,13714907,6.375000,5.937500,0.437500,0.053223,0.073975,-1.019287
IMU,13718910,6.187500,5.687500,0.750000,0.052246,0.074219,-1.021240
IMU,13723909,6.125000,5.437500,0.125000,0.052246,0.074463,-1.017334
IMU,13727910,6.812500,5.375000,0.375000,0.051758,0.073730,-1.016846
IMU,13732907,7.187500,5.812500,0.500000,0.053711,0.074463,-1.019775
IMU,13736911,6.687500,6.250000,-0.250000,0.053711,0.074951,-1.020020
IMU,13741907,6.750000,6.500000,-0.312500,0.054199,0.075928,-1.022705
IMU,13745910,6.375000,6.187500,-0.437500,0.054688,0.076172,-1.018311
IMU,13750909,6.312500,6.000000,-0.187500,0.052490,0.075439,-1.014648
IMU,13755910,6.437500,6.187500,0.437500,0.052734,0.075195,-1.018799
IMU,13759907,6.312500,5.937500,0.375000,0.053711,0.075195,-1.020264
IMU,13764911,6.375000,6.000000,0.625000,0.054932,0.076172,-1.017578
IMU,13768907,6.500000,5.625000,0.437500,0.055176,0.077881,-1.017334
IMU,13773910,5.812500,5.812500,0.375000,0.055664,0.076416,-1.016357
IMU,13777909,6.375000,6.500000,-0.187500,0.055176,0.077393,-1.013916
IMU,13782910,6.312500,6.125000,-0.062500,0.054932,0.077393,-1.019043
IMU,13787907,6.375000,6.312500,0.500000,0.055664,0.077393,-1.021973
IMU,13791911,6.625000,6.437500,0.500000,0.056152,0.076172,-1.024170
IMU,13796907,6.312500,5.812500,0.250000,0.056641,0.075195,-1.024902
IMU,13800910,6.312500,6.125000,0.375000,0.056641,0.074951,-1.018799
IMU,13805909,6.312500,6.250000,0.125000,0.055420,0.074707,-1.017090
IMU,13809910,7.250000,5.687500,-0.500000,0.057373,0.074951,-1.015869
IMU,13814907,7.062500,6.812500,0.812500,0.058105,0.074463,-1.014160
IMU,13819911,6.687500,6.812500,0.062500,0.058105,0.075195,-1.012939
IMU,13823907,6.750000,6.375000,0.750000,0.056152,0.076416,-1.014404
IMU,13828910,6.312500,6.312500,0.875000,0.056152,0.077148,-1.016357
IMU,13832909,6.062500,6.375000,0.500000,0.057129,0.076904,-1.017822
IMU,13837910,6.312500,6.000000,-0.437500,0.055908,0.077393,-1.020752
IMU,13841907,6.187500,5.937500,-0.437500,0.054932,0.077393,-1.020752
IMU,13846911,6.000000,5.875000,0.312500,0.055908,0.077881,-1.017334
IMU,13850907,5.687500,5.812500,0.250000,0.053955,0.079102,-1.014160
IMU,13855910,6.062500,6.312500,0.625000,0.053711,0.078857,-1.011963
IMU,13860909,5.937500,6.687500,0.062500,0.054443,0.078125,-1.014893
IMU,13864910,6.312500,6.250000,-0.250000,0.056885,0.076416,-1.017822
IMU,13869907,6.375000,6.187500,0.062500,0.055420,0.077393,-1.013184
IMU,13873911,7.375000,5.812500,0.375000,0.055420,0.076660,-1.019043
IMU,13878907,6.750000,5.875000,0.312500,0.057373,0.073730,-1.026367
IMU,13882910,6.250000,5.750000,0.312500,0.055664,0.073975,-1.020752
IMU,13887909,7.062500,5.687500,1.312500,0.054199,0.074951,-1.020752
IMU,13892910,6.562500,7.000000,1.125000,0.055664,0.072754,-1.026123
IMU,13896907,6.500000,6.437500,-0.062500,0.055176,0.073486,-1.018066
IMU,13901911,6.750000,5.625000,0.312500,0.054199,0.074219,-1.014893
IMU,13905907,6.875000,6.562500,0.000000,0.053223,0.073730,-1.019287
IMU,13910910,6.312500,5.625000,0.562500,0.052979,0.073730,-1.017822
IMU,13914909,6.812500,5.500000,0.937500,0.052490,0.075439,-1.015381
IMU,13919910,6.562500,6.312500,0.625000,0.052490,0.074951,-1.018311
IMU,13923907,7.125000,5.812500,-0.375000,0.053223,0.074951,-1.018799
IMU,13928911,6.875000,5.750000,-1.375000,0.053467,0.074219,-1.018066
IMU,13933907,6.625000,5.812500,0.125000,0.052734,0.074707,-1.018311
IMU,13937910,7.187500,6.187500,0.187500,0.052734,0.075684,-1.018555
IMU,13942909,7.000000,5.687500,0.062500,0.052734,0.074707,-1.018555
IMU,13946910,6.437500,5.375000,-0.062500,0.052979,0.073975,-1.019043
IMU,13951907,6.625000,5.687500,1.312500,0.053955,0.073730,-1.018066
IMU,13955911,6.375000,5.687500,1.125000,0.053467,0.074951,-1.019775
IMU,13960907,6.375000,5.937500,0.562500,0.052490,0.074463,-1.023682
IMU,13965910,5.875000,5.250000,0.687500,0.054688,0.073730,-1.026123
IMU,13969909,6.250000,4.750000,0.812500,0.053711,0.074219,-1.018799
IMU,13974910,6.625000,5.000000,0.812500,0.053955,0.075195,-1.015381
IMU,13978907,6.187500,6.000000,0.625000,0.055176,0.075195,-1.021729
IMU,13983911,6.250000,5.500000,-0.187500,0.054199,0.075684,-1.019043
IMU,13987907,6.625000,5.687500,0.500000,0.054443,0.076904,-1.014648
IMU,13992910,6.250000,6.500000,-0.562500,0.054443,0.075928,-1.015625
IMU,13997909,5.937500,6.250000,-0.937500,0.055176,0.075684,-1.018311
IMU,14001910,6.250000,5.687500,-0.125000,0.053955,0.076172,-1.021973
IMU,14006907,7.187500,5.312500,0.625000,0.054688,0.077393,-1.020020
IMU,14010911,6.750000,5.000000,0.812500,0.054688,0.076904,-1.016846
IMU,14015907,6.500000,5.437500,0.875000,0.055908,0.076416,-1.021484
IMU,14019910,6.875000,5.937500,0.250000,0.055420,0.075684,-1.018799
IMU,14024909,7.625000,5.937500,-0.187500,0.054443,0.075195,-1.013916
IMU,14028910,6.250000,5.625000,-0.125000,0.054443,0.075928,-1.016602
IMU,14033907,7.375000,5.562500,-0.375000,0.055176,0.075684,-1.017334
IMU,14038911,7.000000,5.750000,-0.562500,0.056641,0.076416,-1.015381
IMU,14042907,6.000000,6.625000,0.187500,0.056641,0.076904,-1.019043
IMU,14047910,6.000000,6.500000,0.875000,0.055664,0.076172,-1.019775
IMU,14051909,6.250000,6.187500,0.375000,0.056152,0.076904,-1.018555
IMU,14056910,6.187500,6.187500,0.375000,0.056152,0.077637,-1.019043
IMU,14060907,6.625000,6.500000,-0.062500,0.055908,0.078857,-1.020508
IMU,14065911,7.375000,5.750000,0.125000,0.056885,0.078125,-1.018799
IMU,14070907,7.312500,4.750000,0.937500,0.054443,0.075684,-1.016113
IMU,14074910,7.250000,5.625000,1.250000,0.054199,0.074463,-1.020752
IMU,14079909,6.750000,5.937500,0.625000,0.054199,0.076172,-1.017578
IMU,14083910,6.500000,5.812500,0.562500,0.054688,0.074951,-1.017090
IMU,14088907,6.375000,5.750000,0.812500,0.054443,0.072998,-1.018311
IMU,14092911,6.687500,6.000000,1.062500,0.054688,0.073730,-1.019043
IMU,14097907,6.437500,6.000000,0.937500,0.055420,0.074219,-1.017090
IMU,14101910,5.562500,5.437500,1.312500,0.055420,0.072754,-1.021729
IMU,14106909,5.562500,6.312500,0.250000,0.055664,0.074219,-1.020996
IMU,14111910,6.375000,6.500000,-0.312500,0.052734,0.074463,-1.015625
IMU,14115907,7.062500,5.937500,-0.062500,0.051025,0.075439,-1.019287
IMU,14120911,6.062500,6.187500,-0.187500,0.051514,0.074219,-1.022949
IMU,14124907,6.000000,6.437500,0.562500,0.051270,0.074707,-1.018066
IMU,14129910,6.500000,5.875000,0.750000,0.052979,0.076172,-1.013428
IMU,14133909,6.437500,6.562500,0.500000,0.052490,0.076660,-1.011963
IMU,14138910,6.750000,6.625000,0.625000,0.052490,0.074219,-1.026367
IMU,14143907,6.687500,6.062500,0.187500,0.054443,0.074951,-1.032715
IMU,14147911,6.562500,5.937500,0.500000,0.053955,0.075928,-1.012695
IMU,14152907,6.687500,6.187500,0.250000,0.054443,0.075439,-1.013916
IMU,14156910,5.500000,6.437500,0.000000,0.055908,0.071045,-1.025879
IMU,14161909,6.375000,6.500000,0.375000,0.055664,0.071777,-1.017090
IMU,14165910,6.500000,6.687500,0.312500,0.056152,0.073242,-1.011719
IMU,14170907,6.625000,5.437500,0.375000,0.056396,0.071533,-1.018555
IMU,14174911,6.812500,6.250000,0.750000,0.056396,0.072998,-1.014648
IMU,14179907,6.312500,6.437500,1.000000,0.054932,0.073730,-1.011230
IMU,14184910,6.250000,6.125000,0.750000,0.054443,0.074463,-1.020752
IMU,14188909,6.562500,5.500000,1.250000,0.054688,0.074951,-1.030762
IMU,14193910,5.937500,5.937500,1.312500,0.055420,0.077148,-1.021484
IMU,14197907,6.000000,5.937500,0.562500,0.053955,0.077393,-1.014404
IMU,14202911,6.625000,5.062500,0.125000,0.054932,0.077393,-1.022217
IMU,14206907,5.562500,5.500000,0.375000,0.054932,0.076904,-1.019043
IMU,14211910,5.812500,5.750000,0.625000,0.054199,0.076904,-1.011475
IMU,14216909,6.500000,5.625000,0.562500,0.053467,0.076172,-1.015869
IMU,14220910,6.437500,6.125000,0.187500,0.055176,0.075439,-1.018066
IMU,14225907,6.937500,6.125000,0.937500,0.054199,0.077637,-1.012451
IMU,14229911,7.375000,6.812500,1.312500,0.053955,0.078125,-1.012939
IMU,14234907,6.937500,6.625000,0.625000,0.053711,0.078125,-1.017090
IMU,14238910,6.312500,6.812500,-0.375000,0.055420,0.080078,-1.021973
IMU,14243909,6.375000,6.687500,0.250000,0.056641,0.078369,-1.026855
IMU,14248910,6.750000,6.875000,0.562500,0.055664,0.077881,-1.020996
IMU,14252907,6.062500,5.812500,0.750000,0.057861,0.077637,-1.015625
IMU,14257911,6.375000,5.937500,0.625000,0.057617,0.075439,-1.019531
IMU,14261907,6.812500,6.125000,0.562500,0.057861,0.075684,-1.018066
IMU,14266910,6.562500,5.750000,-0.125000,0.056885,0.076660,-1.012939
IMU,14270909,6.437500,5.562500,-0.687500,0.057129,0.075195,-1.017578
IMU,14275910,6.625000,5.687500,-0.625000,0.055176,0.075439,-1.016602
IMU,14279907,6.750000,5.812500,-0.312500,0.055664,0.076416,-1.013428
IMU,14284911,6.437500,6.375000,0.375000,0.055664,0.075928,-1.018799
IMU,14289907,6.812500,6.062500,0.375000,0.055420,0.076416,-1.020264
IMU,14293910,7.062500,6.437500,0.437500,0.054199,0.076904,-1.016602
IMU,14298909,6.937500,6.250000,0.875000,0.054932,0.077637,-1.014404
IMU,14302910,7.000000,6.187500,0.250000,0.052734,0.076172,-1.022949
IMU,14307907,7.062500,5.187500,-0.875000,0.055176,0.074463,-1.024658
IMU,14311911,6.375000,5.375000,-0.062500,0.055908,0.075195,-1.017822
IMU,14316907,6.875000,5.437500,0.125000,0.054443,0.073242,-1.020996
IMU,14321910,6.812500,5.812500,-0.750000,0.054688,0.072266,-1.023926
IMU,14325909,6.750000,5.812500,-0.062500,0.054688,0.071289,-1.019531
IMU,14330910,7.375000,5.562500,0.687500,0.054443,0.071289,-1.014893
IMU,14334907,7.000000,5.375000,0.625000,0.054688,0.072021,-1.016602
IMU,14339911,6.625000,5.812500,0.812500,0.053955,0.073730,-1.018799
IMU,14343907,6.375000,6.187500,0.125000,0.053467,0.073486,-1.017090
IMU,14348910,6.750000,6.375000,0.062500,0.053467,0.073242,-1.018555
IMU,14352909,7.312500,6.250000,0.437500,0.052979,0.074951,-1.022217
IMU,14357910,6.625000,5.375000,0.812500,0.052246,0.076416,-1.017822
IMU,14362907,6.000000,6.062500,0.625000,0.051758,0.075928,-1.014404
IMU,14366911,5.500000,5.937500,-0.125000,0.051025,0.076660,-1.020020
IMU,14371907,5.812500,6.625000,-0.187500,0.049805,0.076172,-1.021484
IMU,14375910,6.062500,6.562500,0.125000,0.051025,0.074707,-1.019775
IMU,14380909,6.000000,6.500000,0.250000,0.051758,0.074463,-1.020020
IMU,14384910,6.187500,7.000000,0.250000,0.051514,0.074219,-1.020264
IMU,14389907,7.062500,5.812500,0.625000,0.050537,0.073730,-1.018555
IMU,14394911,6.000000,5.812500,0.625000,0.052490,0.073730,-1.017334
IMU,14398907,6.250000,6.312500,-0.687500,0.052734,0.073975,-1.019531
IMU,14403910,6.312500,6.375000,0.000000,0.053467,0.073975,-1.020752
IMU,14407909,5.937500,6.750000,0.062500,0.052979,0.074707,-1.019043
IMU,14412910,5.687500,6.312500,0.000000,0.054443,0.075439,-1.017578
IMU,14416907,6.562500,6.375000,0.250000,0.053467,0.075928,-1.013672
IMU,14421911,6.812500,5.812500,0.562500,0.053711,0.076172,-1.012451
IMU,14425907,6.125000,6.250000,1.250000,0.054688,0.076416,-1.018799
IMU,14430910,6.500000,6.062500,0.875000,0.057129,0.075684,-1.025635
IMU,14435909,7.062500,5.812500,-0.312500,0.056396,0.075195,-1.019531
IMU,14439910,7.062500,6.000000,0.062500,0.055908,0.076172,-1.017578
IMU,14444907,6.687500,5.625000,-0.312500,0.057129,0.075195,-1.022949
IMU,14448911,6.062500,5.562500,0.375000,0.057861,0.075195,-1.018555
IMU,14453907,6.187500,6.625000,0.875000,0.057861,0.075439,-1.015625
IMU,14457910,6.437500,6.187500,0.812500,0.059570,0.076172,-1.016846
IMU,14462909,6.562500,5.562500,1.062500,0.059326,0.075684,-1.015625
IMU,14467910,6.687500,6.000000,-0.125000,0.058594,0.076416,-1.014648
IMU,14471907,6.500000,6.000000,-0.500000,0.056396,0.076416,-1.018066
IMU,14476911,6.812500,5.812500,-0.125000,0.056152,0.075928,-1.018555
IMU,14480907,6.375000,5.937500,0.937500,0.056641,0.076660,-1.018555
IMU,14485910,7.312500,6.187500,0.750000,0.055664,0.078125,-1.020752
IMU,14489909,7.250000,5.687500,0.625000,0.054688,0.077637,-1.019775
IMU,14494910,7.187500,5.687500,0.312500,0.054932,0.078369,-1.014404
IMU,14499907,6.687500,5.312500,0.750000,0.053467,0.078125,-1.016846
IMU,14503911,6.062500,5.250000,0.125000,0.052979,0.077637,-1.018799
IMU,14508907,6.937500,5.562500,0.500000,0.052979,0.078613,-1.016357
IMU,14512910,6.937500,5.312500,1.062500,0.054443,0.077393,-1.022461
IMU,14517909,6.500000,5.250000,1.000000,0.054443,0.076416,-1.022217
IMU,14521910,7.375000,6.000000,0.375000,0.053467,0.076416,-1.017822
IMU,14526907,6.875000,6.187500,0.312500,0.053955,0.075439,-1.020020
IMU,14530911,6.125000,6.000000,-0.062500,0.053223,0.073975,-1.021973
IMU,14535907,6.062500,5.375000,0.687500,0.054688,0.073730,-1.016113
IMU,14540910,7.062500,5.500000,0.562500,0.054932,0.074707,-1.016113
IMU,14544909,7.375000,6.125000,0.812500,0.054443,0.074707,-1.015625
IMU,14549910,6.500000,5.937500,0.312500,0.054443,0.075928,-1.014160
IMU,14553907,6.750000,6.500000,-0.062500,0.053955,0.074219,-1.021240
IMU,14558911,6.250000,6.125000,0.187500,0.053467,0.074463,-1.021973
IMU,14562907,5.437500,5.812500,0.687500,0.053955,0.074707,-1.017822
IMU,14567910,6.500000,5.937500,0.125000,0.053955,0.073486,-1.017822
IMU,14572909,6.875000,6.250000,0.125000,0.054199,0.073486,-1.020264
IMU,14576910,6.187500,5.437500,0.250000,0.052734,0.072510,-1.018799
IMU,14581907,6.562500,5.500000,-0.062500,0.054199,0.072754,-1.018066
IMU,14585911,6.500000,6.375000,0.000000,0.052734,0.073486,-1.019775
IMU,14590907,6.250000,6.250000,0.437500,0.052490,0.074219,-1.018555
IMU,14594910,5.875000,6.062500,-0.062500,0.054199,0.073730,-1.019043
IMU,14599909,6.125000,5.875000,-0.062500,0.053711,0.074219,-1.020264
IMU,14603910,5.875000,6.250000,-0.062500,0.053955,0.073975,-1.021240
IMU,14608907,5.375000,6.500000,-0.375000,0.053711,0.073730,-1.019287
IMU,14613911,6.812500,6.812500,-0.687500,0.054932,0.073975,-1.016846
IMU,14617907,7.000000,6.250000,0.250000,0.054199,0.074951,-1.015381
IMU,14622910,6.875000,6.062500,0.312500,0.055176,0.075928,-1.015381
IMU,14626909,7.125000,6.000000,0.625000,0.054688,0.076904,-1.015625
IMU,14631910,6.812500,5.562500,0.062500,0.054443,0.078125,-1.017578
IMU,14635907,6.625000,6.000000,0.375000,0.053955,0.077881,-1.020264
IMU,14640911,6.187500,6.000000,-0.187500,0.054443,0.077637,-1.024414
IMU,14645907,5.750000,5.937500,0.000000,0.054443,0.076904,-1.020752
IMU,14649910,6.312500,5.312500,-0.812500,0.052979,0.076172,-1.016357
IMU,14654909,6.875000,5.750000,-0.437500,0.055664,0.074707,-1.018799
IMU,14658910,6.250000,6.062500,0.125000,0.056641,0.074707,-1.018555
IMU,14663907,6.062500,5.750000,-0.375000,0.055664,0.076172,-1.016602
IMU,14667911,6.125000,6.062500,-0.687500,0.055664,0.075439,-1.019287
IMU,14672907,6.000000,5.937500,-0.500000,0.054443,0.075684,-1.019775
IMU,14677910,6.000000,5.562500,-0.500000,0.054932,0.076904,-1.017334
IMU,14681909,6.062500,5.937500,0.000000,0.054443,0.075195,-1.018555
IMU,14686910,5.812500,5.000000,0.625000,0.053223,0.075928,-1.017822
IMU,14690907,5.937500,5.437500,0.000000,0.054443,0.076416,-1.015625
IMU,14695911,6.187500,6.062500,0.125000,0.054199,0.076904,-1.017090
IMU,14699907,6.187500,5.875000,0.250000,0.054688,0.076904,-1.016846
IMU,14704910,6.562500,5.812500,0.437500,0.054688,0.075684,-1.016357
IMU,14708909,6.562500,5.562500,0.750000,0.055664,0.076416,-1.017334
IMU,14713910,6.875000,6.312500,0.750000,0.055908,0.076172,-1.020508
IMU,14718907,7.687500,6.125000,0.687500,0.053955,0.074219,-1.020508
IMU,14722911,6.687500,5.875000,-0.375000,0.053467,0.074219,-1.020996
IMU,14727907,6.312500,5.437500,-0.250000,0.054688,0.074219,-1.019775
IMU,14731910,6.250000,6.062500,-0.187500,0.054443,0.073486,-1.018555
IMU,14736909,6.312500,6.000000,0.125000,0.053467,0.072510,-1.017822
IMU,14740910,6.875000,5.500000,0.812500,0.052979,0.073730,-1.019775
IMU,14745907,6.250000,5.875000,0.500000,0.052490,0.073730,-1.020752
IMU,14750911,5.750000,5.562500,0.500000,0.052734,0.074463,-1.018555
IMU,14754907,6.000000,5.875000,-0.437500,0.052246,0.075439,-1.017578
IMU,14759910,6.250000,5.562500,-0.187500,0.051758,0.075684,-1.019531
IMU,14763909,6.687500,6.000000,-0.062500,0.052734,0.074951,-1.020020
IMU,14768910,7.125000,6.000000,-0.375000,0.053467,0.075195,-1.020508
IMU,14772907,7.250000,5.625000,-0.812500,0.053955,0.073975,-1.018799
IMU,14777911,6.437500,6.187500,-0.250000,0.054443,0.072266,-1.018311
IMU,14781907,6.687500,5.750000,-0.375000,0.055664,0.072021,-1.019531
IMU,14786910,7.062500,5.875000,0.062500,0.055908,0.073242,-1.020020
IMU,14791909,6.250000,5.937500,-0.125000,0.055664,0.073486,-1.019043
IMU,14795910,5.937500,6.750000,0.062500,0.055908,0.072510,-1.019531
IMU,14800907,6.187500,6.375000,-0.500000,0.055664,0.074219,-1.018799
IMU,14804911,6.375000,6.437500,0.000000,0.055664,0.075439,-1.014893
IMU,14809907,7.187500,6.000000,0.437500,0.056152,0.075684,-1.018555
IMU,14813910,6.687500,6.125000,1.312500,0.057373,0.076172,-1.022217
IMU,14818909,6.125000,6.312500,0.812500,0.055176,0.078125,-1.018555
IMU,14823910,6.375000,6.062500,0.250000,0.054199,0.078125,-1.017334
IMU,14827907,5.500000,5.875000,0.187500,0.053955,0.078613,-1.018555
IMU,14832911,6.062500,5.875000,0.625000,0.054199,0.078613,-1.016846
IMU,14836907,6.000000,6.062500,0.750000,0.053955,0.078125,-1.016357
IMU,14841910,6.125000,6.125000,0.500000,0.057129,0.077881,-1.016113
IMU,14845909,6.000000,6.250000,0.437500,0.056396,0.077148,-1.015869
IMU,14850910,5.625000,6.187500,0.687500,0.055176,0.077881,-1.016113
IMU,14854907,5.687500,5.812500,0.687500,0.056396,0.077393,-1.018799
IMU,14859911,5.687500,6.125000,0.812500,0.057617,0.075684,-1.019287
IMU,14864907,5.937500,6.437500,1.000000,0.056152,0.074707,-1.019043
IMU,14868910,6.312500,6.062500,0.500000,0.054199,0.075439,-1.019531
IMU,14873909,6.312500,5.687500,0.562500,0.055420,0.077148,-1.018555
IMU,14877910,6.625000,5.625000,0.312500,0.056396,0.076904,-1.017334
IMU,14882907,6.937500,5.875000,0.312500,0.055908,0.076172,-1.016113
IMU,14886911,6.500000,5.750000,0.500000,0.055176,0.076172,-1.016846
IMU,14891907,6.687500,6.000000,0.562500,0.055176,0.077393,-1.015381
IMU,14896910,7.312500,6.312500,0.875000,0.054932,0.076416,-1.013916
IMU,14900909,6.937500,5.937500,0.687500,0.055908,0.074951,-1.018555
IMU,14905910,6.812500,5.000000,0.312500,0.056152,0.074951,-1.021973
IMU,14909907,6.937500,5.250000,-0.625000,0.053955,0.077148,-1.013916
IMU,14914911,6.750000,5.750000,-0.375000,0.054688,0.075195,-1.020752
IMU,14918907,6.062500,6.062500,-0.125000,0.054688,0.074463,-1.025879
IMU,14923910,6.500000,6.187500,-0.062500,0.055176,0.074951,-1.015869
IMU,14928909,6.187500,6.312500,0.250000,0.054932,0.073730,-1.015869
IMU,14932910,6.437500,6.062500,-0.125000,0.054443,0.072266,-1.022461
IMU,14937907,6.562500,5.812500,0.562500,0.054443,0.072754,-1.019531
IMU,14941911,7.125000,5.625000,0.312500,0.053711,0.074219,-1.015869
IMU,14946907,7.375000,5.875000,-0.062500,0.052490,0.074219,-1.014893
IMU,14950910,6.625000,6.062500,-0.375000,0.051514,0.073975,-1.016602
IMU,14955909,6.250000,5.625000,-0.062500,0.052490,0.073975,-1.022949
IMU,14959910,6.437500,5.687500,0.625000,0.052246,0.074219,-1.027344
IMU,14964907,6.500000,5.937500,1.250000,0.052002,0.075195,-1.019287
IMU,14969911,6.000000,6.250000,0.750000,0.052490,0.074707,-1.019043
IMU,14973907,6.062500,6.250000,0.125000,0.053955,0.073975,-1.020264
IMU,14978910,6.312500,5.750000,0.437500,0.053955,0.074707,-1.014404
IMU,14982909,6.437500,6.125000,0.437500,0.054443,0.073730,-1.014648
IMU,14987910,6.375000,6.375000,0.125000,0.052490,0.072021,-1.017334
IMU,14991907,6.125000,5.500000,0.687500,0.053955,0.073975,-1.014893
IMU,14996911,5.875000,5.375000,0.750000,0.054443,0.074951,-1.015381
IMU,15001907,5.750000,6.062500,0.125000,0.055176,0.073730,-1.019287
IMU,15005910,6.125000,6.312500,-0.250000,0.053955,0.073730,-1.020020
IMU,15010909,6.750000,6.312500,0.125000,0.052979,0.075928,-1.021240
IMU,15014910,7.062500,6.437500,0.062500,0.053711,0.075684,-1.025391
IMU,15019907,6.812500,6.000000,-0.625000,0.054199,0.074707,-1.020264
IMU,15023911,6.812500,6.312500,-0.125000,0.053955,0.075195,-1.013184
IMU,15028907,6.812500,5.750000,0.000000,0.052979,0.075195,-1.014893
IMU,15032910,6.687500,5.625000,0.062500,0.052734,0.075928,-1.016357
IMU,15037909,6.375000,5.937500,0.687500,0.053711,0.075928,-1.013184
IMU,15042910,5.812500,6.062500,0.062500,0.054443,0.077881,-1.013184
IMU,15046907,5.875000,6.125000,0.312500,0.054932,0.078125,-1.018555
IMU,15051911,6.750000,6.437500,0.000000,0.055908,0.076904,-1.022949
IMU,15055907,6.625000,6.375000,0.437500,0.056396,0.078125,-1.021484
IMU,15060910,6.937500,6.375000,0.937500,0.056152,0.078369,-1.019043
IMU,15064909,6.187500,6.500000,1.125000,0.057129,0.076660,-1.025146
IMU,15069910,6.187500,5.875000,-0.250000,0.058105,0.074219,-1.023193
IMU,15074907,6.750000,5.875000,0.062500,0.057861,0.073975,-1.013916
IMU,15078911,6.187500,6.687500,0.625000,0.056641,0.073975,-1.015137
IMU,15083907,5.500000,5.937500,0.812500,0.057129,0.073242,-1.020264
IMU,15087910,6.750000,6.125000,0.437500,0.057617,0.074463,-1.017090
IMU,15092909,7.125000,6.000000,0.187500,0.057617,0.074707,-1.017822
IMU,15096910,7.062500,6.562500,0.062500,0.057617,0.076172,-1.021240
IMU,15101907,6.562500,6.500000,-0.062500,0.056885,0.076172,-1.018555
IMU,15106911,6.687500,6.312500,0.562500,0.054443,0.075684,-1.016357
IMU,15110907,6.312500,5.812500,0.500000,0.052246,0.076660,-1.017334
IMU,15115910,6.250000,5.625000,0.875000,0.052002,0.077881,-1.019775
IMU,15119909,6.500000,5.875000,0.250000,0.051514,0.078125,-1.019531
IMU,15124910,7.375000,6.187500,-0.250000,0.051758,0.077881,-1.016602
IMU,15128907,6.250000,6.250000,-0.187500,0.052246,0.077148,-1.016602
IMU,15133911,6.187500,6.125000,-0.687500,0.052246,0.078369,-1.019531
IMU,15137907,6.250000,6.125000,0.125000,0.052490,0.076172,-1.018311
IMU,15142910,6.062500,6.500000,0.937500,0.052979,0.074463,-1.019531
IMU,15147909,6.687500,5.812500,0.812500,0.052246,0.074463,-1.020996
IMU,15151910,6.375000,5.937500,1.500000,0.054199,0.073975,-1.020264
IMU,15156907,6.312500,5.500000,0.125000,0.053955,0.074463,-1.018311
IMU,15160911,6.250000,5.750000,0.062500,0.053711,0.074463,-1.017090
IMU,15165907,6.750000,5.812500,0.375000,0.052979,0.073730,-1.018311
IMU,15169910,7.187500,6.312500,-0.250000,0.053711,0.074951,-1.018555
IMU,15174909,7.187500,5.312500,0.312500,0.053955,0.075195,-1.018311
IMU,15179910,6.562500,6.125000,-0.125000,0.053223,0.074707,-1.019287
IMU,15183907,6.000000,6.437500,-0.562500,0.054199,0.074463,-1.019775
IMU,15188911,6.000000,6.000000,-0.562500,0.053955,0.075439,-1.019287
IMU,15192907,6.250000,5.562500,-0.625000,0.054932,0.075195,-1.019775
IMU,15197910,6.250000,5.937500,-1.125000,0.055664,0.073486,-1.018799
IMU,15201909,5.687500,6.187500,-0.687500,0.055908,0.073730,-1.018555
IMU,15206910,6.250000,6.312500,-0.125000,0.057617,0.073486,-1.017822
IMU,15210907,6.562500,5.937500,-0.125000,0.058105,0.074219,-1.017090
IMU,15215911,6.437500,6.000000,-0.500000,0.056641,0.075684,-1.017822
IMU,15220907,6.500000,5.187500,0.125000,0.054688,0.074463,-1.018555
IMU,15224910,6.625000,5.625000,0.750000,0.055176,0.075928,-1.018799
IMU,15229909,5.500000,5.937500,0.062500,0.054932,0.075928,-1.019287
IMU,15233910,5.937500,6.062500,-0.687500,0.053467,0.076660,-1.018555
IMU,15238907,6.625000,5.937500,-0.500000,0.054199,0.076904,-1.018066
IMU,15242911,5.812500,5.687500,-0.062500,0.053467,0.078369,-1.017822
IMU,15247907,5.875000,5.500000,-0.062500,0.052246,0.078613,-1.017334
IMU,15252910,6.562500,5.687500,1.125000,0.053711,0.078613,-1.016846
IMU,15256909,7.000000,5.562500,1.625000,0.054932,0.079102,-1.018066
IMU,15261910,7.250000,6.062500,-0.062500,0.054443,0.077637,-1.017334
IMU,15265907,7.125000,6.375000,-0.437500,0.054199,0.076416,-1.018311
IMU,15270911,6.375000,6.250000,-0.250000,0.055908,0.075439,-1.019531
IMU,15274907,6.437500,5.625000,0.125000,0.055908,0.074707,-1.019775
IMU,15279910,7.187500,6.125000,-0.312500,0.055664,0.073486,-1.019531
IMU,15283909,7.062500,5.812500,-0.437500,0.055908,0.073486,-1.020020
IMU,15288910,6.500000,6.125000,-0.062500,0.056152,0.072266,-1.019287
IMU,15293907,6.437500,6.437500,0.750000,0.055908,0.071777,-1.017822
IMU,15297911,6.625000,6.687500,0.437500,0.055420,0.073486,-1.017822
IMU,15302907,7.062500,6.000000,0.437500,0.054932,0.073975,-1.020020
IMU,15306910,7.312500,6.937500,0.500000,0.055176,0.074707,-1.020020
IMU,15311909,6.812500,6.437500,0.062500,0.054443,0.074463,-1.020508
IMU,15315910,6.937500,6.000000,0.750000,0.054199,0.074951,-1.019043
IMU,15320907,7.250000,5.937500,0.812500,0.052246,0.076904,-1.018311
IMU,15325911,7.375000,6.687500,0.875000,0.053711,0.075684,-1.015381
IMU,15329907,6.437500,6.000000,-0.312500,0.054199,0.075195,-1.017090
IMU,15334910,6.750000,5.750000,-0.312500,0.052734,0.076904,-1.016602
IMU,15338909,7.125000,5.750000,0.437500,0.053467,0.076416,-1.021240
IMU,15343910,6.500000,6.000000,0.125000,0.054199,0.076904,-1.021240
IMU,15347907,6.875000,5.937500,0.812500,0.053467,0.078369,-1.018311
IMU,15352911,7.062500,5.750000,0.750000,0.054932,0.076904,-1.020508
IMU,15357907,6.625000,6.500000,0.500000,0.054932,0.074707,-1.019775
IMU,15361910,5.937500,6.187500,0.250000,0.053955,0.073975,-1.017334
IMU,15366909,6.125000,5.687500,-0.375000,0.054688,0.074463,-1.016602
IMU,15370910,7.062500,5.750000,-0.375000,0.055176,0.073242,-1.016602
IMU,15375907,6.812500,6.000000,0.375000,0.056641,0.075439,-1.016113
IMU,15379911,6.437500,6.250000,1.750000,0.056152,0.075439,-1.017090
IMU,15384907,6.062500,6.000000,1.125000,0.055908,0.074707,-1.019043
IMU,15388910,5.875000,5.937500,0.500000,0.055176,0.075439,-1.017822
IMU,15393909,5.687500,6.187500,-0.375000,0.053955,0.077637,-1.014893
IMU,15398910,6.375000,6.375000,0.687500,0.055664,0.077393,-1.024170
IMU,15402907,6.437500,6.250000,1.187500,0.054932,0.077393,-1.021484
IMU,15407911,5.937500,6.687500,0.125000,0.055664,0.076416,-1.015381
IMU,15411907,5.750000,7.562500,0.937500,0.054932,0.075439,-1.018066
IMU,15416910,6.437500,6.812500,0.875000,0.055908,0.075195,-1.019775
IMU,15420909,6.500000,6.312500,0.250000,0.055420,0.076660,-1.016357
IMU,15425910,7.375000,5.687500,0.000000,0.054932,0.076660,-1.017334
IMU,15430907,7.437500,5.750000,0.250000,0.055664,0.076660,-1.018799
CFG,gyro_range_dps=2048,accel_range_g=8,odr_hz=250
IMU,15434911,6.937500,5.875000,1.375000,0.056152,0.077148,-1.015869
IMU,15439907,6.625000,6.750000,0.000000,0.055176,0.077393,-1.019775
IMU,15443910,6.000000,7.000000,0.250000,0.054199,0.077148,-1.024170
IMU,15448909,5.750000,6.000000,0.125000,0.054688,0.076904,-1.016602
IMU,15452910,5.750000,5.500000,-0.312500,0.055420,0.076904,-1.016602
IMU,15457907,6.000000,5.437500,0.750000,0.054688,0.076904,-1.020752
IMU,15461911,6.687500,5.812500,0.875000,0.055664,0.075928,-1.021484
IMU,15466907,7.125000,5.687500,0.250000,0.056152,0.076416,-1.017822
IMU,15471910,6.500000,5.562500,-0.375000,0.055420,0.075684,-1.016846
IMU,15475909,6.750000,5.562500,0.312500,0.053955,0.075439,-1.016602
IMU,15480910,6.000000,5.437500,-0.250000,0.054199,0.075439,-1.015381
IMU,15484907,6.750000,5.312500,-0.062500,0.055664,0.074951,-1.018555
IMU,15489911,7.125000,5.062500,1.000000,0.056396,0.074951,-1.022705
IMU,15493907,6.250000,5.500000,0.687500,0.055420,0.075928,-1.015869
IMU,15498910,6.750000,5.562500,0.562500,0.054688,0.074707,-1.020996
IMU,15503909,6.812500,6.312500,1.312500,0.054199,0.074219,-1.024658
IMU,15507910,6.937500,6.250000,-0.125000,0.054688,0.074707,-1.015137
IMU,15512907,6.750000,6.062500,1.062500,0.053467,0.074219,-1.014648
IMU,15516911,6.500000,5.937500,0.812500,0.054199,0.073730,-1.024414
IMU,15521907,6.250000,5.687500,0.687500,0.055420,0.074219,-1.018555
IMU,15525910,6.187500,6.187500,0.250000,0.054932,0.075439,-1.014648
IMU,15530909,6.875000,5.875000,-0.375000,0.053711,0.074951,-1.019043
IMU,15534910,6.437500,6.062500,0.250000,0.052490,0.073975,-1.019287
IMU,15539907,6.187500,5.750000,-0.375000,0.052979,0.075195,-1.017090
IMU,15544911,6.000000,5.562500,0.500000,0.052002,0.076172,-1.018799
IMU,15548907,6.812500,5.812500,0.375000,0.053955,0.077637,-1.019043
IMU,15553910,7.125000,6.187500,0.125000,0.055420,0.077393,-1.018066
IMU,15557909,6.500000,5.125000,0.000000,0.055176,0.076660,-1.019775
IMU,15562910,6.562500,4.625000,0.375000,0.053955,0.075195,-1.023193
IMU,15566907,7.062500,6.125000,0.000000,0.054199,0.075684,-1.019531
IMU,15571911,7.312500,6.000000,-0.312500,0.054443,0.074951,-1.017822
IMU,15576907,6.875000,6.062500,-0.687500,0.054688,0.074219,-1.020752
IMU,15580910,6.500000,5.500000,0.062500,0.055176,0.073975,-1.020264
IMU,15585909,6.500000,5.812500,1.562500,0.056152,0.073730,-1.017334
IMU,15589910,6.375000,6.312500,0.500000,0.057129,0.073975,-1.018066
IMU,15594907,6.125000,6.500000,-0.437500,0.055908,0.075439,-1.018799
IMU,15598911,6.312500,6.875000,-0.062500,0.054199,0.074463,-1.022949
IMU,15603907,6.250000,6.500000,0.375000,0.053467,0.074707,-1.023926
IMU,15608910,6.625000,5.937500,0.312500,0.053223,0.076172,-1.015381
IMU,15612909,6.187500,6.000000,-0.250000,0.052734,0.076172,-1.013428
IMU,15617910,6.125000,6.562500,0.437500,0.052246,0.075195,-1.018311
IMU,15621907,6.250000,5.750000,0.875000,0.053711,0.077148,-1.017090
IMU,15626911,6.312500,6.062500,-0.312500,0.053711,0.077881,-1.014648
IMU,15630907,7.125000,6.312500,-0.562500,0.054688,0.077148,-1.018799
IMU,15635910,7.250000,6.187500,-1.000000,0.055664,0.077881,-1.017822
IMU,15639909,6.750000,5.750000,-0.125000,0.054443,0.076660,-1.017090
IMU,15644910,6.500000,5.937500,-0.187500,0.054688,0.076172,-1.017822
IMU,15649907,6.312500,6.062500,-0.125000,0.056152,0.075195,-1.018555
IMU,15653911,6.125000,5.437500,0.375000,0.056152,0.074707,-1.019043
IMU,15658907,6.312500,6.062500,1.250000,0.055908,0.073975,-1.019775
IMU,15662910,6.437500,6.250000,0.937500,0.056396,0.074219,-1.020020
IMU,15667909,6.125000,5.750000,0.187500,0.056152,0.074219,-1.016846
IMU,15671910,6.312500,6.000000,0.562500,0.056885,0.074951,-1.014893
IMU,15676907,6.250000,6.875000,1.500000,0.057861,0.074951,-1.020996
IMU,15681911,6.937500,6.687500,0.687500,0.056641,0.076904,-1.024658
IMU,15685907,6.562500,6.125000,0.375000,0.055176,0.076660,-1.020752
IMU,15690910,5.812500,6.125000,0.000000,0.055664,0.076660,-1.018799
IMU,15694909,5.750000,6.000000,-0.375000,0.055664,0.077393,-1.021484
IMU,15699910,5.937500,6.125000,0.500000,0.055420,0.078613,-1.014893
IMU,15703907,6.312500,5.750000,0.875000,0.055176,0.078125,-1.014404
IMU,15708911,6.250000,6.625000,0.437500,0.055176,0.076904,-1.020508
IMU,15712907,6.187500,6.812500,1.500000,0.055908,0.075928,-1.015869
IMU,15717910,6.125000,6.875000,0.187500,0.054688,0.076660,-1.015625
IMU,15722909,7.437500,6.937500,-0.875000,0.054688,0.075684,-1.019531
IMU,15726910,7.187500,6.625000,-0.562500,0.054199,0.076660,-1.016113
IMU,15731907,6.625000,5.375000,-0.500000,0.053955,0.076904,-1.016113
IMU,15735911,6.750000,5.812500,0.000000,0.055176,0.074951,-1.025391
IMU,15740907,6.812500,5.812500,-0.187500,0.055664,0.075684,-1.023438
IMU,15744910,6.687500,6.000000,0.125000,0.054932,0.076416,-1.012451
IMU,15749909,6.500000,5.937500,0.187500,0.055420,0.074951,-1.017822
IMU,15754910,6.125000,5.750000,0.625000,0.056152,0.074219,-1.024658
IMU,15758907,6.812500,5.812500,0.437500,0.054443,0.074219,-1.018799
IMU,15763911,6.250000,6.062500,0.687500,0.054932,0.073975,-1.017090
IMU,15767907,6.437500,6.250000,0.750000,0.053955,0.072998,-1.017578
IMU,15772910,6.625000,5.625000,0.312500,0.053467,0.073486,-1.015625
IMU,15776909,6.750000,5.750000,0.437500,0.052490,0.073242,-1.017334
IMU,15781910,7.750000,5.562500,-0.250000,0.052979,0.073486,-1.018555
IMU,15786907,7.250000,6.562500,-0.625000,0.053711,0.074707,-1.016602
IMU,15790911,6.875000,6.125000,-1.375000,0.053955,0.075195,-1.017578
IMU,15795907,6.375000,6.125000,-1.000000,0.053711,0.075684,-1.020996
IMU,15799910,6.562500,6.062500,0.062500,0.053467,0.075928,-1.023926
IMU,15804909,6.750000,6.625000,-0.062500,0.052734,0.074463,-1.023438
IMU,15808910,6.187500,6.500000,1.250000,0.052979,0.074219,-1.019043
IMU,15813907,6.750000,5.937500,1.375000,0.051514,0.075195,-1.012207
IMU,15817911,7.125000,6.687500,0.750000,0.053955,0.074707,-1.018799
IMU,15822907,7.187500,6.875000,0.875000,0.054932,0.074219,-1.022461
IMU,15827910,7.375000,6.687500,-0.062500,0.055176,0.074951,-1.014160
IMU,15831909,7.187500,5.812500,-0.937500,0.054443,0.074707,-1.015869
IMU,15836910,7.000000,5.500000,-0.500000,0.055176,0.074219,-1.022705
IMU,15840907,6.562500,6.187500,-0.562500,0.055176,0.075195,-1.019775
IMU,15845911,6.062500,6.687500,0.750000,0.054688,0.077637,-1.015869
IMU,15849907,6.500000,6.125000,0.687500,0.054199,0.077393,-1.020508
IMU,15854910,6.437500,5.937500,0.687500,0.055176,0.076660,-1.024658
IMU,15859909,6.437500,5.437500,0.750000,0.057861,0.076660,-1.017334
IMU,15863910,6.687500,5.937500,-0.312500,0.057861,0.074951,-1.012451
IMU,15868907,6.937500,6.125000,-0.875000,0.057861,0.075439,-1.016846
IMU,15872911,7.625000,5.625000,0.687500,0.059082,0.074707,-1.019043
IMU,15877907,7.437500,5.750000,0.687500,0.057617,0.074707,-1.018066
IMU,15881910,6.937500,6.312500,0.562500,0.057373,0.075439,-1.021729
IMU,15886909,6.562500,6.000000,0.562500,0.057617,0.073730,-1.021729
IMU,15890910,6.125000,6.312500,-0.187500,0.056885,0.075195,-1.017822
IMU,15895907,6.062500,6.687500,-1.062500,0.056396,0.075684,-1.017822
IMU,15900911,6.187500,6.437500,0.062500,0.055176,0.077393,-1.018555
IMU,15904907,6.687500,6.062500,1.250000,0.054932,0.079346,-1.016357
IMU,15909910,6.062500,5.750000,1.500000,0.054932,0.079590,-1.017090
IMU,15913909,6.312500,6.125000,0.937500,0.054443,0.077881,-1.016602
IMU,15918910,6.187500,6.625000,0.875000,0.053955,0.077148,-1.015381
IMU,15922907,6.187500,6.750000,0.062500,0.054443,0.077881,-1.016846
IMU,15927911,6.062500,5.937500,0.375000,0.053955,0.077637,-1.019287
IMU,15932907,6.125000,5.812500,0.375000,0.052734,0.076660,-1.016602
IMU,15936910,6.375000,6.000000,0.625000,0.053955,0.076416,-1.018066
IMU,15941909,6.687500,5.687500,0.562500,0.055176,0.073242,-1.020264
IMU,15945910,6.562500,5.250000,0.250000,0.055664,0.071289,-1.017578
IMU,15950907,7.000000,5.562500,0.000000,0.055908,0.072021,-1.017090
IMU,15954911,6.750000,5.312500,0.625000,0.056641,0.072510,-1.019287
IMU,15959907,6.000000,5.000000,0.687500,0.056885,0.072266,-1.020996
IMU,15963910,6.812500,5.312500,0.125000,0.054199,0.073486,-1.020752
IMU,15968909,6.500000,5.500000,0.750000,0.053955,0.072754,-1.019043
IMU,15973910,6.625000,6.062500,1.312500,0.055664,0.073486,-1.019043
IMU,15977907,5.562500,6.812500,-0.250000,0.055420,0.075195,-1.019043
IMU,15982911,6.562500,5.812500,-0.437500,0.053955,0.076172,-1.018799
IMU,15986907,6.875000,6.000000,0.562500,0.053467,0.076172,-1.019043
IMU,15991910,6.437500,5.875000,0.187500,0.052734,0.075684,-1.018066
IMU,15995909,5.687500,6.062500,0.500000,0.051514,0.076416,-1.019043
IMU,16000910,5.625000,6.125000,0.500000,0.051758,0.075928,-1.018555
IMU,16005907,6.250000,6.187500,-0.062500,0.051025,0.076660,-1.014893
IMU,16009911,7.000000,5.937500,0.250000,0.052979,0.076660,-1.015869
IMU,16014907,6.875000,5.875000,0.000000,0.052979,0.074463,-1.019531
IMU,16018910,6.875000,5.875000,0.812500,0.053955,0.073486,-1.019043
IMU,16023909,7.000000,5.812500,0.875000,0.053955,0.074707,-1.017822
IMU,16027910,7.000000,6.125000,1.000000,0.052490,0.072998,-1.019043
IMU,16032907,6.687500,6.375000,0.062500,0.052979,0.074219,-1.020508
IMU,16037911,6.687500,6.125000,-0.125000,0.053467,0.074463,-1.017822
IMU,16041907,6.375000,6.312500,-0.125000,0.054443,0.074219,-1.016846
IMU,16046910,7.125000,6.187500,0.125000,0.055420,0.073975,-1.020264
IMU,16050909,6.500000,6.375000,0.312500,0.054199,0.072998,-1.021973
IMU,16055910,6.312500,6.437500,0.500000,0.053955,0.075439,-1.018066
IMU,16059907,6.500000,6.187500,0.562500,0.053955,0.076660,-1.016357
IMU,16064911,6.250000,5.875000,0.125000,0.055176,0.075928,-1.017334
IMU,16068907,6.750000,6.375000,-0.062500,0.054688,0.075195,-1.016602
IMU,16073910,6.937500,6.375000,0.187500,0.054932,0.076904,-1.015137
IMU,16078909,7.312500,6.062500,0.500000,0.055176,0.077637,-1.014404
IMU,16082910,6.875000,6.250000,0.937500,0.055664,0.077148,-1.017090
IMU,16087907,7.125000,5.937500,0.437500,0.054688,0.077393,-1.017090
IMU,16091911,7.312500,6.000000,0.375000,0.054199,0.076416,-1.018555
IMU,16096907,7.062500,6.062500,-0.187500,0.055176,0.075439,-1.021240
IMU,16100910,6.312500,6.375000,-0.875000,0.055664,0.075439,-1.022461
IMU,16105909,6.000000,6.437500,-0.125000,0.055908,0.075195,-1.022705
IMU,16110910,6.500000,6.312500,0.312500,0.056152,0.074707,-1.021484
IMU,16114907,6.312500,5.812500,-0.062500,0.054932,0.075195,-1.019775
IMU,16119911,6.125000,5.812500,0.687500,0.054688,0.076172,-1.016113
IMU,16123907,6.625000,6.437500,1.125000,0.055176,0.076172,-1.014648
IMU,16128910,6.687500,5.875000,0.875000,0.054199,0.075928,-1.013428
IMU,16132909,6.812500,5.750000,0.750000,0.054443,0.075439,-1.013184
IMU,16137910,6.937500,6.062500,0.750000,0.054443,0.076904,-1.014648
IMU,16141907,7.125000,6.187500,0.812500,0.054688,0.076416,-1.018066
IMU,16146911,7.062500,6.125000,0.062500,0.054443,0.077637,-1.021484
IMU,16151907,6.312500,6.187500,0.312500,0.055176,0.076904,-1.022949
IMU,16155910,6.562500,6.062500,-0.062500,0.055176,0.077148,-1.023926
IMU,16160909,6.437500,5.687500,-0.187500,0.053711,0.076416,-1.021729
IMU,16164910,6.562500,6.062500,-0.125000,0.055176,0.074219,-1.017578
IMU,16169907,6.437500,6.750000,0.187500,0.056152,0.072998,-1.016357
IMU,16173911,6.562500,5.937500,0.812500,0.054932,0.072510,-1.014648
IMU,16178907,6.625000,5.500000,0.312500,0.055420,0.073242,-1.011230
IMU,16183910,7.062500,6.875000,1.000000,0.055420,0.072998,-1.018311
IMU,16187909,7.250000,6.125000,0.687500,0.054443,0.072266,-1.031250
IMU,16192910,5.875000,5.875000,0.187500,0.054443,0.074219,-1.029053
IMU,16196907,6.187500,5.250000,0.562500,0.053711,0.074951,-1.018311
IMU,16201911,6.250000,5.125000,0.500000,0.055176,0.073975,-1.017822
IMU,16205907,7.000000,5.875000,0.437500,0.055664,0.073486,-1.017822
IMU,16210910,6.875000,6.312500,0.250000,0.055176,0.074707,-1.009521
IMU,16215909,6.062500,5.750000,0.000000,0.055176,0.075195,-1.010498
IMU,16219910,6.500000,5.937500,-0.375000,0.055420,0.076172,-1.016846
IMU,16224907,6.500000,5.687500,0.250000,0.054199,0.076904,-1.018066
IMU,16228911,6.312500,6.062500,0.500000,0.053955,0.077393,-1.020996
IMU,16233907,6.875000,6.750000,0.687500,0.053955,0.078369,-1.023682
IMU,16237910,6.937500,6.562500,1.312500,0.052734,0.078369,-1.021729
IMU,16242909,6.625000,6.250000,0.312500,0.053955,0.077881,-1.018066
IMU,16246910,7.125000,5.812500,0.062500,0.054443,0.076172,-1.019043
IMU,16251907,7.187500,5.437500,0.562500,0.052979,0.075195,-1.019287
IMU,16256911,7.062500,5.687500,0.375000,0.052490,0.074707,-1.016602
IMU,16260907,6.937500,6.500000,-0.125000,0.053467,0.073730,-1.017822
IMU,16265910,6.375000,6.000000,0.250000,0.054443,0.074219,-1.018555
IMU,16269909,6.062500,6.562500,0.562500,0.055664,0.074951,-1.017334
IMU,16274910,6.125000,6.000000,-0.062500,0.055664,0.074951,-1.015381
IMU,16278907,6.500000,5.937500,-0.625000,0.054443,0.075684,-1.015137
IMU,16283911,7.187500,6.125000,-0.125000,0.054199,0.076172,-1.014648
IMU,16288907,7.375000,6.750000,0.562500,0.054932,0.076660,-1.018555
IMU,16292910,7.625000,6.312500,0.875000,0.054932,0.076416,-1.020996
IMU,16297909,6.937500,5.750000,0.125000,0.053223,0.075195,-1.022949
IMU,16301910,6.375000,5.937500,0.000000,0.054443,0.075195,-1.024902
IMU,16306907,6.000000,5.812500,0.125000,0.055176,0.075684,-1.023682
IMU,16310911,6.125000,6.500000,0.562500,0.054443,0.074707,-1.020508
IMU,16315907,6.000000,6.375000,-0.125000,0.053467,0.072998,-1.015381
IMU,16319910,6.312500,5.750000,0.312500,0.054688,0.072021,-1.013672
IMU,16324909,6.812500,5.812500,0.750000,0.052734,0.072510,-1.013916
IMU,16329910,6.500000,6.125000,0.125000,0.053711,0.072754,-1.011963
IMU,16333907,6.750000,6.187500,0.062500,0.053711,0.074707,-1.017822
IMU,16338911,5.812500,5.750000,-0.312500,0.054199,0.074219,-1.030762
IMU,16342907,5.437500,5.812500,0.375000,0.054199,0.075439,-1.029785
IMU,16347910,5.625000,6.187500,0.250000,0.053955,0.077637,-1.017822
IMU,16351909,6.187500,5.687500,-0.812500,0.055176,0.076416,-1.018311
IMU,16356910,5.875000,5.375000,0.187500,0.054688,0.075439,-1.018311
IMU,16361907,6.125000,6.062500,0.625000,0.054443,0.076172,-1.010498
IMU,16365911,6.250000,7.125000,-0.312500,0.054443,0.077637,-1.009521
IMU,16370907,6.062500,7.312500,0.250000,0.053467,0.077148,-1.014893
IMU,16374910,6.375000,5.687500,0.062500,0.054443,0.078613,-1.015869
IMU,16379909,6.000000,6.437500,-0.062500,0.055176,0.078369,-1.019775
IMU,16383910,6.000000,6.375000,-0.375000,0.055664,0.078857,-1.025635
IMU,16388907,6.187500,6.250000,-0.187500,0.055664,0.078125,-1.023438
IMU,16392911,5.937500,6.187500,0.125000,0.056152,0.076904,-1.020996
IMU,16397907,6.125000,6.312500,0.062500,0.055664,0.075439,-1.016113
IMU,16402910,7.125000,6.250000,-0.250000,0.054932,0.075928,-1.011475
IMU,16406909,7.312500,5.875000,-0.062500,0.055908,0.074219,-1.019775
IMU,16411910,7.187500,5.375000,0.875000,0.055664,0.074219,-1.020020
IMU,16415907,6.750000,5.875000,0.750000,0.054932,0.075195,-1.016357
IMU,16420911,5.750000,5.500000,0.187500,0.055176,0.075684,-1.022461
IMU,16424907,6.062500,5.187500,0.875000,0.056152,0.074951,-1.022217
IMU,16429910,5.937500,5.437500,0.500000,0.054932,0.075684,-1.015381
IMU,16434909,6.250000,5.562500,0.125000,0.053223,0.075684,-1.016602
IMU,16438910,5.687500,5.375000,0.500000,0.053467,0.075684,-1.020508
IMU,16443907,5.250000,6.187500,0.500000,0.053711,0.076172,-1.016113
IMU,16447911,6.250000,5.875000,0.687500,0.053711,0.076172,-1.013672
IMU,16452907,6.437500,5.500000,0.750000,0.053955,0.074951,-1.016846
IMU,16456910,6.562500,6.250000,0.687500,0.052734,0.073975,-1.020996
IMU,16461909,6.562500,6.562500,0.000000,0.053955,0.074219,-1.020020
IMU,16466910,6.500000,6.437500,0.437500,0.052002,0.074463,-1.016846
IMU,16470907,6.937500,6.187500,-0.125000,0.052490,0.074219,-1.022461
IMU,16475911,5.812500,5.750000,-0.687500,0.053711,0.073242,-1.025879
IMU,16479907,5.437500,6.625000,-1.000000,0.052734,0.073242,-1.019043
IMU,16484910,6.062500,6.000000,0.437500,0.052979,0.073730,-1.015381
IMU,16488909,6.375000,5.937500,1.062500,0.052246,0.074463,-1.016846
IMU,16493910,6.375000,5.875000,-0.125000,0.052490,0.074463,-1.015625
IMU,16497907,5.625000,5.000000,-0.812500,0.052246,0.074951,-1.016113
IMU,16502911,5.812500,6.125000,-0.875000,0.052246,0.075684,-1.019043
IMU,16507907,6.812500,6.750000,0.437500,0.052734,0.076904,-1.017578
IMU,16511910,6.500000,6.000000,0.437500,0.053467,0.076416,-1.018311
IMU,16516909,7.250000,5.500000,-1.000000,0.053955,0.076904,-1.019775
IMU,16520910,7.125000,5.500000,-0.875000,0.053223,0.077148,-1.020020
IMU,16525907,6.500000,5.500000,0.562500,0.055664,0.074951,-1.020996
IMU,16529911,6.312500,5.875000,1.125000,0.056396,0.075684,-1.017334
IMU,16534907,6.375000,6.125000,1.000000,0.054932,0.075928,-1.016113
IMU,16539910,6.250000,5.812500,0.187500,0.055908,0.073730,-1.020020
IMU,16543909,6.375000,5.937500,-0.375000,0.056152,0.074219,-1.018799
IMU,16548910,5.812500,6.125000,-1.250000,0.056885,0.075439,-1.018555
IMU,16552907,5.250000,6.312500,-0.312500,0.056396,0.075684,-1.020508
IMU,16557911,5.812500,6.250000,-0.062500,0.056152,0.075684,-1.019775
IMU,16561907,6.187500,6.375000,-0.500000,0.055420,0.077148,-1.017578
IMU,16566910,7.000000,5.562500,0.187500,0.055420,0.077393,-1.018799
IMU,16570909,6.312500,6.000000,-0.125000,0.054932,0.076904,-1.019287
IMU,16575910,6.250000,6.437500,1.437500,0.055420,0.079102,-1.016357
IMU,16580907,6.875000,5.750000,0.812500,0.055176,0.080078,-1.016113
IMU,16584911,6.437500,6.000000,-0.375000,0.055176,0.077637,-1.017090
IMU,16589907,6.000000,6.062500,-0.812500,0.055176,0.075195,-1.016602
IMU,16593910,6.750000,5.812500,-0.312500,0.055176,0.076660,-1.019775
IMU,16598909,6.875000,5.500000,0.937500,0.053223,0.077148,-1.017578
IMU,16602910,6.875000,6.062500,-0.250000,0.054688,0.077148,-1.014893
IMU,16607907,6.500000,5.687500,-0.125000,0.055176,0.076904,-1.018066
IMU,16612911,7.000000,5.312500,-0.437500,0.054688,0.075928,-1.020508
IMU,16616907,7.062500,5.812500,-0.312500,0.055664,0.075684,-1.014648
IMU,16621910,7.187500,6.375000,-0.062500,0.054932,0.075684,-1.018066
IMU,16625909,6.375000,6.312500,0.250000,0.053223,0.074707,-1.025146
IMU,16630910,5.625000,5.812500,0.937500,0.054443,0.074219,-1.020020
IMU,16634907,5.312500,6.562500,1.250000,0.053711,0.074707,-1.019043
IMU,16639911,5.750000,6.375000,0.875000,0.052979,0.075195,-1.020508
IMU,16644907,5.812500,6.000000,-0.125000,0.053711,0.073242,-1.020020
IMU,16648910,6.500000,6.062500,-0.687500,0.052734,0.072998,-1.018066
IMU,16653909,5.812500,5.125000,-0.750000,0.053223,0.072998,-1.014648
IMU,16657910,6.062500,5.250000,-0.250000,0.053467,0.072754,-1.015625
IMU,16662907,5.875000,5.437500,-0.187500,0.052979,0.073242,-1.018311
IMU,16666911,5.750000,6.812500,0.250000,0.052979,0.073975,-1.020508
IMU,16671907,6.125000,6.375000,0.500000,0.052490,0.074707,-1.019043
IMU,16675910,5.875000,5.812500,0.625000,0.052734,0.073975,-1.017334
IMU,16680909,6.437500,5.562500,0.562500,0.051758,0.073486,-1.016113
IMU,16685910,6.625000,5.875000,-0.812500,0.052734,0.073975,-1.018799
IMU,16689907,6.312500,5.812500,-0.312500,0.052734,0.075439,-1.017822
IMU,16694911,7.125000,6.125000,-0.500000,0.052734,0.075195,-1.016357
IMU,16698907,7.312500,5.875000,0.000000,0.052734,0.075195,-1.016846
IMU,16703910,6.687500,5.625000,0.750000,0.053223,0.074707,-1.019043
IMU,16707909,6.875000,6.000000,0.562500,0.054688,0.074707,-1.019287
IMU,16712910,7.250000,6.062500,0.625000,0.055420,0.074463,-1.021240
IMU,16717907,7.000000,6.187500,-0.250000,0.056885,0.073975,-1.023682
IMU,16721911,6.000000,6.375000,0.125000,0.057373,0.074951,-1.022949
IMU,16726907,6.125000,6.625000,1.125000,0.057129,0.075439,-1.021240
IMU,16730910,6.250000,6.437500,0.125000,0.056885,0.074951,-1.017334
IMU,16735909,5.937500,5.750000,0.812500,0.055420,0.076660,-1.011719
IMU,16739910,5.875000,5.562500,0.375000,0.056641,0.079102,-1.014648
IMU,16744907,6.562500,5.375000,0.562500,0.058105,0.079102,-1.026367
IMU,16748911,6.187500,6.312500,0.875000,0.057129,0.078125,-1.023193
IMU,16753907,6.312500,5.937500,1.312500,0.056885,0.078369,-1.006836
IMU,16758910,6.750000,6.187500,0.375000,0.055664,0.079102,-1.020020
IMU,16762909,6.250000,6.562500,-0.062500,0.056641,0.076660,-1.030273
IMU,16767910,6.437500,6.375000,0.562500,0.055176,0.078125,-1.013184
IMU,16771907,6.250000,6.312500,0.437500,0.056152,0.079346,-1.012207
IMU,16776911,6.625000,5.937500,1.250000,0.057617,0.078369,-1.019775
IMU,16780907,6.812500,5.812500,-0.125000,0.057617,0.078613,-1.016357
IMU,16785910,6.687500,6.875000,0.687500,0.056641,0.080811,-1.012207
IMU,16790909,6.562500,6.312500,1.250000,0.055908,0.078857,-1.019531
IMU,16794910,6.062500,5.875000,1.000000,0.056396,0.078857,-1.021729
IMU,16799907,6.312500,5.812500,0.125000,0.054688,0.076904,-1.020752
IMU,16803911,6.250000,5.750000,-0.187500,0.054443,0.075195,-1.021240
IMU,16808907,6.500000,5.312500,0.875000,0.054199,0.073975,-1.018311
IMU,16812910,7.125000,5.250000,0.875000,0.054688,0.072998,-1.016357
IMU,16817909,5.937500,5.750000,0.687500,0.052002,0.074463,-1.017334
IMU,16821910,6.312500,5.625000,0.062500,0.052246,0.073486,-1.019775
IMU,16826907,5.875000,5.875000,0.062500,0.053223,0.072998,-1.025391
IMU,16831911,6.687500,5.937500,-0.125000,0.053711,0.073975,-1.020264
IMU,16835907,7.187500,6.000000,0.562500,0.052002,0.075439,-1.018311
IMU,16840910,7.312500,6.875000,0.875000,0.052734,0.074707,-1.023926
IMU,16844909,7.562500,6.562500,0.500000,0.051514,0.074219,-1.020996
IMU,16849910,6.687500,6.312500,0.375000,0.050781,0.074219,-1.016357
IMU,16853907,6.750000,6.000000,-0.250000,0.051025,0.071533,-1.015869
IMU,16858911,5.937500,6.000000,-0.625000,0.051514,0.070068,-1.013428
IMU,16863907,5.375000,5.687500,0.437500,0.052979,0.071045,-1.013916
IMU,16867910,6.187500,6.437500,0.250000,0.054199,0.071777,-1.017334
IMU,16872909,6.437500,5.750000,1.062500,0.055420,0.073730,-1.022949
IMU,16876910,6.437500,5.125000,1.000000,0.054688,0.075684,-1.022949
IMU,16881907,5.937500,6.000000,-0.625000,0.054932,0.076416,-1.020020
IMU,16885911,5.812500,6.437500,-0.750000,0.054688,0.075439,-1.020996
IMU,16890907,5.750000,5.812500,-0.250000,0.054688,0.074463,-1.019043
IMU,16895910,6.125000,6.125000,0.062500,0.053955,0.074463,-1.013916
IMU,16899909,5.312500,6.000000,0.625000,0.054199,0.073730,-1.015381
IMU,16904910,5.812500,5.937500,0.750000,0.052979,0.073242,-1.017334
IMU,16908907,6.062500,6.375000,0.875000,0.054443,0.073730,-1.014893
IMU,16913911,6.437500,6.125000,0.375000,0.053223,0.075928,-1.016602
IMU,16917907,6.875000,5.500000,-0.125000,0.054688,0.076904,-1.020752
IMU,16922910,6.812500,5.187500,0.625000,0.056152,0.077881,-1.021240
IMU,16926909,7.250000,5.562500,0.187500,0.054932,0.080811,-1.019531
IMU,16931910,7.062500,5.312500,0.250000,0.056396,0.078125,-1.018799
IMU,16936907,6.750000,5.562500,0.625000,0.056396,0.076416,-1.019775
IMU,16940911,6.625000,5.875000,0.125000,0.056641,0.077637,-1.020020
IMU,16945907,6.875000,5.750000,0.000000,0.057617,0.078125,-1.020508
IMU,16949910,6.250000,6.187500,0.187500,0.056641,0.075439,-1.020508
IMU,16954909,6.750000,6.000000,-0.687500,0.057373,0.074951,-1.019287
IMU,16958910,6.500000,5.500000,-0.125000,0.057861,0.076416,-1.015625
IMU,16963907,6.562500,5.750000,0.687500,0.057617,0.075439,-1.014404
IMU,16968911,6.375000,5.875000,0.500000,0.056885,0.077148,-1.017334
IMU,16972907,7.562500,5.437500,0.437500,0.057373,0.077637,-1.017578
IMU,16977910,6.750000,6.187500,0.812500,0.056641,0.077637,-1.017090
IMU,16981909,6.500000,6.250000,0.875000,0.056396,0.077637,-1.020508
IMU,16986910,6.437500,6.500000,0.437500,0.055908,0.078369,-1.021484
IMU,16990907,6.437500,6.000000,0.937500,0.056396,0.079834,-1.018066
IMU,16995911,6.687500,5.312500,0.562500,0.055176,0.078125,-1.015869
IMU,16999907,7.187500,5.187500,0.437500,0.053467,0.077148,-1.017578
IMU,17004910,7.062500,5.187500,0.125000,0.052490,0.074707,-1.015625
IMU,17009909,6.437500,5.875000,0.187500,0.052979,0.073975,-1.016602
IMU,17013910,6.250000,5.625000,1.000000,0.052734,0.073975,-1.020996
IMU,17018907,6.062500,5.187500,0.562500,0.054443,0.074219,-1.022461
IMU,17022911,6.125000,5.125000,0.062500,0.054199,0.074951,-1.020996
IMU,17027907,5.562500,5.437500,-0.312500,0.053467,0.073242,-1.019775
IMU,17031910,5.562500,6.500000,-0.312500,0.054688,0.072510,-1.018799
IMU,17036909,6.562500,5.812500,0.125000,0.053955,0.071533,-1.015625
IMU,17041910,6.687500,5.000000,0.375000,0.053467,0.071533,-1.014160
IMU,17045907,6.937500,5.750000,0.125000,0.052490,0.072754,-1.016602
IMU,17050911,7.500000,5.875000,0.000000,0.052734,0.072510,-1.019043
IMU,17054907,6.687500,6.062500,0.875000,0.053223,0.072998,-1.020264
IMU,17059910,6.062500,6.375000,-0.375000,0.052979,0.074951,-1.020264
IMU,17063909,6.500000,6.562500,-0.750000,0.052246,0.074707,-1.019043
IMU,17068910,6.562500,6.500000,0.062500,0.051514,0.074463,-1.019287
IMU,17072907,6.562500,6.250000,0.062500,0.052002,0.074463,-1.019531
IMU,17077911,6.312500,5.187500,-0.062500,0.052490,0.074951,-1.017090
IMU,17082907,6.437500,5.687500,0.500000,0.053467,0.076416,-1.016602
IMU,17086910,6.750000,6.000000,-0.312500,0.054932,0.076660,-1.018799
IMU,17091909,6.250000,6.062500,-0.562500,0.055420,0.075195,-1.020752
IMU,17095910,6.062500,5.875000,0.812500,0.058350,0.070557,-1.021729
IMU,17100907,6.062500,6.500000,0.375000,0.058105,0.073486,-1.020752
IMU,17104911,6.375000,6.125000,-0.187500,0.054443,0.082031,-1.016113
IMU,17109907,6.125000,5.687500,-0.125000,0.052979,0.087891,-1.015381
IMU,17114910,6.562500,6.125000,0.062500,0.052490,0.090332,-1.014404
IMU,17118909,6.687500,5.750000,-0.062500,0.051758,0.090576,-1.011963
IMU,17123910,6.437500,6.125000,0.375000,0.052490,0.087402,-1.017090
IMU,17127907,5.750000,6.375000,0.500000,0.055176,0.081299,-1.021484
IMU,17132911,6.437500,6.062500,-0.125000,0.057129,0.075195,-1.019287
IMU,17136907,7.187500,5.437500,-0.937500,0.059326,0.067627,-1.018799
IMU,17141910,7.000000,5.625000,-0.187500,0.061768,0.061523,-1.020752
IMU,17146909,7.250000,4.875000,0.000000,0.063477,0.059082,-1.024658
IMU,17150910,6.500000,5.625000,0.062500,0.061523,0.057129,-1.025879
IMU,17155907,6.625000,6.000000,-0.250000,0.060547,0.058350,-1.027588
IMU,17159911,6.187500,5.625000,0.375000,0.058105,0.063232,-1.020020
IMU,17164907,5.750000,5.625000,0.562500,0.054443,0.068359,-1.017090
IMU,17168910,6.437500,6.125000,0.312500,0.050781,0.072510,-1.019775
IMU,17173909,6.500000,6.000000,0.562500,0.047119,0.077637,-1.016846
IMU,17177910,6.687500,5.500000,-0.125000,0.044434,0.081299,-1.012207
IMU,17182907,6.500000,6.000000,0.375000,0.041992,0.085449,-1.015381
IMU,17187911,6.062500,5.562500,1.187500,0.041016,0.085693,-1.017090
IMU,17191907,6.125000,6.000000,1.687500,0.041016,0.085938,-1.016113
IMU,17196910,6.062500,6.000000,0.625000,0.042480,0.084473,-1.015869
IMU,17200909,6.250000,6.187500,0.375000,0.045898,0.081055,-1.018311
IMU,17205910,6.437500,6.375000,1.062500,0.048828,0.077148,-1.017822
IMU,17209907,6.500000,6.250000,0.625000,0.052734,0.071533,-1.020020
IMU,17214911,6.062500,7.000000,-0.125000,0.057861,0.068359,-1.021484
IMU,17219907,6.250000,6.375000,0.187500,0.059814,0.065918,-1.019287
IMU,17223910,6.375000,6.187500,-0.125000,0.061523,0.063232,-1.018066
IMU,17228909,6.875000,6.437500,-0.125000,0.062988,0.064941,-1.020752
IMU,17232910,6.375000,6.125000,0.562500,0.062988,0.064941,-1.026611
IMU,17237907,6.687500,6.125000,0.687500,0.061523,0.067383,-1.024658
IMU,17241911,6.875000,6.125000,0.687500,0.058594,0.072754,-1.022705
IMU,17246907,6.250000,5.937500,0.687500,0.057373,0.076904,-1.020508
IMU,17250910,5.937500,5.937500,0.500000,0.055176,0.081055,-1.019043
IMU,17255909,6.125000,5.750000,0.250000,0.053711,0.083984,-1.017090
IMU,17260910,6.062500,6.312500,0.687500,0.052490,0.085938,-1.014648
IMU,17264907,5.937500,6.187500,0.687500,0.054688,0.084473,-1.013672
IMU,17269911,6.062500,6.062500,0.625000,0.054688,0.084717,-1.014404
IMU,17273907,6.125000,6.625000,0.312500,0.054932,0.082764,-1.015869
IMU,17278910,6.125000,6.000000,0.250000,0.054932,0.080566,-1.017578
IMU,17282909,6.000000,5.625000,-0.375000,0.056641,0.080078,-1.016846
IMU,17287910,6.500000,6.500000,-0.250000,0.058105,0.077881,-1.018799
IMU,17292907,6.500000,6.187500,-0.500000,0.058838,0.075684,-1.018555
IMU,17296911,6.500000,6.250000,-0.750000,0.059570,0.075195,-1.018799
IMU,17301907,6.437500,6.250000,-0.062500,0.059326,0.075195,-1.018311
IMU,17305910,6.687500,5.562500,-0.250000,0.059326,0.075439,-1.018799
IMU,17310909,6.937500,5.562500,0.562500,0.059326,0.075195,-1.018311
IMU,17314910,6.875000,5.937500,0.312500,0.058838,0.076172,-1.019775
IMU,17319907,6.687500,5.812500,0.375000,0.057129,0.077881,-1.020020
IMU,17324911,6.687500,5.562500,0.375000,0.057129,0.077881,-1.018066
IMU,17328907,6.687500,6.062500,-0.125000,0.057373,0.078613,-1.015137
IMU,17333910,6.562500,5.687500,0.312500,0.055908,0.079102,-1.013428
IMU,17337909,6.375000,5.750000,0.312500,0.056641,0.078613,-1.013428
IMU,17342910,6.500000,6.062500,1.000000,0.055420,0.077393,-1.017578
IMU,17346907,6.437500,6.375000,0.875000,0.054688,0.076172,-1.020996
IMU,17351911,6.625000,5.750000,0.375000,0.054932,0.075928,-1.020996
IMU,17355907,5.687500,6.000000,-0.312500,0.055420,0.073730,-1.020508
IMU,17360910,6.250000,5.875000,0.000000,0.054443,0.072021,-1.020996
IMU,17365909,6.750000,5.437500,0.250000,0.051758,0.071533,-1.020264
IMU,17369910,6.375000,5.625000,0.625000,0.051270,0.071045,-1.019531
IMU,17374907,6.250000,6.125000,0.937500,0.051514,0.071045,-1.017578
IMU,17378911,6.500000,5.875000,1.250000,0.049561,0.072510,-1.011230
IMU,17383907,7.500000,6.250000,0.437500,0.050049,0.074707,-1.013916
IMU,17387910,7.812500,6.500000,1.375000,0.049805,0.073975,-1.022949
IMU,17392909,7.375000,6.125000,1.437500,0.048340,0.072754,-1.023682
IMU,17397910,7.187500,6.187500,0.625000,0.048828,0.074707,-1.020020
IMU,17401907,7.000000,6.125000,0.187500,0.049072,0.075439,-1.020508
IMU,17406911,7.000000,6.625000,0.250000,0.049072,0.075195,-1.020752
IMU,17410907,6.437500,6.250000,-0.250000,0.051514,0.072754,-1.017578
IMU,17415910,6.187500,5.750000,0.187500,0.053223,0.073730,-1.017334
IMU,17419909,6.562500,6.312500,0.562500,0.053711,0.072266,-1.016357
IMU,17424910,7.250000,5.937500,0.562500,0.054443,0.070557,-1.015869
IMU,17428907,7.000000,5.687500,0.250000,0.055420,0.071045,-1.018066
IMU,17433911,6.812500,5.750000,-0.187500,0.056152,0.072510,-1.019043
IMU,17438907,6.000000,6.312500,-0.250000,0.056152,0.072510,-1.021973
IMU,17442910,6.937500,6.437500,-0.875000,0.056396,0.073975,-1.021484
IMU,17447909,6.937500,5.875000,-0.937500,0.055176,0.075684,-1.019531
IMU,17451910,6.062500,5.187500,-0.812500,0.055664,0.076172,-1.017334
IMU,17456907,6.500000,5.937500,-0.062500,0.054688,0.076904,-1.014648
IMU,17460911,5.937500,5.687500,0.750000,0.055420,0.078857,-1.012207
IMU,17465907,6.000000,5.812500,1.000000,0.056152,0.079102,-1.016357
IMU,17470910,6.437500,5.812500,0.312500,0.056152,0.078125,-1.026855
IMU,17474909,6.562500,6.000000,0.437500,0.056641,0.078125,-1.019775
IMU,17479910,5.812500,5.937500,0.562500,0.056885,0.078125,-1.014893
IMU,17483907,6.000000,5.437500,0.125000,0.055664,0.078857,-1.021240
IMU,17488911,6.062500,5.687500,0.187500,0.055908,0.076660,-1.020508
IMU,17492907,6.625000,5.375000,1.062500,0.057617,0.076416,-1.015381
IMU,17497910,6.937500,5.625000,0.812500,0.056396,0.077148,-1.015137
IMU,17501909,6.375000,5.875000,-0.062500,0.055664,0.076904,-1.015381
IMU,17506910,6.937500,6.375000,-0.312500,0.056396,0.076660,-1.014160
IMU,17511907,7.562500,6.000000,-1.000000,0.057617,0.077393,-1.017090
IMU,17515911,6.562500,6.125000,-0.625000,0.058105,0.075439,-1.022217
IMU,17520907,5.750000,6.000000,-0.375000,0.057861,0.075684,-1.022705
IMU,17524910,6.125000,6.437500,-0.250000,0.056152,0.076172,-1.021240
IMU,17529909,5.937500,5.500000,0.375000,0.056641,0.076904,-1.017822
IMU,17533910,6.125000,5.625000,-0.062500,0.055908,0.077881,-1.010742
IMU,17538907,7.000000,6.687500,-0.312500,0.055664,0.075928,-1.020264
IMU,17543911,6.687500,5.875000,0.375000,0.055908,0.075928,-1.022949
IMU,17547907,6.437500,5.312500,0.250000,0.057129,0.076904,-1.013428
IMU,17552910,6.125000,5.687500,0.562500,0.055176,0.075928,-1.016357
IMU,17556909,5.625000,5.750000,0.437500,0.055420,0.074463,-1.023193
IMU,17561910,5.750000,5.000000,1.000000,0.055664,0.075195,-1.020264
IMU,17565907,6.750000,5.625000,0.437500,0.054688,0.075928,-1.017822
IMU,17570911,6.125000,5.187500,0.625000,0.054199,0.075928,-1.021484
IMU,17575907,6.750000,5.750000,0.312500,0.053955,0.075684,-1.019043
IMU,17579910,7.000000,6.625000,-0.125000,0.053711,0.076416,-1.012451
IMU,17584909,6.437500,5.625000,-0.125000,0.053955,0.074707,-1.015381
IMU,17588910,7.000000,5.562500,0.812500,0.053955,0.076416,-1.015381
IMU,17593907,7.062500,6.000000,1.000000,0.053955,0.076416,-1.016846
IMU,17597911,7.375000,6.187500,0.937500,0.053467,0.076172,-1.020264
IMU,17602907,6.687500,6.312500,-0.250000,0.052734,0.076416,-1.020264
IMU,17606910,6.500000,6.375000,-0.500000,0.052979,0.075195,-1.023926
IMU,17611909,6.625000,6.000000,-0.062500,0.053223,0.074707,-1.020752
IMU,17616910,6.375000,6.312500,0.562500,0.053223,0.074463,-1.018555
IMU,17620907,6.250000,5.937500,1.125000,0.054443,0.072754,-1.020020
IMU,17625911,6.000000,6.562500,0.500000,0.054932,0.071777,-1.018555
IMU,17629907,6.500000,6.562500,0.750000,0.053223,0.072998,-1.018311
IMU,17634910,6.562500,6.000000,0.375000,0.052002,0.073242,-1.015381
IMU,17638909,7.250000,6.062500,-0.437500,0.052490,0.072998,-1.015869
IMU,17643910,7.000000,6.375000,-0.250000,0.055664,0.072754,-1.018066
IMU,17648907,7.062500,6.375000,0.437500,0.053711,0.074707,-1.020264
IMU,17652911,6.187500,6.500000,0.937500,0.052002,0.076660,-1.020508
IMU,17657907,5.937500,6.250000,0.687500,0.052734,0.075928,-1.020508
IMU,17661910,6.375000,5.750000,-0.812500,0.052734,0.076416,-1.018311
IMU,17666909,6.125000,5.937500,-0.687500,0.053223,0.077393,-1.016602
IMU,17670910,6.375000,5.687500,-0.187500,0.052734,0.076904,-1.016602
IMU,17675907,6.750000,5.875000,-0.125000,0.053467,0.078125,-1.018311
IMU,17679911,6.062500,6.000000,0.687500,0.053711,0.077637,-1.017090
IMU,17684907,6.625000,6.687500,0.437500,0.054199,0.076660,-1.016357
IMU,17689910,6.812500,6.687500,0.875000,0.054199,0.074707,-1.022217
IMU,17693909,6.250000,5.937500,0.437500,0.054443,0.074463,-1.018799
IMU,17698910,5.562500,5.812500,-0.312500,0.055176,0.074463,-1.015381
IMU,17702907,6.687500,6.312500,-0.187500,0.053955,0.073975,-1.018799
IMU,17707911,6.750000,5.812500,0.062500,0.055420,0.073975,-1.019287
IMU,17711907,6.062500,6.250000,0.375000,0.056396,0.074707,-1.018311
IMU,17716910,7.000000,6.687500,0.687500,0.056885,0.074951,-1.019531
IMU,17721909,6.937500,5.875000,0.562500,0.057617,0.075195,-1.018311
IMU,17725910,6.500000,5.750000,0.562500,0.058350,0.075928,-1.017090
IMU,17730907,6.375000,6.062500,-0.125000,0.057373,0.076416,-1.018799
IMU,17734911,7.125000,6.375000,-0.312500,0.057373,0.077393,-1.016846
IMU,17739907,7.500000,6.437500,0.437500,0.057129,0.077393,-1.014404
IMU,17743910,7.250000,6.125000,0.937500,0.056152,0.079590,-1.013916
IMU,17748909,7.062500,6.187500,0.937500,0.056396,0.076172,-1.030762
IMU,17753910,5.875000,5.125000,0.375000,0.057373,0.075439,-1.027100
IMU,17757907,5.625000,5.562500,0.500000,0.057129,0.075439,-1.011963
IMU,17762911,6.375000,6.125000,0.375000,0.057861,0.073486,-1.020264
IMU,17766907,6.000000,6.500000,0.875000,0.056152,0.073730,-1.025146
IMU,17771910,6.625000,6.125000,1.500000,0.057617,0.072998,-1.016113
IMU,17775909,6.562500,6.437500,1.062500,0.057373,0.077637,-1.014893
IMU,17780910,7.937500,6.437500,0.937500,0.056885,0.075195,-1.021973
IMU,17784907,7.187500,4.937500,1.250000,0.053467,0.076660,-1.018311
IMU,17789911,6.312500,5.937500,0.687500,0.052002,0.075684,-1.014648
IMU,17794907,6.625000,6.062500,0.500000,0.052979,0.078125,-1.018311
IMU,17798910,5.750000,6.437500,0.437500,0.052979,0.079834,-1.017090
IMU,17803909,6.125000,6.062500,0.000000,0.053955,0.077637,-1.015869
IMU,17807910,6.500000,5.937500,0.437500,0.050537,0.079346,-1.019775
IMU,17812907,6.625000,5.625000,0.625000,0.052490,0.074951,-1.018799
IMU,17816911,6.125000,5.437500,0.875000,0.053467,0.075684,-1.017334
IMU,17821907,7.000000,5.750000,0.250000,0.052246,0.076660,-1.014648
IMU,17826910,7.000000,5.187500,1.000000,0.051270,0.079346,-1.016602
IMU,17830909,7.187500,4.937500,0.062500,0.052734,0.075928,-1.028320
IMU,17835910,6.750000,6.312500,-0.500000,0.054688,0.075928,-1.028320
IMU,17839907,6.437500,6.062500,-0.687500,0.053711,0.072754,-1.021729
IMU,17844911,6.000000,5.812500,-0.937500,0.057617,0.070068,-1.022217
IMU,17848907,6.187500,6.125000,0.250000,0.058105,0.069824,-1.020020
IMU,17853910,6.062500,5.937500,1.187500,0.057617,0.069336,-1.019531
IMU,17857909,5.562500,5.562500,0.750000,0.058350,0.066895,-1.019043
IMU,17862910,5.812500,5.250000,0.687500,0.056885,0.065430,-1.020508
IMU,17867907,6.562500,5.187500,-0.812500,0.054932,0.068604,-1.019287
IMU,17871911,5.812500,6.812500,-0.875000,0.053955,0.068848,-1.017822
IMU,17876907,6.250000,6.437500,-0.187500,0.052979,0.070801,-1.014648
IMU,17880910,6.000000,5.375000,0.562500,0.051270,0.070557,-1.012695
IMU,17885909,6.312500,5.375000,1.562500,0.049561,0.075195,-1.018311
IMU,17889910,5.937500,5.375000,0.812500,0.048584,0.073486,-1.020508
IMU,17894907,6.062500,5.937500,0.312500,0.046631,0.075684,-1.015625
IMU,17899911,7.000000,6.750000,0.500000,0.047119,0.079346,-1.014404
IMU,17903907,6.375000,6.937500,0.312500,0.049316,0.078369,-1.015381
IMU,17908910,6.312500,7.000000,0.375000,0.049072,0.079590,-1.017822
IMU,17912909,6.562500,6.250000,0.625000,0.050781,0.077637,-1.023193
IMU,17917910,6.375000,5.687500,0.625000,0.052490,0.078613,-1.026367
IMU,17921907,6.125000,6.250000,0.000000,0.054443,0.077148,-1.015625
IMU,17926911,6.500000,5.187500,0.187500,0.055664,0.075928,-1.016113
IMU,17930907,6.125000,5.250000,0.000000,0.057617,0.074219,-1.021240
IMU,17935910,6.250000,5.562500,0.312500,0.059814,0.073242,-1.018555
IMU,17940909,5.875000,6.437500,0.250000,0.060059,0.073486,-1.016113
IMU,17944910,6.750000,6.187500,0.250000,0.059570,0.075195,-1.016113
IMU,17949907,6.562500,5.375000,-0.125000,0.059082,0.076660,-1.016357
IMU,17953911,6.125000,5.562500,0.437500,0.060059,0.077393,-1.015625
IMU,17958907,6.187500,5.562500,0.250000,0.058594,0.079346,-1.019043
IMU,17962910,6.750000,6.062500,0.875000,0.058350,0.080566,-1.020508
IMU,17967909,6.000000,5.687500,0.562500,0.058350,0.079834,-1.019287
IMU,17972910,6.125000,5.937500,-0.250000,0.056885,0.080078,-1.016602
IMU,17976907,6.687500,6.375000,0.437500,0.055420,0.080811,-1.017334
IMU,17981911,6.437500,5.562500,0.375000,0.056641,0.080566,-1.016113
IMU,17985907,6.312500,5.375000,-0.312500,0.056641,0.078613,-1.021484
IMU,17990910,6.437500,6.125000,-0.375000,0.056152,0.076416,-1.024414
IMU,17994909,6.000000,5.625000,0.187500,0.057129,0.076660,-1.017822
IMU,17999910,6.062500,6.500000,1.062500,0.057617,0.074951,-1.016113
IMU,18004907,6.312500,5.937500,0.625000,0.056152,0.076172,-1.018311
IMU,18008911,6.437500,5.125000,0.687500,0.055420,0.075928,-1.017822
IMU,18013907,6.625000,4.500000,-0.437500,0.053955,0.075439,-1.016846
IMU,18017910,6.187500,4.750000,0.000000,0.052490,0.074951,-1.018799
IMU,18022909,6.687500,5.687500,0.250000,0.052490,0.075684,-1.017822
IMU,18026910,6.812500,5.625000,0.312500,0.053467,0.075439,-1.015381
IMU,18031907,7.687500,5.187500,0.562500,0.050781,0.074951,-1.015869
IMU,18035911,8.250000,6.500000,0.687500,0.049805,0.074951,-1.019287
IMU,18040907,7.125000,6.062500,1.250000,0.051758,0.074463,-1.020020
IMU,18045910,7.125000,5.687500,0.812500,0.052002,0.071777,-1.017090
IMU,18049909,6.687500,6.187500,-0.125000,0.051270,0.073730,-1.015137
IMU,18054910,7.000000,6.187500,0.875000,0.050781,0.072754,-1.016357
IMU,18058907,6.562500,6.125000,1.187500,0.051270,0.071533,-1.022217
IMU,18063911,7.187500,6.000000,1.125000,0.052246,0.070312,-1.027832
IMU,18067907,6.750000,6.000000,0.562500,0.052246,0.070312,-1.022461
IMU,18072910,6.437500,6.250000,-0.187500,0.052002,0.067871,-1.023193
IMU,18077909,6.250000,5.687500,-0.375000,0.053223,0.067383,-1.025391
IMU,18081910,6.000000,6.312500,0.687500,0.052734,0.070312,-1.020264
IMU,18086907,5.937500,7.250000,0.062500,0.052490,0.071289,-1.018066
IMU,18090911,5.562500,5.875000,0.312500,0.050781,0.074219,-1.017090
IMU,18095907,6.312500,6.125000,-0.062500,0.049561,0.076416,-1.007324
IMU,18099910,7.375000,6.062500,0.312500,0.049805,0.079102,-1.005371
IMU,18104909,6.812500,5.875000,-0.375000,0.052246,0.078613,-1.024414
IMU,18108910,6.062500,6.000000,-0.812500,0.052246,0.082031,-1.027100
IMU,18113907,6.437500,6.437500,0.125000,0.050781,0.082520,-1.012695
IMU,18118911,6.000000,6.250000,0.437500,0.053223,0.081787,-1.020264
IMU,18122907,5.437500,5.562500,-0.375000,0.054688,0.079834,-1.024658
IMU,18127910,5.187500,5.625000,1.312500,0.055176,0.079834,-1.014160
IMU,18131909,6.062500,6.000000,0.437500,0.056152,0.076172,-1.014893
IMU,18136910,6.000000,5.375000,-0.625000,0.058350,0.075195,-1.016602
IMU,18140907,6.562500,5.937500,0.187500,0.059326,0.074463,-1.012451
IMU,18145911,6.937500,6.375000,-0.312500,0.060059,0.072510,-1.013428
IMU,18150907,6.250000,6.125000,-0.375000,0.061035,0.073486,-1.020264
IMU,18154910,6.312500,6.062500,0.875000,0.059814,0.076904,-1.018311
IMU,18159909,6.125000,5.750000,1.062500,0.058594,0.078125,-1.017090
IMU,18163910,6.500000,6.000000,1.125000,0.057373,0.080078,-1.023682
IMU,18168907,6.937500,6.000000,0.500000,0.056885,0.081543,-1.023682
IMU,18172911,6.687500,5.812500,-0.187500,0.055420,0.079834,-1.021484
IMU,18177907,6.000000,5.625000,0.000000,0.056152,0.080078,-1.020264
IMU,18181910,6.187500,5.937500,1.250000,0.055176,0.081299,-1.016113
IMU,18186909,6.562500,6.187500,1.437500,0.055908,0.081543,-1.017578
IMU,18191910,6.500000,5.875000,0.000000,0.056396,0.079102,-1.018555
IMU,18195907,6.875000,5.687500,-0.187500,0.055664,0.077881,-1.016357
IMU,18200911,6.125000,5.312500,0.000000,0.055664,0.077393,-1.014893
IMU,18204907,6.875000,5.437500,0.625000,0.056641,0.077393,-1.014648
IMU,18209910,7.312500,5.500000,0.812500,0.057617,0.076416,-1.015869
IMU,18213909,6.375000,5.625000,0.937500,0.056885,0.077393,-1.017090
IMU,18218910,6.187500,4.937500,0.937500,0.055908,0.076172,-1.019287
IMU,18223907,6.500000,4.687500,0.187500,0.053467,0.075439,-1.017822
IMU,18227911,6.812500,5.000000,-0.375000,0.054199,0.076416,-1.015137
IMU,18232907,7.000000,5.375000,-0.437500,0.053711,0.076660,-1.010254
IMU,18236910,7.500000,5.687500,0.562500,0.053223,0.076416,-1.009033
IMU,18241909,7.250000,5.875000,0.062500,0.053467,0.075928,-1.026611
IMU,18245910,6.562500,5.937500,1.000000,0.053467,0.074219,-1.040771
IMU,18250907,6.625000,6.437500,0.875000,0.054199,0.073486,-1.022949
IMU,18255911,6.187500,6.812500,0.500000,0.054199,0.071777,-1.015869
IMU,18259907,6.187500,5.937500,-0.062500,0.055908,0.070068,-1.024414
IMU,18264910,6.062500,6.250000,-0.062500,0.057617,0.068359,-1.021729
IMU,18268909,6.000000,5.875000,0.312500,0.055908,0.068604,-1.016602
IMU,18273910,5.625000,5.750000,0.812500,0.052002,0.069824,-1.015869
IMU,18277907,5.562500,6.562500,0.187500,0.050537,0.071289,-1.012207
IMU,18282911,6.437500,6.687500,-0.500000,0.050293,0.072754,-1.011230
IMU,18286907,6.625000,5.937500,0.625000,0.049072,0.074463,-1.013428
IMU,18291910,6.562500,5.812500,0.625000,0.047119,0.075928,-1.019531
IMU,18296909,6.500000,6.750000,0.062500,0.046875,0.077393,-1.020752
IMU,18300910,5.625000,6.500000,0.625000,0.046387,0.079346,-1.016602
IMU,18305907,6.187500,6.312500,0.750000,0.046631,0.078613,-1.021484
IMU,18309911,6.375000,6.437500,1.312500,0.048096,0.076660,-1.026123
IMU,18314907,5.937500,6.375000,0.875000,0.049805,0.074951,-1.019043
IMU,18318910,6.000000,7.000000,0.000000,0.051270,0.074463,-1.016113
IMU,18323909,6.250000,6.562500,0.437500,0.051758,0.072021,-1.020752
IMU,18328910,6.437500,5.750000,0.625000,0.053223,0.069824,-1.024414
IMU,18332907,6.812500,5.750000,0.562500,0.054443,0.070312,-1.022949
IMU,18337911,6.437500,5.375000,0.187500,0.056152,0.070068,-1.020508
IMU,18341907,6.375000,5.187500,0.937500,0.057617,0.071533,-1.020996
IMU,18346910,7.625000,5.062500,0.250000,0.057373,0.074463,-1.021729
IMU,18350909,7.125000,5.812500,0.750000,0.056396,0.077148,-1.017334
IMU,18355910,6.312500,5.937500,1.000000,0.056396,0.077881,-1.014160
IMU,18359907,5.250000,6.437500,1.250000,0.055908,0.079590,-1.016602
IMU,18364911,6.000000,6.187500,0.937500,0.055176,0.081543,-1.016602
IMU,18369907,6.937500,5.437500,0.125000,0.055176,0.081543,-1.012451
IMU,18373910,6.187500,5.437500,0.500000,0.054932,0.082520,-1.011719
IMU,18378909,5.937500,6.437500,0.562500,0.056641,0.083496,-1.019775
IMU,18382910,6.625000,5.562500,0.750000,0.057861,0.081299,-1.018799
IMU,18387907,6.250000,5.250000,0.000000,0.057373,0.079834,-1.015869
IMU,18391911,6.250000,5.625000,0.062500,0.057617,0.079590,-1.020508
IMU,18396907,7.062500,5.437500,0.312500,0.058594,0.076904,-1.020996
IMU,18401910,7.062500,5.937500,-0.500000,0.059326,0.075684,-1.017334
IMU,18405909,7.437500,6.250000,0.125000,0.058350,0.074951,-1.018066
IMU,18410910,7.000000,6.000000,0.250000,0.060303,0.074463,-1.022949
IMU,18414907,6.687500,6.125000,0.937500,0.061035,0.075439,-1.017822
IMU,18419911,6.875000,6.187500,0.312500,0.057617,0.076172,-1.014160
IMU,18423907,6.687500,5.937500,0.125000,0.056641,0.076904,-1.016602
IMU,18428910,6.500000,5.125000,-0.187500,0.055664,0.076660,-1.015625
IMU,18433909,6.750000,5.812500,0.062500,0.053955,0.077393,-1.013672
IMU,18437910,6.875000,5.875000,0.812500,0.052246,0.080078,-1.015625
IMU,18442907,6.937500,5.687500,0.500000,0.052734,0.080811,-1.017334
IMU,18446911,7.437500,5.937500,0.125000,0.052979,0.078369,-1.024902
IMU,18451907,6.875000,5.687500,0.250000,0.053955,0.076416,-1.028320
IMU,18455910,6.500000,5.500000,-0.062500,0.052490,0.074707,-1.020508
IMU,18460909,6.812500,5.687500,-0.562500,0.053223,0.072266,-1.018066
IMU,18464910,7.187500,5.625000,-0.250000,0.052979,0.068115,-1.025146
IMU,18469907,6.500000,5.875000,-0.375000,0.054443,0.067871,-1.020020
IMU,18474911,5.812500,5.812500,0.437500,0.053223,0.068848,-1.009277
IMU,18478907,6.500000,5.312500,0.937500,0.051514,0.070557,-1.014648
IMU,18483910,6.437500,5.625000,0.812500,0.051270,0.070801,-1.020996
IMU,18487909,6.562500,5.625000,0.750000,0.051025,0.071045,-1.016357
IMU,18492910,6.812500,5.812500,0.687500,0.050781,0.072266,-1.018799
IMU,18496907,6.875000,6.000000,0.562500,0.049805,0.073242,-1.022705
IMU,18501911,6.875000,6.000000,0.375000,0.048828,0.075928,-1.020752
IMU,18506907,6.812500,6.250000,0.687500,0.048340,0.076904,-1.015137
IMU,18510910,6.875000,6.250000,0.562500,0.048096,0.076660,-1.016113
IMU,18515909,6.937500,6.187500,0.625000,0.047852,0.074463,-1.019775
IMU,18519910,6.937500,6.250000,-0.062500,0.049805,0.073242,-1.022705
IMU,18524907,6.375000,6.187500,0.000000,0.051270,0.072998,-1.021240
IMU,18528911,6.125000,5.625000,0.750000,0.052002,0.073975,-1.021240
IMU,18533907,6.312500,5.687500,0.937500,0.052734,0.072510,-1.024170
IMU,18537910,6.812500,5.625000,0.125000,0.054932,0.071045,-1.016846
IMU,18542909,6.562500,6.500000,-0.312500,0.055664,0.071533,-1.015625
IMU,18547910,6.562500,6.312500,-0.500000,0.055908,0.070801,-1.020996
IMU,18551907,6.312500,5.625000,0.250000,0.055176,0.071533,-1.016602
IMU,18556911,5.750000,5.562500,0.687500,0.056152,0.072266,-1.014893
IMU,18560907,6.687500,5.812500,1.062500,0.056152,0.075195,-1.016602
IMU,18565910,7.062500,6.500000,1.437500,0.056396,0.076660,-1.019775
IMU,18569909,6.500000,6.312500,0.625000,0.055908,0.078857,-1.018311
IMU,18574910,6.125000,5.937500,-0.250000,0.055664,0.082031,-1.016113
IMU,18579907,6.625000,6.500000,0.062500,0.055420,0.081543,-1.017090
IMU,18583911,6.500000,5.937500,0.500000,0.056641,0.081543,-1.018555
IMU,18588907,6.062500,6.250000,0.750000,0.057129,0.081787,-1.015869
IMU,18592910,6.312500,5.687500,1.500000,0.056152,0.082031,-1.014893
IMU,18597909,6.125000,5.312500,0.500000,0.057617,0.080811,-1.016113
IMU,18601910,6.562500,6.250000,0.125000,0.058105,0.080078,-1.019531
IMU,18606907,6.562500,6.250000,-0.812500,0.059814,0.078857,-1.018799
IMU,18610911,6.687500,6.250000,-0.687500,0.058594,0.076660,-1.019043
IMU,18615907,7.625000,6.062500,0.750000,0.060059,0.076416,-1.021240
IMU,18620910,7.437500,5.875000,0.437500,0.059082,0.076660,-1.019287
IMU,18624909,7.187500,5.937500,0.375000,0.058594,0.076172,-1.019287
IMU,18629910,7.062500,6.250000,0.375000,0.057861,0.077148,-1.018555
IMU,18633907,7.187500,5.562500,-0.375000,0.055664,0.076904,-1.018799
IMU,18638911,6.375000,5.250000,0.125000,0.054443,0.077393,-1.018555
IMU,18642907,6.500000,5.500000,0.562500,0.054688,0.076660,-1.017578
IMU,18647910,6.312500,5.625000,0.812500,0.054199,0.076416,-1.018066
IMU,18652909,6.000000,5.875000,0.000000,0.052979,0.076904,-1.017090
IMU,18656910,5.875000,5.125000,0.000000,0.052979,0.075928,-1.017822
IMU,18661907,6.500000,5.375000,1.187500,0.053223,0.074219,-1.016602
IMU,18665911,6.750000,5.687500,-0.375000,0.053467,0.072998,-1.015137
IMU,18670907,6.625000,6.000000,-0.500000,0.051758,0.073242,-1.014648
IMU,18674910,7.187500,6.125000,0.125000,0.051270,0.072998,-1.020508
IMU,18679909,7.562500,6.375000,0.687500,0.052734,0.071533,-1.020752
IMU,18684910,7.187500,6.312500,0.062500,0.051025,0.071777,-1.019043
IMU,18688907,6.750000,6.000000,0.312500,0.051758,0.071289,-1.024902
IMU,18693911,6.375000,6.000000,0.687500,0.051270,0.070801,-1.026123
IMU,18697907,5.875000,6.375000,0.062500,0.049072,0.072266,-1.022705
IMU,18702910,5.625000,6.062500,0.250000,0.050537,0.072754,-1.021484
IMU,18706909,6.250000,5.000000,0.625000,0.052246,0.072510,-1.017090
IMU,18711910,6.062500,5.687500,0.937500,0.050537,0.074951,-1.009766
IMU,18715907,6.062500,6.250000,0.562500,0.051025,0.075439,-1.011719
IMU,18720911,6.812500,6.500000,-0.062500,0.052002,0.074951,-1.024170
IMU,18725907,6.250000,6.625000,-0.812500,0.052490,0.075684,-1.024902
IMU,18729910,6.000000,6.437500,-0.750000,0.052246,0.076416,-1.015137
IMU,18734909,6.125000,6.437500,-1.062500,0.054199,0.076660,-1.020508
IMU,18738910,6.250000,6.187500,-0.375000,0.055664,0.075684,-1.024170
IMU,18743907,6.437500,6.187500,-0.562500,0.056396,0.075439,-1.016846
IMU,18747911,7.062500,6.000000,-0.062500,0.055420,0.075439,-1.015381
IMU,18752907,7.187500,5.687500,1.062500,0.054688,0.075439,-1.016357
IMU,18757910,6.187500,6.187500,0.125000,0.055664,0.075684,-1.014648
IMU,18761909,6.687500,6.437500,0.000000,0.057617,0.075439,-1.013184
IMU,18766910,7.187500,6.562500,-0.625000,0.056641,0.075195,-1.016846
IMU,18770907,6.250000,5.750000,-1.062500,0.056396,0.077881,-1.020508
IMU,18775911,6.312500,5.500000,0.312500,0.055176,0.078369,-1.019287
IMU,18779907,7.187500,4.812500,0.312500,0.055908,0.079102,-1.017822
IMU,18784910,7.062500,5.125000,0.125000,0.054932,0.080566,-1.020508
IMU,18788909,6.187500,5.875000,0.375000,0.055420,0.081299,-1.022217
IMU,18793910,6.875000,5.125000,0.937500,0.056152,0.079590,-1.019043
IMU,18798907,6.937500,5.562500,1.125000,0.055908,0.078857,-1.016357
IMU,18802911,6.250000,6.062500,0.375000,0.055664,0.077881,-1.019287
IMU,18807907,6.125000,5.312500,0.250000,0.056641,0.075439,-1.021240
IMU,18811910,6.937500,5.437500,-0.187500,0.054932,0.076416,-1.018311
IMU,18816909,7.375000,6.187500,0.187500,0.055420,0.075928,-1.017334
IMU,18820910,7.562500,5.812500,0.875000,0.055908,0.074707,-1.017578
IMU,18825907,6.437500,6.375000,1.500000,0.055664,0.074463,-1.019043
IMU,18830911,6.437500,5.312500,0.500000,0.056396,0.074707,-1.021240
IMU,18834907,6.562500,5.375000,0.125000,0.056152,0.073730,-1.022217
IMU,18839910,6.437500,5.937500,-0.562500,0.055176,0.075684,-1.019531
IMU,18843909,6.500000,5.875000,0.187500,0.054199,0.076172,-1.020264
IMU,18848910,6.562500,6.500000,0.750000,0.053711,0.075684,-1.020020
IMU,18852907,7.000000,7.375000,0.875000,0.051514,0.074951,-1.019043
IMU,18857911,6.375000,7.062500,-0.062500,0.051514,0.074707,-1.018311
IMU,18862907,6.250000,5.937500,-0.687500,0.052490,0.074463,-1.015625
IMU,18866910,6.312500,5.812500,-0.250000,0.052246,0.074707,-1.014893
IMU,18871909,6.750000,5.750000,0.437500,0.052979,0.075195,-1.017822
IMU,18875910,7.500000,5.625000,-0.375000,0.051758,0.075684,-1.018555
IMU,18880907,7.812500,6.437500,0.687500,0.052734,0.073975,-1.018799
IMU,18884911,6.875000,5.750000,1.187500,0.052490,0.074219,-1.020264
IMU,18889907,6.687500,5.687500,0.250000,0.053711,0.073975,-1.019775
IMU,18893910,6.562500,5.937500,0.062500,0.052979,0.072510,-1.020020
IMU,18898909,6.250000,5.625000,0.187500,0.052979,0.072998,-1.020264
IMU,18903910,6.062500,5.750000,1.000000,0.054688,0.073242,-1.017578
IMU,18907907,6.000000,5.750000,0.750000,0.052979,0.074219,-1.017822
IMU,18912911,6.312500,6.250000,-0.187500,0.053467,0.074219,-1.018799
IMU,18916907,6.437500,6.187500,0.562500,0.053711,0.074951,-1.020020
IMU,18921910,6.437500,5.687500,0.187500,0.053467,0.076172,-1.018555
IMU,18925909,7.125000,5.312500,-0.562500,0.053223,0.075684,-1.015869
IMU,18930910,6.937500,5.875000,0.437500,0.054688,0.076904,-1.014404
IMU,18935907,6.125000,5.500000,1.000000,0.054199,0.076172,-1.020508
IMU,18939911,6.187500,5.437500,0.562500,0.055908,0.075928,-1.023926
IMU,18944907,6.562500,5.750000,0.625000,0.055664,0.075195,-1.021973
IMU,18948910,6.500000,6.500000,0.312500,0.055664,0.073242,-1.022705
IMU,18953909,6.437500,6.312500,-0.125000,0.056152,0.073730,-1.020752
IMU,18957910,7.000000,6.187500,-0.750000,0.056396,0.072510,-1.018066
IMU,18962907,6.750000,5.625000,0.625000,0.053955,0.073242,-1.017578
IMU,18966911,6.687500,5.687500,0.312500,0.053711,0.073486,-1.016846
IMU,18971907,5.937500,6.062500,0.625000,0.052979,0.074951,-1.014893
IMU,18976910,6.125000,6.187500,1.125000,0.053223,0.075684,-1.015869
IMU,18980909,7.437500,5.812500,0.125000,0.052490,0.077393,-1.016602
IMU,18985910,7.312500,6.000000,-0.312500,0.052002,0.077393,-1.019531
IMU,18989907,7.125000,5.750000,0.500000,0.053223,0.077148,-1.020020
IMU,18994911,7.000000,6.187500,0.125000,0.053223,0.077637,-1.021240
IMU,18998907,7.062500,6.750000,0.437500,0.052979,0.078125,-1.019775
IMU,19003910,5.812500,6.750000,0.437500,0.052490,0.077148,-1.017578
IMU,19008909,6.312500,6.000000,-0.750000,0.053467,0.076660,-1.017090
IMU,19012910,6.500000,6.000000,-0.500000,0.052734,0.074463,-1.017822
IMU,19017907,7.062500,6.125000,0.312500,0.053711,0.072754,-1.019531
IMU,19021911,6.437500,5.750000,0.812500,0.055908,0.073486,-1.020996
IMU,19026907,6.000000,6.687500,0.687500,0.056641,0.073486,-1.020264
IMU,19030910,5.562500,7.125000,0.125000,0.057129,0.074219,-1.018555
IMU,19035909,5.750000,6.812500,1.000000,0.056152,0.074463,-1.015869
IMU,19039910,6.437500,6.750000,0.875000,0.055908,0.074463,-1.021240
IMU,19044907,6.312500,6.812500,0.500000,0.056885,0.074951,-1.025635
IMU,19049911,5.875000,5.625000,0.375000,0.054688,0.076660,-1.015625
IMU,19053907,6.437500,5.562500,0.187500,0.055908,0.078125,-1.016113
IMU,19058910,5.625000,5.687500,0.875000,0.057129,0.077637,-1.023193
IMU,19062909,6.125000,6.437500,0.062500,0.057129,0.077881,-1.018555
IMU,19067910,6.375000,5.750000,0.062500,0.056396,0.078125,-1.014648
IMU,19071907,6.750000,5.750000,-0.500000,0.056396,0.078369,-1.016357
IMU,19076911,7.125000,6.062500,0.187500,0.055664,0.079102,-1.015869
IMU,19081907,6.812500,5.562500,0.750000,0.056152,0.078613,-1.015625
IMU,19085910,6.250000,5.625000,0.500000,0.057129,0.077881,-1.018066
IMU,19090909,6.750000,5.375000,1.250000,0.056396,0.077881,-1.018555
IMU,19094910,7.000000,5.625000,1.062500,0.055176,0.076660,-1.014893
IMU,19099907,6.875000,5.750000,0.187500,0.052979,0.078125,-1.010742
IMU,19103911,6.625000,6.125000,-0.187500,0.052002,0.077881,-1.020508
IMU,19108907,6.812500,6.000000,0.562500,0.054199,0.076904,-1.043457
IMU,19113910,6.312500,5.187500,0.125000,0.055420,0.079102,-1.027100
IMU,19117909,7.125000,6.312500,0.562500,0.056641,0.078369,-0.980957
IMU,19122910,7.500000,6.312500,0.562500,0.054932,0.080322,-1.001953
IMU,19126907,7.437500,6.000000,0.812500,0.057617,0.073975,-1.041992
IMU,19131911,7.062500,5.875000,-0.375000,0.058105,0.072021,-1.025391
IMU,19135907,6.750000,6.875000,-0.375000,0.059814,0.078857,-1.025146
IMU,19140910,6.562500,7.062500,-0.062500,0.056885,0.074707,-1.031494
IMU,19144909,6.062500,5.937500,0.062500,0.062012,0.070801,-1.009766
IMU,19149910,6.000000,6.250000,-0.500000,0.059326,0.073975,-1.005615
IMU,19154907,6.437500,6.187500,0.000000,0.056885,0.069092,-1.015625
IMU,19158911,7.187500,6.000000,0.437500,0.055664,0.070312,-1.013428
IMU,19163907,6.625000,5.687500,-1.062500,0.054199,0.068848,-1.026123
IMU,19167910,6.500000,5.062500,-0.437500,0.051758,0.069336,-1.030029
IMU,19172909,6.812500,4.750000,0.000000,0.049316,0.074219,-1.021484
IMU,19176910,6.875000,5.562500,0.062500,0.049316,0.074951,-1.016357
IMU,19181907,7.500000,6.562500,0.750000,0.047607,0.079834,-1.014404
IMU,19186911,7.125000,6.625000,1.125000,0.047119,0.077637,-1.016602
IMU,19190907,6.250000,5.937500,0.687500,0.044434,0.075928,-1.027100
IMU,19195910,5.937500,6.312500,0.375000,0.046875,0.078857,-1.026367
IMU,19199909,7.187500,5.312500,-0.125000,0.048828,0.076904,-1.009521
IMU,19204910,7.187500,5.312500,0.187500,0.051025,0.074951,-1.009033
IMU,19208907,6.875000,5.375000,-0.062500,0.050293,0.075195,-1.025391
IMU,19213911,5.750000,5.750000,1.125000,0.053711,0.071777,-1.023682
IMU,19217907,6.000000,7.062500,0.875000,0.055176,0.068359,-1.015381
IMU,19222910,5.687500,6.625000,0.500000,0.055664,0.067139,-1.018311
IMU,19227909,6.125000,5.937500,0.125000,0.054199,0.068604,-1.022705
IMU,19231910,6.437500,6.187500,0.000000,0.056641,0.066162,-1.023193
IMU,19236907,6.312500,6.375000,1.375000,0.057373,0.066650,-1.019287
IMU,19240911,6.500000,6.500000,0.812500,0.055908,0.069580,-1.016357
IMU,19245907,6.375000,5.812500,0.062500,0.054688,0.072998,-1.020020
IMU,19249910,6.437500,5.812500,0.250000,0.054443,0.075439,-1.020508
IMU,19254909,5.875000,5.812500,0.187500,0.053711,0.076660,-1.019043
IMU,19259910,6.625000,5.812500,-0.875000,0.052246,0.080078,-1.015137
IMU,19263907,7.375000,5.937500,-0.312500,0.052490,0.079590,-1.014648
IMU,19268911,6.375000,5.562500,0.250000,0.053711,0.079590,-1.015381
IMU,19272907,6.375000,6.500000,0.562500,0.053711,0.082764,-1.015137
IMU,19277910,7.187500,6.500000,0.250000,0.052734,0.084717,-1.012451
IMU,19281909,6.812500,6.312500,0.500000,0.054199,0.082031,-1.022461
IMU,19286910,6.125000,5.625000,0.875000,0.056396,0.077881,-1.034668
IMU,19291907,6.062500,5.875000,-0.437500,0.057129,0.079346,-1.024414
IMU,19295911,5.875000,6.687500,-0.062500,0.058105,0.077881,-1.012207
IMU,19300907,5.875000,6.312500,0.437500,0.059814,0.074707,-1.017578
IMU,19304910,6.250000,5.625000,0.937500,0.059814,0.075439,-1.019775
IMU,19309909,5.812500,6.062500,0.875000,0.060547,0.076660,-1.016846
IMU,19313910,5.625000,6.375000,0.312500,0.060303,0.073975,-1.017334
IMU,19318907,5.812500,6.000000,-0.562500,0.058105,0.077393,-1.017334
IMU,19322911,6.937500,5.562500,-0.250000,0.057373,0.079346,-1.011719
IMU,19327907,7.625000,5.687500,-0.062500,0.055908,0.079102,-1.011475
IMU,19332910,7.375000,5.437500,0.937500,0.055664,0.079346,-1.015137
IMU,19336909,7.375000,5.437500,1.187500,0.056152,0.080078,-1.018555
IMU,19341910,7.375000,5.375000,0.250000,0.055176,0.077148,-1.023193
IMU,19345907,6.875000,4.687500,0.437500,0.054688,0.076172,-1.024902
IMU,19350911,6.187500,6.062500,0.062500,0.053711,0.077393,-1.018311
IMU,19354907,5.750000,6.312500,-0.562500,0.054199,0.074463,-1.015381
IMU,19359910,6.687500,5.375000,-1.187500,0.054199,0.072510,-1.016357
IMU,19364909,6.312500,5.625000,-0.250000,0.052490,0.072998,-1.017822
IMU,19368910,6.062500,5.750000,0.875000,0.052490,0.072754,-1.019531
IMU,19373907,6.312500,6.000000,0.625000,0.053223,0.071045,-1.019775
IMU,19377911,6.312500,6.062500,0.562500,0.051514,0.072998,-1.016602
IMU,19382907,6.687500,6.125000,-0.687500,0.052246,0.075195,-1.018311
IMU,19386910,6.875000,6.125000,-0.125000,0.052979,0.074707,-1.018311
IMU,19391909,7.187500,5.375000,0.562500,0.051758,0.075439,-1.017090
IMU,19395910,7.687500,5.187500,0.500000,0.049561,0.076172,-1.019531
IMU,19400907,6.750000,5.625000,0.625000,0.052002,0.075195,-1.021240
IMU,19405911,7.187500,5.750000,-0.312500,0.052490,0.075439,-1.022217
IMU,19409907,6.500000,5.750000,0.250000,0.050781,0.077393,-1.020508
IMU,19414910,5.875000,5.187500,0.750000,0.051758,0.073975,-1.021240
IMU,19418909,5.500000,4.937500,-0.687500,0.053467,0.071533,-1.020996
IMU,19423910,5.937500,5.875000,-0.937500,0.052002,0.072754,-1.018799
IMU,19427907,6.375000,6.125000,-0.500000,0.051270,0.072998,-1.016846
IMU,19432911,6.375000,6.312500,0.062500,0.054199,0.071777,-1.018555
IMU,19437907,6.250000,5.937500,0.437500,0.052979,0.073486,-1.020996
IMU,19441910,6.375000,6.000000,0.687500,0.052734,0.073242,-1.016357
IMU,19446909,5.562500,5.562500,0.062500,0.054443,0.072021,-1.014893
IMU,19450910,5.437500,5.375000,0.750000,0.054199,0.072998,-1.020264
IMU,19455907,6.000000,6.125000,0.562500,0.054199,0.074463,-1.021240
IMU,19459911,6.437500,6.250000,0.937500,0.054932,0.074951,-1.019287
IMU,19464907,7.312500,6.062500,0.562500,0.054688,0.076416,-1.019531
IMU,19468910,7.125000,5.687500,0.187500,0.052734,0.077637,-1.017822
IMU,19473909,7.125000,5.937500,0.937500,0.053955,0.078125,-1.016113
IMU,19478910,7.375000,5.500000,0.812500,0.053223,0.078125,-1.018799
IMU,19482907,6.375000,5.687500,-0.125000,0.052490,0.079834,-1.020264
IMU,19487911,6.062500,6.750000,-0.562500,0.053955,0.079834,-1.017578
IMU,19491907,6.062500,5.937500,-0.875000,0.052490,0.078369,-1.014648
IMU,19496910,6.375000,6.250000,-0.500000,0.051270,0.077881,-1.012695
IMU,19500909,6.062500,6.500000,0.125000,0.052734,0.078369,-1.013672
IMU,19505910,6.562500,6.437500,0.625000,0.054688,0.073486,-1.030518
IMU,19510907,5.937500,5.875000,1.312500,0.058105,0.072998,-1.030273
IMU,19514911,6.187500,5.562500,0.187500,0.057617,0.073975,-1.013672
IMU,19519907,6.562500,5.937500,0.250000,0.058105,0.071533,-1.020264
IMU,19523910,6.437500,6.312500,0.250000,0.058838,0.070312,-1.023682
IMU,19528909,6.500000,6.562500,-0.187500,0.057373,0.072021,-1.014160
IMU,19532910,6.375000,6.000000,0.375000,0.055176,0.071533,-1.013184
IMU,19537907,6.125000,5.562500,-0.187500,0.054932,0.072510,-1.017578
IMU,19542911,7.187500,6.437500,-1.062500,0.053711,0.076904,-1.014160
IMU,19546907,6.812500,6.312500,0.875000,0.052490,0.079346,-1.012207
IMU,19551910,6.687500,6.062500,0.687500,0.051270,0.078369,-1.018066
IMU,19555909,6.875000,6.312500,0.625000,0.050781,0.079590,-1.024902
IMU,19560910,6.625000,5.687500,0.750000,0.051025,0.081299,-1.022461
IMU,19564907,6.625000,6.312500,0.500000,0.052002,0.080566,-1.012207
IMU,19569911,5.937500,6.937500,0.937500,0.053955,0.076904,-1.016602
IMU,19573907,6.187500,5.687500,0.312500,0.055664,0.077393,-1.019287
IMU,19578910,6.687500,5.937500,-0.125000,0.055420,0.075684,-1.013184
IMU,19583909,6.687500,6.562500,0.437500,0.057373,0.072998,-1.017334
IMU,19587910,6.312500,5.937500,0.750000,0.056885,0.074951,-1.023438
IMU,19592907,5.812500,5.437500,0.375000,0.056885,0.074219,-1.018311
IMU,19596911,6.125000,5.500000,-0.062500,0.056396,0.073975,-1.016113
IMU,19601907,6.437500,5.500000,0.250000,0.056885,0.075684,-1.019531
IMU,19605910,6.500000,6.125000,0.187500,0.056641,0.074707,-1.019287
IMU,19610909,6.375000,5.875000,0.125000,0.055908,0.074951,-1.014893
IMU,19615910,6.250000,6.125000,0.687500,0.053955,0.076904,-1.018555
IMU,19619907,6.812500,6.125000,0.375000,0.054688,0.078125,-1.020752
IMU,19624911,7.375000,5.750000,0.312500,0.054199,0.078613,-1.014404
IMU,19628907,7.062500,5.687500,0.187500,0.053223,0.076660,-1.015381
IMU,19633910,6.375000,5.812500,-0.125000,0.052979,0.077148,-1.021484
IMU,19637909,6.562500,6.187500,-0.250000,0.052490,0.076660,-1.020752
IMU,19642910,6.562500,6.375000,-0.500000,0.053711,0.076172,-1.017822
IMU,19646907,6.875000,5.812500,0.250000,0.053223,0.076172,-1.019043
IMU,19651911,6.625000,6.062500,0.500000,0.055908,0.073975,-1.023193
IMU,19656907,6.687500,5.812500,0.000000,0.055664,0.072998,-1.021240
IMU,19660910,6.500000,5.625000,0.250000,0.054443,0.072998,-1.016846
IMU,19665909,6.687500,6.375000,0.250000,0.053467,0.072021,-1.019531
IMU,19669910,6.562500,6.187500,-0.125000,0.054199,0.071533,-1.020752
IMU,19674907,6.875000,6.125000,-0.250000,0.053223,0.073486,-1.017822
IMU,19678911,6.937500,6.250000,-0.187500,0.052734,0.074219,-1.017578
IMU,19683907,6.187500,5.687500,0.500000,0.052002,0.075928,-1.020996
IMU,19688910,6.437500,5.812500,0.500000,0.051025,0.076904,-1.021240
IMU,19692909,6.437500,5.687500,0.000000,0.050781,0.076660,-1.018311
IMU,19697910,6.750000,5.687500,0.562500,0.051025,0.077148,-1.015869
IMU,19701907,7.125000,6.187500,0.250000,0.051514,0.078613,-1.015137
IMU,19706911,6.937500,5.937500,0.187500,0.052246,0.078857,-1.020020
IMU,19710907,6.125000,5.625000,0.437500,0.053467,0.078125,-1.015381
IMU,19715910,7.062500,5.687500,0.375000,0.052002,0.076660,-1.015869
IMU,19719909,6.687500,5.750000,0.375000,0.054443,0.074951,-1.026123
IMU,19724910,7.125000,6.062500,0.562500,0.056396,0.073975,-1.021240
IMU,19729907,7.625000,6.375000,0.000000,0.056641,0.072266,-1.019043
IMU,19733911,6.875000,6.062500,-0.250000,0.057129,0.071777,-1.022217
IMU,19738907,6.187500,6.187500,-0.875000,0.058350,0.072998,-1.021240
IMU,19742910,6.125000,5.812500,-0.562500,0.056885,0.073242,-1.018799
IMU,19747909,6.375000,5.312500,-0.062500,0.055420,0.073486,-1.015625
IMU,19751910,6.125000,5.687500,0.187500,0.055908,0.075195,-1.017334
IMU,19756907,6.125000,6.312500,0.500000,0.054443,0.075439,-1.017334
IMU,19761911,6.312500,6.125000,1.000000,0.051758,0.075439,-1.016357
IMU,19765907,6.250000,5.625000,1.125000,0.051758,0.078369,-1.018066
IMU,19770910,6.312500,5.812500,0.000000,0.051758,0.079590,-1.021240
IMU,19774909,6.000000,6.437500,0.250000,0.051758,0.079346,-1.016846
IMU,19779910,6.750000,6.125000,0.187500,0.050537,0.078125,-1.016357
IMU,19783907,7.625000,5.437500,0.000000,0.052002,0.076904,-1.022217
IMU,19788911,6.312500,6.125000,0.000000,0.052490,0.075195,-1.021240
IMU,19793907,6.875000,5.937500,0.125000,0.052979,0.073975,-1.016846
IMU,19797910,6.875000,5.937500,-0.125000,0.055176,0.072021,-1.020020
IMU,19802909,6.187500,6.312500,-0.062500,0.054932,0.071777,-1.023193
IMU,19806910,6.187500,6.562500,0.625000,0.055908,0.071533,-1.020264
IMU,19811907,6.687500,6.250000,1.500000,0.055420,0.071777,-1.017334
IMU,19815911,7.125000,6.750000,0.812500,0.053223,0.073242,-1.018066
